{"type":"FeatureCollection","features":[{"type":"Feature","properties":{"census":"17110800040","color":10,"Linenum":4,"12H_trf":21445,"24H_trf":28780,"konz":0.46,"speed_ME":82.8,"speed_DT":86.9},"geometry":{"type":"MultiLineString","coordinates":[[[136.59094,36.55903],[136.59104,36.5591],[136.59167,36.55955],[136.59269,36.56027],[136.59428,36.5615]],[[136.59104,36.55894],[136.59114,36.55901],[136.59271,36.56013],[136.59442,36.56143]],[[136.58335,36.55469],[136.58412,36.55507],[136.58525,36.55563],[136.58662,36.55638],[136.58752,36.55688],[136.58854,36.55748],[136.58946,36.55804],[136.59016,36.55852],[136.5904,36.55868],[136.59083,36.55896],[136.59094,36.55903]],[[136.58203,36.55396],[136.58221,36.55404],[136.58374,36.55475],[136.58523,36.5555],[136.58668,36.55628],[136.58871,36.55745],[136.58952,36.55794],[136.59019,36.55839],[136.59045,36.55855],[136.59094,36.55887],[136.59104,36.55894]],[[136.58203,36.55409],[136.58213,36.55413],[136.58335,36.55469]]]}},{"type":"Feature","properties":{"census":"17110800045","color":10,"Linenum":4,"12H_trf":21445,"24H_trf":28780,"konz":0.46,"speed_ME":86.0,"speed_DT":89.1},"geometry":{"type":"MultiLineString","coordinates":[[[136.5801,36.55324],[136.57996,36.55319]],[[136.57996,36.55319],[136.5794,36.55298]],[[136.58007,36.5531],[136.57995,36.55305]],[[136.57995,36.55305],[136.57905,36.5527]]]}},{"type":"Feature","properties":{"census":"17110800050","color":10,"Linenum":4,"12H_trf":22107,"24H_trf":29631,"konz":0.47,"speed_ME":89.3,"speed_DT":90.5},"geometry":{"type":"MultiLineString","coordinates":[[[136.55651,36.54802],[136.55689,36.54807],[136.55918,36.54843],[136.56132,36.5487],[136.56271,36.54885],[136.56445,36.54908],[136.56605,36.54933],[136.56752,36.54958],[136.56863,36.54979],[136.56901,36.54988],[136.57008,36.55011],[136.57138,36.55041],[136.57302,36.55084],[136.57412,36.55116],[136.57525,36.55151],[136.57667,36.55197],[136.5778,36.55238],[136.5794,36.55298]],[[136.57661,36.55182],[136.57785,36.55225],[136.57905,36.5527]],[[136.55652,36.54788],[136.55689,36.54795],[136.55921,36.54829],[136.56266,36.54872],[136.56478,36.54901],[136.56605,36.54919],[136.56762,36.54948],[136.56877,36.54971],[136.57139,36.55031],[136.57304,36.55073],[136.5742,36.55106],[136.57531,36.55139],[136.57661,36.55182]],[[136.53809,36.54204],[136.53895,36.5425],[136.54055,36.54328],[136.54173,36.54381],[136.54269,36.54421],[136.5437,36.54463],[136.54414,36.5448],[136.54472,36.54502],[136.54551,36.5453],[136.54652,36.54565],[136.54861,36.54631],[136.54965,36.54659],[136.55134,36.54701],[136.5522,36.54722],[136.55284,36.54736],[136.55375,36.54754],[136.55488,36.54777],[136.55622,36.54799],[136.55651,36.54802]],[[136.53809,36.54187],[136.53919,36.54244],[136.54064,36.54313],[136.54174,36.54364],[136.5427,36.54405],[136.54379,36.54448],[136.54423,36.54468],[136.54519,36.54501],[136.54664,36.54552],[136.54862,36.54614],[136.54974,36.54645],[136.55134,36.54686],[136.55229,36.54709],[136.55293,36.54722],[136.554,36.54745],[136.5552,36.54766],[136.55622,36.54783],[136.55652,36.54788]]]}},{"type":"Feature","properties":{"census":"17110800030","color":10,"Linenum":4,"12H_trf":16802,"24H_trf":23484,"konz":0.35,"speed_ME":71.3,"speed_DT":76.9},"geometry":{"type":"MultiLineString","coordinates":[[[136.66992,36.60621],[136.67014,36.60628],[136.67096,36.60652]],[[136.66992,36.60608],[136.67038,36.60623],[136.67101,36.60641]]]}},{"type":"Feature","properties":{"census":"17110800010","color":10,"Linenum":4,"12H_trf":20345,"24H_trf":28306,"konz":0.53,"speed_ME":87.1,"speed_DT":88.1},"geometry":{"type":"MultiLineString","coordinates":[[[136.77427,36.59789],[136.77381,36.59781],[136.77328,36.59774],[136.77233,36.5977],[136.77184,36.59767],[136.77141,36.59762],[136.77103,36.59757],[136.77065,36.5975],[136.77019,36.5974],[136.7696,36.59723],[136.76883,36.597],[136.76809,36.59677],[136.76775,36.59667],[136.76714,36.5965],[136.76653,36.59635],[136.76595,36.59622],[136.76529,36.59611],[136.76464,36.59603],[136.76427,36.59599],[136.76375,36.59598],[136.76288,36.59597],[136.76203,36.59598],[136.76139,36.59604],[136.76066,36.59611],[136.75977,36.59626],[136.75902,36.59643],[136.75781,36.5967]],[[136.77332,36.59789],[136.77324,36.59788],[136.7723,36.59783],[136.77175,36.5978],[136.77135,36.59776],[136.77067,36.59766],[136.77015,36.59755],[136.76946,36.59737],[136.76885,36.59717],[136.76803,36.59692],[136.76768,36.59682],[136.76699,36.59662],[136.7665,36.5965],[136.76592,36.59639],[136.76526,36.59629],[136.7647,36.59622],[136.7642,36.59617],[136.76372,36.59617],[136.76282,36.59616],[136.76198,36.59622],[136.7616,36.59627],[136.76136,36.5963],[136.76067,36.59642],[136.75991,36.59661],[136.75863,36.59695],[136.75796,36.59712],[136.75781,36.59715]]]}},{"type":"Feature","properties":{"census":"17110800020","color":10,"Linenum":4,"12H_trf":18790,"24H_trf":26177,"konz":0.37,"speed_ME":88.6,"speed_DT":89.8},"geometry":{"type":"MultiLineString","coordinates":[[[136.70063,36.60825],[136.70018,36.60833],[136.69913,36.6085],[136.69818,36.60864],[136.69672,36.60882],[136.69543,36.60893],[136.69403,36.60903],[136.6928,36.60909],[136.69135,36.60913],[136.68883,36.60912],[136.68747,36.60904],[136.68699,36.60901]],[[136.7007,36.60811],[136.70021,36.6082],[136.6991,36.60839],[136.69817,36.60853],[136.69669,36.60871],[136.69542,36.60882],[136.69394,36.60893],[136.69263,36.60899],[136.69128,36.60903],[136.68883,36.60899],[136.68747,36.60891],[136.68688,36.60887]],[[136.68699,36.60901],[136.68633,36.60897],[136.68613,36.60896],[136.68564,36.60891],[136.68465,36.60882],[136.68256,36.6086],[136.67966,36.60823],[136.67734,36.60786],[136.67659,36.60773],[136.67488,36.60741],[136.67364,36.60716]],[[136.68688,36.60887],[136.68622,36.60883],[136.686,36.60882],[136.68549,36.60877],[136.68457,36.60869],[136.6833,36.60858],[136.68256,36.60849],[136.68173,36.60839],[136.68114,36.60831],[136.6797,36.60813],[136.67758,36.60778],[136.67665,36.60762],[136.67497,36.60732],[136.6736,36.60703],[136.67336,36.60698]],[[136.70401,36.60753],[136.70386,36.60757],[136.70337,36.60767],[136.70226,36.60792],[136.70107,36.60817],[136.70063,36.60825]],[[136.70392,36.60742],[136.7038,36.60745],[136.70337,36.60755],[136.70242,36.60776],[136.70125,36.60801],[136.7007,36.60811]],[[136.70409,36.60751],[136.70401,36.60753]],[[136.70807,36.60657],[136.70712,36.60678],[136.70691,36.60683],[136.70654,36.60692],[136.70596,36.60706],[136.70505,36.60728],[136.7049,36.60732],[136.70447,36.60742],[136.70425,36.60747],[136.70409,36.60751]],[[136.70402,36.6074],[136.70392,36.60742]],[[136.708,36.60646],[136.7072,36.60663],[136.707,36.60668],[136.70654,36.60678],[136.70595,36.60694],[136.7052,36.60713],[136.70505,36.60716],[136.70485,36.60721],[136.70419,36.60736],[136.70402,36.6074]],[[136.67364,36.60716],[136.67351,36.60713],[136.6722,36.60683],[136.67096,36.60652]],[[136.67336,36.60698],[136.67224,36.60672],[136.67101,36.60641]]]}},{"type":"Feature","properties":{"census":"16110800290","color":10,"Linenum":4,"12H_trf":20345,"24H_trf":28306,"konz":0.53,"speed_ME":68.5,"speed_DT":76.7},"geometry":{"type":"MultiLineString","coordinates":[[[136.80608,36.60777],[136.80741,36.60817],[136.80793,36.60836],[136.80845,36.6086],[136.80889,36.60886],[136.80932,36.60915],[136.80983,36.60955],[136.81111,36.61083],[136.81153,36.61126],[136.8119,36.6116],[136.81266,36.61223]],[[136.80606,36.60763],[136.80746,36.60805],[136.80804,36.60826],[136.80853,36.60849],[136.809,36.60876],[136.80937,36.609],[136.80983,36.60937],[136.81015,36.60967],[136.81044,36.60996],[136.81129,36.61078],[136.81167,36.61119],[136.81207,36.61154],[136.81257,36.61199]],[[136.80176,36.60515],[136.80189,36.60524],[136.80403,36.60683],[136.8043,36.60701],[136.80465,36.60721],[136.805,36.60737],[136.8054,36.60754],[136.8058,36.60768],[136.80608,36.60777]],[[136.80176,36.60497],[136.80201,36.60514],[136.80407,36.60668],[136.80439,36.6069],[136.80474,36.60709],[136.80513,36.60728],[136.80551,36.60743],[136.80584,36.60756],[136.80606,36.60763]]]}},{"type":"Feature","properties":{"census":"16110800280","color":10,"Linenum":4,"12H_trf":20345,"24H_trf":28306,"konz":0.53,"speed_ME":71.3,"speed_DT":86.0},"geometry":{"type":"MultiLineString","coordinates":[[[136.81266,36.61223],[136.81326,36.61268],[136.81372,36.61297],[136.81413,36.61321],[136.81474,36.61354],[136.81553,36.61392],[136.81642,36.61431],[136.81781,36.61489],[136.8189,36.61536],[136.81944,36.61559],[136.82005,36.61591],[136.82089,36.6164],[136.82141,36.61672],[136.82179,36.61698],[136.82228,36.61733],[136.82273,36.6177],[136.8231,36.61802],[136.82348,36.61838],[136.82406,36.61893],[136.82443,36.61935],[136.82554,36.62052],[136.82603,36.62097],[136.82643,36.62131],[136.82682,36.62163],[136.82733,36.62201],[136.82775,36.62231],[136.8283,36.62263],[136.8289,36.62294],[136.8296,36.62327],[136.83061,36.62366],[136.83172,36.62406],[136.8321,36.62421],[136.83294,36.62454],[136.83348,36.62477],[136.83396,36.625],[136.83476,36.6254],[136.83549,36.62584],[136.83641,36.62642],[136.83775,36.6273],[136.83879,36.62795],[136.83927,36.62825],[136.83992,36.62859],[136.84075,36.62901],[136.84156,36.62934],[136.84245,36.62963],[136.8431,36.62982],[136.84376,36.62999],[136.84463,36.63016],[136.84542,36.63026],[136.8457,36.63028]],[[136.81257,36.61199],[136.81332,36.61255],[136.81387,36.6129],[136.8142,36.6131],[136.81475,36.61339],[136.81556,36.61378],[136.81662,36.61425],[136.81793,36.61479],[136.81898,36.61525],[136.81947,36.61546],[136.82017,36.61582],[136.82093,36.61627],[136.8215,36.61663],[136.82188,36.61688],[136.82222,36.61712],[136.82266,36.61745],[136.82334,36.61804],[136.82392,36.61858],[136.82424,36.61888],[136.82452,36.6192],[136.82566,36.62041],[136.82615,36.62087],[136.82658,36.62123],[136.82702,36.62158],[136.82759,36.62198],[136.82817,36.62233],[136.8287,36.62263],[136.82908,36.62285],[136.82966,36.62313],[136.83067,36.62354],[136.8318,36.62396],[136.83216,36.62409],[136.83302,36.62443],[136.83355,36.62466],[136.83406,36.62489],[136.83491,36.62536],[136.83578,36.62588],[136.8365,36.62634],[136.83784,36.62723],[136.83886,36.62786],[136.83947,36.62821],[136.84013,36.62858],[136.84088,36.62894],[136.84169,36.62926],[136.8423,36.62947],[136.84292,36.62966],[136.84376,36.62987],[136.84466,36.63004],[136.84544,36.63015],[136.8457,36.63017]]]}},{"type":"Feature","properties":{"census":"17300080320","color":31,"Linenum":5,"12H_trf":36049,"24H_trf":47490,"konz":1.45,"speed_ME":17.6,"speed_DT":27.7},"geometry":{"type":"MultiLineString","coordinates":[[[136.58329,36.52433],[136.58335,36.5244]],[[136.58345,36.52421],[136.58358,36.52433]],[[136.58203,36.52321],[136.58209,36.52327],[136.58242,36.52358],[136.58285,36.52396],[136.58329,36.52433]],[[136.58203,36.52298],[136.58224,36.52319],[136.58296,36.52382],[136.5832,36.52403],[136.58345,36.52421]]]}},{"type":"Feature","properties":{"census":"17300080330","color":31,"Linenum":5,"12H_trf":36049,"24H_trf":47490,"konz":1.45,"speed_ME":19.0,"speed_DT":25.9},"geometry":{"type":"MultiLineString","coordinates":[[[136.57493,36.51589],[136.57546,36.51637],[136.57647,36.51735],[136.57723,36.51813],[136.57817,36.51913],[136.57902,36.52004],[136.57937,36.52042],[136.57969,36.52081],[136.58052,36.5217]],[[136.57505,36.51576],[136.57566,36.51631],[136.57661,36.51724],[136.57745,36.51806],[136.57843,36.51916],[136.57969,36.52052],[136.58068,36.52163]]]}},{"type":"Feature","properties":{"census":"17300080340","color":31,"Linenum":5,"12H_trf":36049,"24H_trf":47490,"konz":1.45,"speed_ME":19.3,"speed_DT":25.6},"geometry":{"type":"MultiLineString","coordinates":[[[136.57238,36.51378],[136.57252,36.5139],[136.57345,36.51463],[136.57403,36.51512],[136.57493,36.51589]],[[136.57505,36.51576],[136.57388,36.51477],[136.57258,36.51372]]]}},{"type":"Feature","properties":{"census":"17300080350","color":31,"Linenum":5,"12H_trf":36049,"24H_trf":47490,"konz":1.45,"speed_ME":14.6,"speed_DT":25.6},"geometry":{"type":"MultiLineString","coordinates":[[[136.56896,36.51144],[136.57012,36.51218],[136.57124,36.51294],[136.57238,36.51378]],[[136.56892,36.5112],[136.57025,36.51209],[136.57131,36.51281],[136.57258,36.51372]]]}},{"type":"Feature","properties":{"census":"17300080360","color":31,"Linenum":4,"12H_trf":36049,"24H_trf":47490,"konz":1.65,"speed_ME":14.6,"speed_DT":35.9},"geometry":{"type":"MultiLineString","coordinates":[[[136.55354,36.50655],[136.55497,36.50752],[136.55541,36.50777],[136.5559,36.508],[136.55645,36.50822],[136.55696,36.50837],[136.55747,36.50849],[136.55802,36.50858],[136.55871,36.50866],[136.55958,36.50872],[136.56121,36.50879],[136.56213,36.50886],[136.56291,36.50896],[136.56358,36.50908],[136.56376,36.50912],[136.56428,36.50925],[136.56486,36.50943],[136.56562,36.50974],[136.56614,36.50994],[136.56669,36.51019],[136.56706,36.51038],[136.56748,36.5106],[136.56803,36.5109],[136.56896,36.51144]],[[136.55339,36.50626],[136.5548,36.5072],[136.55517,36.50744],[136.55566,36.50771],[136.55604,36.50789],[136.5565,36.50806],[136.55694,36.5082],[136.55747,36.50834],[136.55798,36.50842],[136.55865,36.50851],[136.55958,36.50858],[136.5612,36.50863],[136.56227,36.50871],[136.563,36.50881],[136.5637,36.50894],[136.56439,36.50912],[136.56509,36.50936],[136.5657,36.50959],[136.5662,36.5098],[136.56706,36.51019],[136.56756,36.51045],[136.56816,36.51078],[136.56892,36.5112]],[[136.55329,36.50639],[136.55354,36.50655]]]}},{"type":"Feature","properties":{"census":"17300080370","color":31,"Linenum":4,"12H_trf":36049,"24H_trf":47490,"konz":1.41,"speed_ME":26.0,"speed_DT":33.3},"geometry":{"type":"MultiLineString","coordinates":[[[136.54634,36.5022],[136.54771,36.50301],[136.5478,36.50306],[136.54911,36.50382],[136.55059,36.50469],[136.55171,36.50535],[136.55313,36.50627],[136.55329,36.50639]],[[136.54655,36.50211],[136.54724,36.50253],[136.54815,36.50306],[136.54924,36.50371],[136.55039,36.5044],[136.55165,36.50515],[136.55203,36.50537],[136.5531,36.50606],[136.55339,36.50626]]]}},{"type":"Feature","properties":{"census":"17300080380","color":31,"Linenum":4,"12H_trf":36049,"24H_trf":47490,"konz":1.41,"speed_ME":31.8,"speed_DT":43.0},"geometry":{"type":"MultiLineString","coordinates":[[[136.54148,36.49933],[136.54205,36.49966],[136.54264,36.5],[136.54277,36.50008],[136.54405,36.50084],[136.54634,36.5022]],[[136.54183,36.49931],[136.54219,36.49954],[136.54298,36.5],[136.54414,36.50069],[136.54515,36.50129],[136.54541,36.50143],[136.54655,36.50211]]]}},{"type":"Feature","properties":{"census":"17300080390","color":31,"Linenum":4,"12H_trf":36049,"24H_trf":47490,"konz":1.41,"speed_ME":35.7,"speed_DT":48.0},"geometry":{"type":"MultiLineString","coordinates":[[[136.53809,36.49777],[136.53845,36.49793],[136.53929,36.49828],[136.53985,36.49853],[136.54045,36.49878],[136.54095,36.49904],[136.54148,36.49933]],[[136.53809,36.49759],[136.53849,36.49776],[136.53866,36.49783],[136.53886,36.49791],[136.53981,36.4983],[136.54048,36.4986],[136.54156,36.49917],[136.54183,36.49931]]]}},{"type":"Feature","properties":{"census":"17300080180","color":31,"Linenum":4,"12H_trf":52442,"24H_trf":69496,"konz":1.2,"speed_ME":46.2,"speed_DT":57.3},"geometry":{"type":"MultiLineString","coordinates":[[[136.63062,36.59153],[136.63077,36.59163]],[[136.62598,36.58795],[136.62637,36.58832],[136.62651,36.58844],[136.62692,36.58879],[136.62756,36.58931],[136.62801,36.58963],[136.62849,36.59],[136.62927,36.5906],[136.63062,36.59153]],[[136.63091,36.59124],[136.63107,36.59135]],[[136.62598,36.58723],[136.62683,36.58803],[136.62692,36.58808],[136.62698,36.58815],[136.62781,36.58883],[136.62799,36.58901],[136.62874,36.58964],[136.62959,36.5903],[136.63019,36.59075],[136.63091,36.59124]]]}},{"type":"Feature","properties":{"census":"17300080190","color":31,"Linenum":4,"12H_trf":52442,"24H_trf":69496,"konz":1.77,"speed_ME":32.5,"speed_DT":39.7},"geometry":{"type":"MultiLineString","coordinates":[[[136.6237,36.58563],[136.62376,36.58569]],[[136.61681,36.57928],[136.61693,36.57939],[136.61752,36.57978],[136.61784,36.58003],[136.61848,36.58054],[136.61887,36.58086],[136.61932,36.58123],[136.61978,36.58167],[136.62065,36.58247],[136.62102,36.58284],[136.62119,36.58303],[136.62137,36.58321],[136.62149,36.58333],[136.62155,36.58342],[136.62204,36.58389],[136.62306,36.58497],[136.62321,36.58512],[136.6237,36.58563]],[[136.62411,36.58542],[136.62416,36.58548]],[[136.61739,36.57904],[136.61798,36.57949],[136.61867,36.58005],[136.61916,36.58046],[136.6196,36.58086],[136.61978,36.58103],[136.62099,36.58217],[136.62135,36.58253],[136.62173,36.58293],[136.62204,36.58324],[136.62213,36.58333],[136.6225,36.58371],[136.62347,36.58475],[136.6236,36.58489],[136.62411,36.58542]]]}},{"type":"Feature","properties":{"census":"17300080200","color":31,"Linenum":6,"12H_trf":52442,"24H_trf":69496,"konz":0.97,"speed_ME":22.4,"speed_DT":28.0},"geometry":{"type":"MultiLineString","coordinates":[[[136.61496,36.57801],[136.616,36.57869],[136.61681,36.57928]],[[136.61722,36.57894],[136.61739,36.57904]],[[136.61584,36.57797],[136.61722,36.57894]]]}},{"type":"Feature","properties":{"census":"17300080210","color":31,"Linenum":4,"12H_trf":52442,"24H_trf":69496,"konz":1.54,"speed_ME":26.8,"speed_DT":42.0},"geometry":{"type":"MultiLineString","coordinates":[[[136.60792,36.57364],[136.60924,36.5745],[136.61038,36.57522],[136.61131,36.57579],[136.61238,36.57642],[136.6127,36.57662],[136.61383,36.57732],[136.61404,36.57744],[136.61496,36.57801]],[[136.61584,36.57797],[136.61459,36.57717],[136.6144,36.57704],[136.61305,36.57623],[136.61275,36.57606],[136.61185,36.57554],[136.61066,36.57482],[136.60968,36.57419],[136.60852,36.57345],[136.60829,36.57329]],[[136.6078,36.57356],[136.60792,36.57364]],[[136.60643,36.57256],[136.60681,36.57284],[136.60765,36.57346],[136.6078,36.57356]],[[136.60829,36.57329],[136.60818,36.57321]],[[136.60818,36.57321],[136.608,36.57308],[136.60718,36.57244],[136.60677,36.57218],[136.6066,36.57204]],[[136.60597,36.57223],[136.60643,36.57256]]]}},{"type":"Feature","properties":{"census":"17300080220","color":31,"Linenum":4,"12H_trf":52442,"24H_trf":69496,"konz":1.54,"speed_ME":19.5,"speed_DT":44.6},"geometry":{"type":"MultiLineString","coordinates":[[[136.6026,36.56934],[136.6033,36.56995],[136.60471,36.57114],[136.60489,36.57133],[136.60562,36.57197],[136.60597,36.57223]],[[136.60287,36.56912],[136.60327,36.56946],[136.60476,36.57068],[136.60501,36.57087],[136.60558,36.57129],[136.60637,36.57187],[136.6066,36.57204]],[[136.60252,36.56927],[136.6026,36.56934]],[[136.60279,36.56905],[136.60287,36.56912]]]}},{"type":"Feature","properties":{"census":"17300080230","color":31,"Linenum":5,"12H_trf":52442,"24H_trf":69496,"konz":0.94,"speed_ME":17.8,"speed_DT":52.4},"geometry":{"type":"MultiLineString","coordinates":[[[136.60252,36.56927],[136.60244,36.5692]],[[136.60244,36.5692],[136.60206,36.56885],[136.60142,36.56823]],[[136.60279,36.56905],[136.6027,36.56896]],[[136.6027,36.56896],[136.60178,36.56809]],[[136.60178,36.56809],[136.60176,36.56807]]]}},{"type":"Feature","properties":{"census":"17300080240","color":31,"Linenum":5,"12H_trf":40301,"24H_trf":54471,"konz":1.15,"speed_ME":12.5,"speed_DT":25.5},"geometry":{"type":"MultiLineString","coordinates":[[[136.59934,36.55492],[136.59925,36.55563],[136.59918,36.5564],[136.59904,36.55747],[136.5989,36.55853],[136.59883,36.55914],[136.59873,36.55977],[136.59858,36.56098],[136.59844,36.56206],[136.59838,36.5626]],[[136.59913,36.55494],[136.59907,36.5556],[136.59906,36.55568],[136.59898,36.55639],[136.59886,36.55744],[136.59872,36.55852],[136.59864,36.55913],[136.59858,36.55975],[136.59843,36.56096],[136.59829,36.56203],[136.59823,36.5626]]]}},{"type":"Feature","properties":{"census":"17300080250","color":31,"Linenum":5,"12H_trf":40301,"24H_trf":54471,"konz":1.23,"speed_ME":12.5,"speed_DT":17.3},"geometry":{"type":"MultiLineString","coordinates":[[[136.59922,36.55413],[136.59913,36.55494]],[[136.59942,36.55414],[136.59934,36.55492]]]}},{"type":"Feature","properties":{"census":"17300080260","color":31,"Linenum":5,"12H_trf":40301,"24H_trf":54471,"konz":1.23,"speed_ME":13.1,"speed_DT":21.9},"geometry":{"type":"MultiLineString","coordinates":[[[136.60032,36.54702],[136.60015,36.54823],[136.60002,36.54949],[136.59988,36.55061],[136.59973,36.55183],[136.59942,36.55414]],[[136.60012,36.54704],[136.59999,36.54813],[136.59983,36.54942],[136.59968,36.5506],[136.59936,36.55309],[136.59922,36.55413]]]}},{"type":"Feature","properties":{"census":"17300080270","color":31,"Linenum":4,"12H_trf":40301,"24H_trf":54471,"konz":1.49,"speed_ME":14.4,"speed_DT":35.7},"geometry":{"type":"MultiLineString","coordinates":[[[136.60012,36.54704],[136.60025,36.54605],[136.60041,36.54452],[136.60044,36.54422],[136.60063,36.54292],[136.60063,36.54283],[136.60065,36.54265]],[[136.60032,36.54702],[136.60044,36.54609],[136.60061,36.54454],[136.60066,36.54422],[136.60079,36.543],[136.60081,36.54292],[136.60084,36.54267]],[[136.60084,36.54267],[136.60093,36.542],[136.60098,36.54166],[136.60099,36.54137],[136.60096,36.54088],[136.6009,36.54044],[136.60089,36.54041],[136.60078,36.54003],[136.6005,36.53942],[136.60046,36.5393],[136.60028,36.53893],[136.60009,36.53863],[136.59877,36.53677],[136.59747,36.53498],[136.59629,36.53339],[136.59556,36.53246],[136.59553,36.53242]],[[136.60065,36.54265],[136.60073,36.54202],[136.60078,36.54166],[136.60079,36.54139],[136.60076,36.54089],[136.60072,36.54049],[136.60069,36.54042],[136.6006,36.54006],[136.60034,36.5395],[136.60025,36.53931],[136.60008,36.53895],[136.59959,36.53824],[136.59892,36.53732],[136.59771,36.53558],[136.59727,36.53496],[136.59637,36.53373],[136.59611,36.5334],[136.59545,36.53256],[136.59532,36.5324]]]}},{"type":"Feature","properties":{"census":"17300080280","color":31,"Linenum":4,"12H_trf":39054,"24H_trf":52013,"konz":0.64,"speed_ME":15.8,"speed_DT":48.6},"geometry":{"type":"MultiLineString","coordinates":[[[136.59065,36.52853],[136.59143,36.52898],[136.59175,36.52916],[136.59197,36.52931],[136.59246,36.52965],[136.59286,36.52993],[136.59327,36.53023],[136.5941,36.53093],[136.59471,36.53151],[136.5951,36.53195],[136.59553,36.53242]],[[136.5906,36.52867],[136.59144,36.52916],[136.59187,36.52943],[136.59242,36.52979],[136.5928,36.53006],[136.59317,36.53034],[136.59399,36.53105],[136.59455,36.53159],[136.5949,36.53195],[136.59532,36.5324]]]}},{"type":"Feature","properties":{"census":"17300080290","color":31,"Linenum":4,"12H_trf":39054,"24H_trf":52013,"konz":0.93,"speed_ME":22.3,"speed_DT":37.0},"geometry":{"type":"MultiLineString","coordinates":[[[136.58833,36.52729],[136.58757,36.5269],[136.58744,36.52685]],[[136.58724,36.5269],[136.5876,36.52707],[136.58803,36.52729]]]}},{"type":"Feature","properties":{"census":"17301570060","color":31,"Linenum":4,"12H_trf":26886,"24H_trf":34414,"konz":1.31,"speed_ME":12.3,"speed_DT":21.0},"geometry":{"type":"LineString","coordinates":[[136.62598,36.54277],[136.62643,36.5431],[136.62677,36.54334],[136.62753,36.54388],[136.62769,36.54398],[136.62781,36.54407]]}},{"type":"Feature","properties":{"census":"17301570070","color":31,"Linenum":4,"12H_trf":26886,"24H_trf":34414,"konz":1.27,"speed_ME":19.7,"speed_DT":37.3},"geometry":{"type":"LineString","coordinates":[[136.61688,36.53619],[136.61801,36.53705],[136.61899,36.53775],[136.61964,36.53823],[136.62048,36.53883],[136.62192,36.53986],[136.62204,36.53994],[136.62235,36.54018],[136.62254,36.54032],[136.62332,36.5409],[136.62355,36.54107],[136.6237,36.54118]]}},{"type":"Feature","properties":{"census":"17301570080","color":31,"Linenum":4,"12H_trf":26886,"24H_trf":34414,"konz":1.36,"speed_ME":18.4,"speed_DT":20.7},"geometry":{"type":"LineString","coordinates":[[136.61485,36.53475],[136.61514,36.53496],[136.61665,36.53605],[136.61688,36.53619]]}},{"type":"Feature","properties":{"census":"17301570090","color":31,"Linenum":4,"12H_trf":22692,"24H_trf":29046,"konz":1.22,"speed_ME":18.7,"speed_DT":20.9},"geometry":{"type":"LineString","coordinates":[[136.61485,36.53475],[136.61378,36.53402],[136.61314,36.53367],[136.6125,36.53342],[136.61192,36.53323],[136.61177,36.53322],[136.61119,36.53314],[136.61067,36.53309],[136.61007,36.53303]]}},{"type":"Feature","properties":{"census":"17301570100","color":31,"Linenum":4,"12H_trf":22692,"24H_trf":29046,"konz":1.08,"speed_ME":19.4,"speed_DT":24.0},"geometry":{"type":"LineString","coordinates":[[136.59562,36.53238],[136.59684,36.53243],[136.59829,36.53238],[136.59852,36.53238],[136.59922,36.53235],[136.59962,36.53233],[136.60069,36.53229],[136.60197,36.53232],[136.60227,36.53234],[136.60241,36.53235],[136.60311,36.5324],[136.60389,36.53248],[136.60557,36.53262],[136.60572,36.53264],[136.60678,36.53273],[136.60734,36.53278],[136.60838,36.53287],[136.60845,36.53288],[136.60905,36.53294],[136.60952,36.53299],[136.61007,36.53303]]}},{"type":"Feature","properties":{"census":"17300080300","color":31,"Linenum":4,"12H_trf":39054,"24H_trf":52013,"konz":0.74,"speed_ME":22.4,"speed_DT":47.3},"geometry":{"type":"MultiLineString","coordinates":[[[136.58573,36.52604],[136.5865,36.52649],[136.58724,36.5269]],[[136.58589,36.52595],[136.58656,36.52634],[136.58744,36.52685]]]}},{"type":"Feature","properties":{"census":"17300080310","color":31,"Linenum":4,"12H_trf":39054,"24H_trf":52013,"konz":1.23,"speed_ME":15.5,"speed_DT":26.6},"geometry":{"type":"MultiLineString","coordinates":[[[136.58345,36.52445],[136.58407,36.52491],[136.58438,36.52514],[136.58459,36.52528],[136.58491,36.52551],[136.58518,36.52569],[136.58564,36.52599],[136.58573,36.52604]],[[136.58358,36.52433],[136.58416,36.52478],[136.5847,36.52517],[136.58589,36.52595]],[[136.58335,36.5244],[136.58345,36.52445]]]}},{"type":"Feature","properties":{"census":"17301570120","color":31,"Linenum":4,"12H_trf":18366,"24H_trf":23205,"konz":0.7,"speed_ME":13.4,"speed_DT":19.5},"geometry":{"type":"MultiLineString","coordinates":[[[136.58865,36.52111],[136.58802,36.52139],[136.58706,36.52184],[136.58656,36.52208],[136.58627,36.52224],[136.58573,36.52252],[136.58541,36.52272],[136.58511,36.52294],[136.5847,36.52328],[136.5843,36.5236],[136.5839,36.52398],[136.58358,36.52433]],[[136.58837,36.52107],[136.58706,36.52165],[136.58653,36.52189],[136.58601,36.52218],[136.5856,36.52241],[136.58531,36.52261],[136.58494,36.52285],[136.58447,36.52325],[136.58399,36.52367],[136.58345,36.52421]]]}},{"type":"Feature","properties":{"census":"17301570130","color":31,"Linenum":4,"12H_trf":18366,"24H_trf":23205,"konz":0.7,"speed_ME":39.3,"speed_DT":46.0},"geometry":{"type":"MultiLineString","coordinates":[[[136.59303,36.5179],[136.59242,36.51864],[136.59211,36.51897],[136.59169,36.51937],[136.59124,36.51972],[136.59112,36.51981],[136.59024,36.52037],[136.58865,36.52111]],[[136.59292,36.51772],[136.59274,36.51798],[136.5924,36.5184],[136.59202,36.5188],[136.59159,36.5192],[136.59111,36.5196],[136.59101,36.51967],[136.59051,36.51999],[136.59024,36.52014],[136.58837,36.52107]]]}},{"type":"Feature","properties":{"census":"17301570140","color":31,"Linenum":4,"12H_trf":18366,"24H_trf":23205,"konz":0.71,"speed_ME":27.6,"speed_DT":29.6},"geometry":{"type":"MultiLineString","coordinates":[[[136.59303,36.5179],[136.5933,36.51748],[136.59349,36.51711],[136.59371,36.51658],[136.5939,36.51603],[136.5941,36.51539]],[[136.59292,36.51772],[136.59309,36.51743],[136.59332,36.51703],[136.59352,36.51653],[136.59365,36.51619],[136.59388,36.51535]]]}},{"type":"Feature","properties":{"census":"17301570150","color":31,"Linenum":4,"12H_trf":18366,"24H_trf":23205,"konz":0.71,"speed_ME":39.7,"speed_DT":43.1},"geometry":{"type":"MultiLineString","coordinates":[[[136.59414,36.51523],[136.5941,36.51539]],[[136.59529,36.50813],[136.59532,36.50889],[136.5953,36.50938],[136.59526,36.50981],[136.59498,36.51101],[136.59451,36.51281],[136.59388,36.51535]],[[136.59547,36.50808],[136.5955,36.50891],[136.59548,36.50938],[136.59544,36.50976],[136.59536,36.51017],[136.59507,36.51143],[136.59472,36.51281],[136.59414,36.51523]]]}},{"type":"Feature","properties":{"census":"17301570160","color":31,"Linenum":4,"12H_trf":18366,"24H_trf":23205,"konz":0.71,"speed_ME":37.5,"speed_DT":38.4},"geometry":{"type":"MultiLineString","coordinates":[[[136.59579,36.50241],[136.59571,36.50306],[136.59562,36.50351],[136.59532,36.50544],[136.59526,36.50613],[136.59524,36.5064],[136.59524,36.50675],[136.59529,36.50813]],[[136.59596,36.50248],[136.5959,36.50306],[136.5958,36.5035],[136.59567,36.5046],[136.59553,36.50544],[136.59547,36.50588],[136.59544,36.50613],[136.59542,36.50645],[136.59542,36.50678],[136.59547,36.50808]]]}},{"type":"Feature","properties":{"census":"17301570170","color":31,"Linenum":4,"12H_trf":18366,"24H_trf":23205,"konz":0.69,"speed_ME":8.2,"speed_DT":19.4},"geometry":{"type":"MultiLineString","coordinates":[[[136.59632,36.49945],[136.59623,36.5],[136.59613,36.50072],[136.59608,36.5011],[136.59596,36.50248]],[[136.59617,36.4994],[136.59614,36.49946],[136.59606,36.5],[136.59596,36.50061],[136.5959,36.50109],[136.59582,36.50185],[136.59579,36.50241]],[[136.5962,36.49923],[136.59617,36.4994]]]}},{"type":"Feature","properties":{"census":"17301570180","color":31,"Linenum":2,"12H_trf":10082,"24H_trf":12703,"konz":0.99,"speed_ME":29.0,"speed_DT":33.2},"geometry":{"type":"LineString","coordinates":[[136.59791,36.49197],[136.59794,36.4919],[136.59819,36.49147],[136.59848,36.49105],[136.59875,36.49054],[136.59892,36.49014],[136.59907,36.48974],[136.59918,36.48943],[136.59925,36.48909],[136.59934,36.4887],[136.59939,36.48821],[136.5995,36.4868],[136.59962,36.48556],[136.59968,36.48515],[136.59971,36.48447]]}},{"type":"Feature","properties":{"census":"17301570190","color":31,"Linenum":2,"12H_trf":10082,"24H_trf":12703,"konz":0.99,"speed_ME":29.2,"speed_DT":31.5},"geometry":{"type":"LineString","coordinates":[[136.60011,36.48079],[136.59996,36.4818],[136.59992,36.48203],[136.59988,36.48255],[136.59971,36.48447]]}},{"type":"Feature","properties":{"census":"17301570200","color":31,"Linenum":2,"12H_trf":10082,"24H_trf":12703,"konz":0.93,"speed_ME":30.7,"speed_DT":37.6},"geometry":{"type":"LineString","coordinates":[[136.60287,36.46704],[136.6026,36.46811],[136.60246,36.46867],[136.60223,36.46961],[136.60218,36.46983],[136.60189,36.47085],[136.60179,36.47114],[136.60151,36.47206],[136.60136,36.47274],[136.60121,36.47338],[136.6011,36.47395],[136.60093,36.47533],[136.60089,36.47597],[136.60072,36.47687],[136.60026,36.47873],[136.60018,36.47925],[136.60017,36.4794],[136.60009,36.48043],[136.60011,36.48079]]}},{"type":"Feature","properties":{"census":"17301570210","color":31,"Linenum":2,"12H_trf":10082,"24H_trf":12703,"konz":0.93,"speed_ME":41.9,"speed_DT":42.1},"geometry":{"type":"LineString","coordinates":[[136.61093,36.45921],[136.61064,36.4596],[136.61032,36.45999],[136.60955,36.46074],[136.60874,36.46143],[136.60804,36.462],[136.60726,36.46255],[136.60682,36.46283],[136.60601,36.46325],[136.60528,36.46367],[136.60462,36.46409],[136.60447,36.46421],[136.60415,36.46453],[136.60388,36.46483],[136.60366,36.4651],[136.60348,36.46541],[136.6033,36.46574],[136.60314,36.46607],[136.60307,36.46625],[136.60301,36.46645],[136.60287,36.46704]]}},{"type":"Feature","properties":{"census":"17301570220","color":31,"Linenum":2,"12H_trf":10082,"24H_trf":12703,"konz":0.93,"speed_ME":41.2,"speed_DT":45.9},"geometry":{"type":"MultiLineString","coordinates":[[[136.62062,36.4509],[136.62043,36.45121],[136.61997,36.45176],[136.61946,36.45238],[136.61894,36.45294],[136.6186,36.45335],[136.61827,36.4537],[136.6177,36.45417],[136.61683,36.45483],[136.61631,36.4552],[136.61595,36.45545],[136.61552,36.45568],[136.61367,36.45651],[136.61341,36.45664]],[[136.62069,36.4508],[136.62062,36.4509]]]}},{"type":"Feature","properties":{"census":"17301570230","color":31,"Linenum":2,"12H_trf":7810,"24H_trf":9841,"konz":0.79,"speed_ME":36.0,"speed_DT":38.4},"geometry":{"type":"LineString","coordinates":[[136.63001,36.43929],[136.63008,36.43959],[136.63013,36.43984],[136.63014,36.44009],[136.63011,36.44034],[136.63004,36.44074],[136.62993,36.44093],[136.62972,36.44125],[136.62949,36.44146],[136.62932,36.4416],[136.62909,36.44176],[136.62871,36.44196],[136.62836,36.44208],[136.62722,36.4424],[136.62701,36.44246],[136.62598,36.44278]]}},{"type":"Feature","properties":{"census":"17300080140","color":31,"Linenum":4,"12H_trf":48852,"24H_trf":64206,"konz":1.32,"speed_ME":25.7,"speed_DT":44.3},"geometry":{"type":"MultiLineString","coordinates":[[[136.66992,36.60643],[136.67001,36.60646]],[[136.66992,36.60591],[136.67004,36.60595]]]}},{"type":"Feature","properties":{"census":"17300080150","color":31,"Linenum":4,"12H_trf":48852,"24H_trf":64206,"konz":1.32,"speed_ME":23.3,"speed_DT":37.2},"geometry":{"type":"LineString","coordinates":[[136.64473,36.5976],[136.64577,36.59788],[136.6458,36.59789]]}},{"type":"Feature","properties":{"census":"17300080160","color":31,"Linenum":6,"12H_trf":48852,"24H_trf":64206,"konz":1.34,"speed_ME":20.3,"speed_DT":30.9},"geometry":{"type":"MultiLineString","coordinates":[[[136.63976,36.59644],[136.6402,36.5966],[136.64258,36.59744],[136.6436,36.59778],[136.64395,36.59789]],[[136.64021,36.59607],[136.64049,36.59621],[136.64111,36.59645],[136.64188,36.59674],[136.64261,36.59697],[136.64365,36.5973],[136.64473,36.5976]]]}},{"type":"Feature","properties":{"census":"17300080170","color":31,"Linenum":6,"12H_trf":48852,"24H_trf":64206,"konz":1.09,"speed_ME":19.3,"speed_DT":34.1},"geometry":{"type":"MultiLineString","coordinates":[[[136.63092,36.59173],[136.63161,36.59219],[136.63225,36.5926],[136.63284,36.59298],[136.63327,36.59324],[136.63409,36.59373],[136.63432,36.59384],[136.63541,36.59442],[136.63675,36.5951],[136.6368,36.59512],[136.63734,36.59539],[136.63829,36.59581],[136.6391,36.59616],[136.63976,36.59644]],[[136.63121,36.59145],[136.6313,36.59151],[136.63229,36.59213],[136.6337,36.59298],[136.63432,36.59334],[136.63472,36.59352],[136.63539,36.59389],[136.63644,36.59443],[136.63699,36.59468],[136.63753,36.59492],[136.63812,36.5952],[136.63847,36.59534],[136.63965,36.59582],[136.64021,36.59607]],[[136.63077,36.59163],[136.63092,36.59173]],[[136.63107,36.59135],[136.63121,36.59145]]]}},{"type":"Feature","properties":{"census":"17301570010","color":31,"Linenum":4,"12H_trf":20468,"24H_trf":26175,"konz":1.31,"speed_ME":11.8,"speed_DT":17.9},"geometry":{"type":"LineString","coordinates":[[136.65366,36.56231],[136.65367,36.5626]]}},{"type":"Feature","properties":{"census":"17301590450","color":31,"Linenum":4,"12H_trf":12485,"24H_trf":15981,"konz":1.04,"speed_ME":17.9,"speed_DT":24.1},"geometry":{"type":"LineString","coordinates":[[136.67758,36.56076],[136.67741,36.56086],[136.67714,36.561],[136.67691,36.5611],[136.67627,36.56136],[136.67491,36.56197],[136.67479,36.56204],[136.67423,36.56229],[136.67398,36.5624],[136.67354,36.5626]]}},{"type":"Feature","properties":{"census":"17301590460","color":31,"Linenum":4,"12H_trf":12485,"24H_trf":15981,"konz":0.74,"speed_ME":14.5,"speed_DT":18.8},"geometry":{"type":"LineString","coordinates":[[136.66338,36.56564],[136.66327,36.56604],[136.66315,36.56652],[136.66313,36.56661],[136.66315,36.56668],[136.66316,36.56675],[136.66321,36.5668],[136.66325,36.56686],[136.66335,36.56692],[136.66344,36.56696],[136.66357,36.56698],[136.66412,36.56705],[136.6642,36.56708],[136.66426,36.56711],[136.66431,36.56714],[136.6644,36.56727],[136.66441,36.56738],[136.6644,36.56757],[136.66432,36.5681],[136.6642,36.56905],[136.66409,36.56972],[136.66402,36.57033],[136.66397,36.57055],[136.66389,36.57099]]}},{"type":"Feature","properties":{"census":"17301590470","color":31,"Linenum":4,"12H_trf":12485,"24H_trf":15981,"konz":0.74,"speed_ME":8.8,"speed_DT":12.4},"geometry":{"type":"LineString","coordinates":[[136.66389,36.57099],[136.66344,36.57102],[136.66287,36.57109],[136.66151,36.57126],[136.66083,36.57133],[136.65982,36.57146],[136.65874,36.57157],[136.65794,36.57173],[136.65701,36.57192],[136.65591,36.57213]]}},{"type":"Feature","properties":{"census":"17301590490","color":31,"Linenum":4,"12H_trf":14535,"24H_trf":18605,"konz":1.19,"speed_ME":17.0,"speed_DT":14.0},"geometry":{"type":"LineString","coordinates":[[136.66389,36.57099],[136.66406,36.57133],[136.66418,36.57159],[136.66428,36.57177],[136.66432,36.57184],[136.66461,36.57231],[136.66464,36.57237],[136.66473,36.57253]]}},{"type":"Feature","properties":{"census":"17301570020","color":31,"Linenum":4,"12H_trf":20468,"24H_trf":26175,"konz":1.31,"speed_ME":8.2,"speed_DT":9.8},"geometry":{"type":"LineString","coordinates":[[136.65207,36.5597],[136.65259,36.56007],[136.653,36.56038],[136.65312,36.56073],[136.65321,36.561],[136.65353,36.56189],[136.65366,36.56231]]}},{"type":"Feature","properties":{"census":"17301570030","color":31,"Linenum":4,"12H_trf":20468,"24H_trf":26175,"konz":1.31,"speed_ME":10.5,"speed_DT":18.0},"geometry":{"type":"LineString","coordinates":[[136.64893,36.55693],[136.64961,36.55791],[136.64978,36.55806],[136.6501,36.55829],[136.65057,36.55859],[136.65073,36.55869],[136.65091,36.55883],[136.65207,36.5597]]}},{"type":"Feature","properties":{"census":"17301570040","color":31,"Linenum":4,"12H_trf":19027,"24H_trf":25496,"konz":1.01,"speed_ME":12.2,"speed_DT":23.0},"geometry":{"type":"LineString","coordinates":[[136.64137,36.54447],[136.64148,36.5446],[136.64177,36.54514],[136.64203,36.54565],[136.64221,36.54604],[136.64227,36.54615],[136.64258,36.54673],[136.64276,36.54707],[136.64311,36.54775],[136.64326,36.54802],[136.64337,36.54826],[136.64359,36.54861],[136.64365,36.54876],[136.64423,36.5499],[136.64429,36.55003],[136.64462,36.55063],[136.64488,36.55105],[136.64496,36.55117],[136.64519,36.55148],[136.64546,36.55193],[136.64561,36.55213],[136.64615,36.55295],[136.64645,36.55336],[136.64668,36.55373],[136.64685,36.55399],[136.64702,36.55423],[136.64752,36.55498],[136.64822,36.55595],[136.64893,36.55693]]}},{"type":"Feature","properties":{"census":"17301570050","color":31,"Linenum":4,"12H_trf":19027,"24H_trf":25496,"konz":1.01,"speed_ME":16.6,"speed_DT":21.5},"geometry":{"type":"LineString","coordinates":[[136.62781,36.54407],[136.62805,36.5441],[136.62946,36.54432],[136.62997,36.54438],[136.63062,36.54442],[136.63098,36.54441],[136.63156,36.5444],[136.63211,36.54438],[136.63249,36.54439],[136.63315,36.5444],[136.63371,36.54441],[136.63431,36.54438],[136.63452,36.54436],[136.63504,36.54433],[136.63525,36.54432],[136.63562,36.54431],[136.63611,36.54432],[136.63734,36.54436],[136.63986,36.54434],[136.64017,36.54435],[136.64076,36.54441],[136.64114,36.54443],[136.64137,36.54447]]}},{"type":"Feature","properties":{"census":"17301570240","color":31,"Linenum":2,"12H_trf":7810,"24H_trf":9841,"konz":0.81,"speed_ME":50.0,"speed_DT":50.3},"geometry":{"type":"LineString","coordinates":[[136.63168,36.43476],[136.63104,36.4352],[136.63084,36.43534],[136.63037,36.43566],[136.63013,36.43589],[136.62996,36.43606],[136.62982,36.43628],[136.6297,36.43652],[136.62964,36.43673],[136.62956,36.43705],[136.62958,36.43733],[136.62961,36.43759],[136.62972,36.43809],[136.62981,36.43845],[136.63001,36.43929]]}},{"type":"Feature","properties":{"census":"17301570250","color":31,"Linenum":2,"12H_trf":7810,"24H_trf":9841,"konz":0.8,"speed_ME":54.9,"speed_DT":50.9},"geometry":{"type":"LineString","coordinates":[[136.63047,36.42831],[136.63058,36.42865],[136.63066,36.42894],[136.63076,36.42923],[136.63098,36.42974],[136.63142,36.43069],[136.63145,36.43074],[136.63232,36.43244],[136.63242,36.43267],[136.63246,36.43284],[136.63251,36.43314],[136.63251,36.43339],[136.63245,36.43362],[136.63237,36.43389],[136.63226,36.4341],[136.63211,36.43432],[136.63197,36.43449],[136.63184,36.43464],[136.63168,36.43476]]}},{"type":"Feature","properties":{"census":"17301570260","color":31,"Linenum":2,"12H_trf":7810,"24H_trf":9841,"konz":0.8,"speed_ME":32.7,"speed_DT":32.8},"geometry":{"type":"LineString","coordinates":[[136.63113,36.42311],[136.63108,36.42347],[136.63099,36.42395],[136.63093,36.42435],[136.63081,36.42487],[136.63066,36.42542],[136.63056,36.42575],[136.6305,36.42609],[136.63044,36.42665],[136.63041,36.42713],[136.6304,36.42734],[136.63041,36.42784],[136.63047,36.42831]]}},{"type":"Feature","properties":{"census":"17301570270","color":31,"Linenum":2,"12H_trf":7810,"24H_trf":9841,"konz":0.74,"speed_ME":25.4,"speed_DT":26.1},"geometry":{"type":"LineString","coordinates":[[136.63121,36.42234],[136.63113,36.42311]]}},{"type":"Feature","properties":{"census":"17301590360","color":31,"Linenum":4,"12H_trf":25866,"24H_trf":32683,"konz":0.49,"speed_ME":70.6,"speed_DT":72.3},"geometry":{"type":"MultiLineString","coordinates":[[[136.71599,36.70018],[136.71563,36.70091],[136.71538,36.70128],[136.71505,36.70179],[136.71435,36.70267],[136.71387,36.70326]],[[136.7158,36.70015],[136.71544,36.70085],[136.7152,36.70125],[136.71493,36.70166],[136.71421,36.7026],[136.71387,36.70302]]]}},{"type":"Feature","properties":{"census":"17300080080","color":31,"Linenum":4,"12H_trf":40953,"24H_trf":51601,"konz":0.81,"speed_ME":64.6,"speed_DT":69.0},"geometry":{"type":"MultiLineString","coordinates":[[[136.71432,36.64789],[136.71387,36.64708]],[[136.71387,36.64667],[136.71447,36.64784]]]}},{"type":"Feature","properties":{"census":"17300080090","color":31,"Linenum":4,"12H_trf":28205,"24H_trf":36949,"konz":0.48,"speed_ME":34.8,"speed_DT":68.1},"geometry":{"type":"MultiLineString","coordinates":[[[136.70127,36.63005],[136.70144,36.63017],[136.70167,36.63032],[136.70203,36.6306],[136.7035,36.63169]],[[136.70296,36.63112],[136.70347,36.63151]],[[136.70118,36.62982],[136.70131,36.62991],[136.70177,36.63023],[136.70214,36.63052],[136.7025,36.63079],[136.70296,36.63112]],[[136.69981,36.62901],[136.70029,36.62937],[136.70106,36.6299],[136.70127,36.63005]],[[136.70017,36.62906],[136.70046,36.62928],[136.70104,36.62971],[136.70118,36.62982]],[[136.69675,36.62659],[136.69702,36.62679],[136.698,36.62747],[136.69856,36.62788],[136.70017,36.62906]],[[136.69661,36.62668],[136.69669,36.62673],[136.69843,36.62797],[136.69981,36.62901]]]}},{"type":"Feature","properties":{"census":"17300080100","color":31,"Linenum":4,"12H_trf":28205,"24H_trf":36949,"konz":0.53,"speed_ME":16.9,"speed_DT":62.8},"geometry":{"type":"MultiLineString","coordinates":[[[136.69661,36.62668],[136.69554,36.62592],[136.69466,36.62527],[136.69344,36.6244],[136.6928,36.62391]],[[136.69675,36.62659],[136.69563,36.62579],[136.69476,36.62516],[136.69359,36.62427],[136.6929,36.6238]]]}},{"type":"Feature","properties":{"census":"17300080110","color":31,"Linenum":4,"12H_trf":36043,"24H_trf":47360,"konz":1.01,"speed_ME":12.7,"speed_DT":32.5},"geometry":{"type":"MultiLineString","coordinates":[[[136.69276,36.62388],[136.6928,36.62391]],[[136.68149,36.61564],[136.68265,36.61655],[136.68329,36.61701],[136.68549,36.61854],[136.68657,36.61936],[136.68779,36.62028],[136.68919,36.62131],[136.69125,36.62277],[136.69272,36.62385],[136.69276,36.62388]],[[136.69287,36.62378],[136.6929,36.6238]],[[136.68167,36.61558],[136.68337,36.61684],[136.68549,36.61834],[136.68565,36.61848],[136.68805,36.62024],[136.68942,36.62124],[136.69135,36.62267],[136.69281,36.62373],[136.69287,36.62378]]]}},{"type":"Feature","properties":{"census":"17300080120","color":31,"Linenum":4,"12H_trf":36043,"24H_trf":47360,"konz":1.01,"speed_ME":19.5,"speed_DT":33.6},"geometry":{"type":"MultiLineString","coordinates":[[[136.67419,36.60777],[136.67429,36.60785],[136.67461,36.60813],[136.67499,36.60853],[136.67509,36.60863],[136.67572,36.60932],[136.6772,36.61117],[136.67804,36.61216],[136.67813,36.61228],[136.67886,36.61317],[136.67929,36.61364],[136.67989,36.61422],[136.68015,36.61446],[136.68149,36.61564]],[[136.6743,36.60765],[136.67477,36.60806],[136.67509,36.60839],[136.67587,36.6092],[136.67737,36.61109],[136.67795,36.61178],[136.67824,36.61214],[136.6786,36.61259],[136.67949,36.61356],[136.68004,36.61411],[136.68167,36.61558]]]}},{"type":"Feature","properties":{"census":"17300080130","color":31,"Linenum":4,"12H_trf":36043,"24H_trf":47360,"konz":0.94,"speed_ME":26.0,"speed_DT":36.0},"geometry":{"type":"MultiLineString","coordinates":[[[136.67001,36.60646],[136.67111,36.60675],[136.67184,36.60695],[136.67282,36.6072],[136.67331,36.60733],[136.67366,36.60747],[136.67395,36.60762],[136.67419,36.60777]],[[136.67364,36.60716],[136.6738,36.60726],[136.67406,36.60747],[136.6743,36.60765]],[[136.67336,36.60698],[136.67364,36.60716]],[[136.67004,36.60595],[136.67104,36.60625],[136.67183,36.60645],[136.67261,36.60665],[136.67291,36.60675],[136.6732,36.60687],[136.67336,36.60698]]]}},{"type":"Feature","properties":{"census":"17300080720","color":31,"Linenum":2,"12H_trf":4842,"24H_trf":6343,"konz":0.83,"speed_ME":39.9,"speed_DT":50.9},"geometry":{"type":"MultiLineString","coordinates":[[[136.7066,36.62893],[136.70679,36.62908],[136.7073,36.62968],[136.70789,36.63037],[136.70852,36.63108]],[[136.7009,36.62908],[136.7008,36.62909],[136.70061,36.6291],[136.70031,36.62908],[136.70017,36.62906]],[[136.70127,36.62908],[136.70131,36.62908],[136.70138,36.62907],[136.70269,36.62891],[136.70522,36.62866],[136.7055,36.62864],[136.70569,36.62865],[136.70592,36.62868],[136.70614,36.62872],[136.70635,36.62881],[136.70659,36.62892],[136.7066,36.62893]],[[136.70107,36.62908],[136.70127,36.62908]],[[136.7009,36.62908],[136.70098,36.62908],[136.70107,36.62908]],[[136.69675,36.62659],[136.6971,36.62674],[136.6973,36.62686],[136.69742,36.62693],[136.69913,36.62817],[136.69919,36.62822],[136.6998,36.62865],[136.69998,36.62877],[136.70035,36.62896],[136.7006,36.62902],[136.70077,36.62904],[136.7009,36.62908]],[[136.70017,36.62906],[136.69989,36.62903],[136.69981,36.62901]],[[136.69981,36.62901],[136.69968,36.62898],[136.69959,36.62895],[136.69936,36.62884],[136.69919,36.62872],[136.69849,36.62816],[136.6973,36.62726],[136.69675,36.62685],[136.69661,36.62668]]]}},{"type":"Feature","properties":{"census":"17301590390","color":31,"Linenum":2,"12H_trf":15890,"24H_trf":20144,"konz":1.35,"speed_ME":23.3,"speed_DT":67.7},"geometry":{"type":"MultiLineString","coordinates":[[[136.70473,36.63271],[136.70429,36.6324],[136.7038,36.63205],[136.70334,36.63172],[136.70246,36.63113],[136.70206,36.6309],[136.70186,36.63073],[136.70165,36.63056],[136.70145,36.63034],[136.70131,36.63014],[136.70127,36.63005]],[[136.70296,36.63112],[136.70276,36.63089],[136.70226,36.63048],[136.70209,36.63034],[136.70197,36.63023],[136.70168,36.62996],[136.70154,36.6298],[136.70133,36.62942],[136.70128,36.62922],[136.70127,36.62911],[136.70127,36.62908]],[[136.70127,36.63005],[136.70121,36.6299],[136.70118,36.62982]],[[136.70118,36.62982],[136.70113,36.62965],[136.70107,36.62946],[136.70106,36.62923],[136.70107,36.62908]],[[136.70127,36.62908],[136.70127,36.62894],[136.70128,36.62879],[136.70135,36.62855],[136.70148,36.62829],[136.70179,36.62786],[136.7029,36.62652],[136.70351,36.62582],[136.7038,36.62544]],[[136.70107,36.62908],[136.70107,36.62896],[136.70112,36.62876],[136.70121,36.62851],[136.70133,36.62828],[136.7015,36.62804],[136.70174,36.62773],[136.70281,36.62646],[136.70339,36.62573],[136.7037,36.62533]],[[136.7038,36.62544],[136.704,36.62517],[136.70427,36.6248],[136.70437,36.62469],[136.70446,36.62456],[136.70455,36.62438],[136.70482,36.62391]],[[136.7037,36.62533],[136.70391,36.62507],[136.70405,36.6249],[136.70418,36.62464],[136.70427,36.62453],[136.70434,36.62443],[136.70441,36.6243],[136.70453,36.62411],[136.70467,36.62384]]]}},{"type":"Feature","properties":{"census":"17301590400","color":31,"Linenum":2,"12H_trf":15890,"24H_trf":20144,"konz":1.62,"speed_ME":17.9,"speed_DT":64.0},"geometry":{"type":"MultiLineString","coordinates":[[[136.70569,36.62039],[136.70569,36.62113],[136.70566,36.62142],[136.7056,36.62179],[136.7055,36.62218],[136.70545,36.62237],[136.70527,36.62293],[136.7051,36.62336],[136.70493,36.62372],[136.70482,36.62391]],[[136.70569,36.62039],[136.7056,36.62102],[136.70553,36.62142],[136.70545,36.62182],[136.70536,36.62217],[136.70505,36.62299],[136.70487,36.62342],[136.70475,36.62368],[136.70467,36.62384]],[[136.70569,36.62039],[136.70569,36.62017],[136.70569,36.61987],[136.70566,36.61959],[136.70563,36.61923],[136.70554,36.6186],[136.70548,36.61795],[136.70543,36.61743],[136.70543,36.61701],[136.7054,36.61643],[136.70537,36.616],[136.70539,36.61558],[136.70545,36.61494],[136.7055,36.61443],[136.70563,36.61378],[136.70572,36.61313],[136.70583,36.61233],[136.70586,36.61182],[136.70586,36.61139],[136.70583,36.611],[136.70576,36.6106],[136.70566,36.61023],[136.70555,36.60994],[136.70543,36.60965],[136.70511,36.60906],[136.705,36.60888]],[[136.705,36.60888],[136.70467,36.60834],[136.70451,36.60812],[136.7043,36.60786]],[[136.7043,36.60786],[136.70419,36.60766],[136.70409,36.60751]],[[136.70401,36.60753],[136.7043,36.60786]],[[136.70392,36.60742],[136.70396,36.60748],[136.70401,36.60753]],[[136.70409,36.60751],[136.70402,36.6074]],[[136.70289,36.60594],[136.70305,36.60617],[136.70331,36.60654],[136.70392,36.60742]],[[136.70402,36.6074],[136.70387,36.60718],[136.70337,36.60641],[136.70316,36.60609],[136.703,36.60584]],[[136.70285,36.60588],[136.70289,36.60594]],[[136.703,36.60584],[136.70297,36.60579]]]}},{"type":"Feature","properties":{"census":"17301590410","color":31,"Linenum":2,"12H_trf":26336,"24H_trf":32729,"konz":1.98,"speed_ME":36.4,"speed_DT":63.0},"geometry":{"type":"MultiLineString","coordinates":[[[136.69072,36.59657],[136.69102,36.59667],[136.69276,36.59728],[136.69353,36.59757],[136.69421,36.59789]],[[136.68758,36.59474],[136.68776,36.59492],[136.68797,36.5951],[136.68822,36.59528],[136.68843,36.59544],[136.68868,36.59561],[136.68893,36.59576],[136.68916,36.59589],[136.68936,36.59598],[136.68954,36.59608],[136.68988,36.59622],[136.69054,36.59647],[136.69061,36.5965],[136.69072,36.59657]],[[136.6879,36.59541],[136.68811,36.59553],[136.68835,36.59565],[136.68864,36.59579],[136.68893,36.59593],[136.68919,36.59603],[136.68985,36.59629],[136.69058,36.59655],[136.69072,36.59657]]]}},{"type":"Feature","properties":{"census":"17301590420","color":31,"Linenum":4,"12H_trf":26336,"24H_trf":32729,"konz":0.91,"speed_ME":18.2,"speed_DT":68.6},"geometry":{"type":"MultiLineString","coordinates":[[[136.68788,36.5804],[136.68802,36.58122],[136.6881,36.58158],[136.68811,36.58191],[136.68814,36.58219],[136.68813,36.58263],[136.68806,36.58315],[136.68805,36.58333],[136.68802,36.58346],[136.68799,36.5837],[136.68793,36.58401],[136.68784,36.58433],[136.68771,36.58471],[136.68761,36.58498],[136.68752,36.58521],[136.68715,36.58595],[136.68692,36.58638],[136.68654,36.58705],[136.68594,36.58814],[136.68575,36.58859],[136.68558,36.58899],[136.68544,36.58943],[136.68535,36.58986],[136.68532,36.59014],[136.68527,36.59039],[136.68527,36.59075],[136.68527,36.59101],[136.6853,36.59128],[136.68535,36.59166],[136.68539,36.59191],[136.6855,36.59226],[136.68556,36.59249],[136.68565,36.59273],[136.68579,36.59302],[136.68593,36.59329],[136.6861,36.59358],[136.68628,36.59385],[136.6864,36.59403],[136.68654,36.59423],[136.68669,36.59438],[136.68686,36.59458],[136.68706,36.59477],[136.6872,36.5949],[136.68739,36.59507],[136.68765,36.59525],[136.6879,36.59541]],[[136.68798,36.58033],[136.68808,36.58077],[136.68817,36.5812],[136.68825,36.58166],[136.68829,36.58205],[136.68832,36.5823],[136.68835,36.58254],[136.68837,36.58281],[136.68837,36.58312],[136.68835,36.58333],[136.68832,36.58356],[136.68829,36.58386],[136.68825,36.5841],[136.68823,36.58418],[136.68819,36.58443],[136.68811,36.5847],[136.68802,36.58499],[136.6879,36.58534],[136.68777,36.58564],[136.68761,36.58601],[136.68739,36.58638],[136.68726,36.5866],[136.68694,36.58718],[136.68662,36.58768],[136.68645,36.58797],[136.68628,36.58828],[136.6861,36.58869],[136.68597,36.58899],[136.68588,36.58932],[136.68582,36.58958],[136.68576,36.58983],[136.68575,36.59003],[136.68571,36.5903],[136.6857,36.59041],[136.6857,36.59063],[136.6857,36.59093],[136.68575,36.59134],[136.68581,36.59164],[136.68585,36.59189],[136.68593,36.59215],[136.68599,36.59234],[136.68604,36.5925],[136.68611,36.5927],[136.68625,36.59299],[136.6864,36.59326],[136.68649,36.59342],[136.68662,36.5936],[136.68672,36.59378],[136.68684,36.59394],[136.68707,36.59422],[136.68726,36.59444],[136.68739,36.59456],[136.68758,36.59474]],[[136.68752,36.57811],[136.68776,36.57933],[136.68787,36.57981],[136.68798,36.58033]]]}},{"type":"Feature","properties":{"census":"17301590430","color":31,"Linenum":4,"12H_trf":31869,"24H_trf":39442,"konz":1.13,"speed_ME":62.4,"speed_DT":65.3},"geometry":{"type":"MultiLineString","coordinates":[[[136.67954,36.56244],[136.67939,36.5626]],[[136.6794,36.56236],[136.67938,36.56238],[136.67918,36.5626]],[[136.6814,36.56082],[136.68124,36.56093],[136.68025,36.56173],[136.67983,36.56212],[136.67954,36.56244]],[[136.68127,36.56072],[136.68106,36.56091],[136.68051,36.56135],[136.67972,36.56204],[136.6794,36.56236]]]}},{"type":"Feature","properties":{"census":"17301590440","color":31,"Linenum":4,"12H_trf":12485,"24H_trf":15981,"konz":1.04,"speed_ME":10.4,"speed_DT":15.6},"geometry":{"type":"MultiLineString","coordinates":[[[136.67954,36.56244],[136.67955,36.56244],[136.67963,36.56249]],[[136.6794,36.56236],[136.67954,36.56244]],[[136.67928,36.56229],[136.67935,36.56234],[136.6794,36.56236]],[[136.67758,36.56076],[136.6777,36.56103],[136.67784,36.56117],[136.67841,36.56162],[136.67874,36.56189],[136.6788,36.56194],[136.67917,36.56221],[136.67928,36.56229]]]}},{"type":"Feature","properties":{"census":"17300080030","color":31,"Linenum":2,"12H_trf":11686,"24H_trf":15598,"konz":1.54,"speed_ME":51.9,"speed_DT":52.0},"geometry":{"type":"MultiLineString","coordinates":[[[136.76171,36.68158],[136.76092,36.68177],[136.7598,36.68208],[136.75954,36.68213],[136.75931,36.68215],[136.75895,36.68216],[136.75869,36.68217],[136.75843,36.68219],[136.75809,36.68226],[136.75781,36.68232]],[[136.7613,36.68126],[136.76081,36.68137],[136.75962,36.68164],[136.7594,36.68171],[136.75808,36.68212],[136.75781,36.68225]]]}},{"type":"Feature","properties":{"census":"17300080040","color":31,"Linenum":2,"12H_trf":11686,"24H_trf":15598,"konz":1.0,"speed_ME":62.8,"speed_DT":62.1},"geometry":{"type":"MultiLineString","coordinates":[[[136.7235,36.68355],[136.72353,36.68359],[136.72365,36.68377],[136.72382,36.68401],[136.72396,36.68418],[136.72419,36.68443],[136.72434,36.68456],[136.72449,36.68471],[136.7246,36.68481],[136.72481,36.68498],[136.72509,36.68516],[136.72553,36.68543]],[[136.72349,36.68378],[136.72361,36.68396],[136.72384,36.68425],[136.72404,36.68448],[136.72422,36.68468],[136.7244,36.68483],[136.72465,36.68502],[136.72483,36.68514]],[[136.72286,36.68215],[136.72289,36.68241],[136.72295,36.68264],[136.72301,36.68285],[136.7231,36.68306],[136.72323,36.68333],[136.72332,36.68353],[136.72346,36.68374],[136.72349,36.68378]],[[136.72304,36.68211],[136.7231,36.68242],[136.72318,36.68272],[136.7233,36.68316],[136.72341,36.68341],[136.7235,36.68355]]]}},{"type":"Feature","properties":{"census":"17300080050","color":31,"Linenum":4,"12H_trf":39527,"24H_trf":49804,"konz":0.77,"speed_ME":66.6,"speed_DT":67.9},"geometry":{"type":"MultiLineString","coordinates":[[[136.72404,36.67211],[136.72402,36.67226],[136.72399,36.67305],[136.72394,36.67395],[136.72393,36.67405],[136.72391,36.67416],[136.7239,36.67445],[136.72385,36.67469],[136.72381,36.67497],[136.72373,36.6753],[136.72364,36.67562],[136.7235,36.67606],[136.7233,36.67666],[136.72323,36.67686],[136.72304,36.67746],[136.72297,36.67779],[136.72291,36.67807],[136.72284,36.67839],[136.7228,36.67869],[136.72277,36.67907],[136.72274,36.67947],[136.72272,36.67976],[136.72269,36.68016],[136.72271,36.68068],[136.72272,36.68106],[136.72274,36.68131],[136.72277,36.68165],[136.72281,36.68198],[136.72286,36.68215]],[[136.72288,36.68063],[136.72289,36.68097],[136.72292,36.68132],[136.72297,36.68163],[136.72301,36.68191],[136.72304,36.68211]],[[136.72423,36.67204],[136.72422,36.6722],[136.72419,36.67291],[136.72411,36.67385],[136.72411,36.67411],[136.72408,36.67436],[136.72405,36.67474],[136.72393,36.67526],[136.72384,36.67566],[136.7235,36.67667],[136.72342,36.67689],[136.72329,36.67736],[136.72315,36.6778],[136.72307,36.67814],[136.72301,36.67855],[136.72298,36.67868],[136.72295,36.67897],[136.72292,36.67918],[136.72292,36.67926],[136.72291,36.67952],[136.72286,36.68001],[136.72288,36.68063]],[[136.72423,36.67202],[136.72423,36.67204]]]}},{"type":"Feature","properties":{"census":"17300080060","color":31,"Linenum":4,"12H_trf":39527,"24H_trf":49804,"konz":0.77,"speed_ME":66.8,"speed_DT":69.2},"geometry":{"type":"MultiLineString","coordinates":[[[136.72391,36.65983],[136.72396,36.66012],[136.72402,36.66086],[136.72417,36.664],[136.72426,36.66559],[136.72428,36.66578],[136.72431,36.66609],[136.72432,36.66666],[136.72436,36.66742],[136.72437,36.66798],[136.72436,36.66842]],[[136.72375,36.65985],[136.72385,36.66088],[136.7239,36.66222],[136.72399,36.66402],[136.72411,36.6656],[136.72411,36.66579],[136.72413,36.66606],[136.72416,36.66666],[136.72417,36.66733],[136.72419,36.66803],[136.72418,36.66842]]]}},{"type":"Feature","properties":{"census":"17301590370","color":31,"Linenum":4,"12H_trf":25866,"24H_trf":32683,"konz":0.49,"speed_ME":72.7,"speed_DT":74.4},"geometry":{"type":"MultiLineString","coordinates":[[[136.72349,36.68378],[136.72347,36.68396],[136.72341,36.68428],[136.72336,36.68454],[136.72332,36.68476],[136.72323,36.68507],[136.72309,36.68548],[136.72301,36.68575],[136.72291,36.68602],[136.72274,36.68638],[136.72246,36.68694],[136.72237,36.68717],[136.72141,36.68917],[136.72066,36.69068],[136.72039,36.69122],[136.71963,36.69283],[136.71897,36.69411],[136.71885,36.69437],[136.71816,36.69573],[136.71781,36.69643],[136.71685,36.69841],[136.71599,36.70018]],[[136.7231,36.68346],[136.72318,36.6837],[136.7232,36.68375],[136.72324,36.6839],[136.72327,36.68409],[136.72329,36.6843],[136.72324,36.68451],[136.7232,36.68469],[136.72315,36.68485],[136.72309,36.68507],[136.72303,36.68526],[136.72288,36.68571],[136.72275,36.68602],[136.72225,36.68711],[136.72069,36.69023],[136.72017,36.69129],[136.71964,36.69238],[136.7188,36.69403],[136.71868,36.69432],[136.71801,36.69566],[136.71761,36.69643],[136.7167,36.69834],[136.7158,36.70015]],[[136.7235,36.68355],[136.7235,36.68369],[136.72349,36.68378]],[[136.72288,36.68063],[136.72292,36.6808],[136.72295,36.68097],[136.723,36.68127],[136.72307,36.68164],[136.72315,36.68193],[136.72329,36.68224],[136.72338,36.68258],[136.72342,36.68283],[136.7235,36.68319],[136.7235,36.68338],[136.7235,36.68355]]]}},{"type":"Feature","properties":{"census":"17300080070","color":31,"Linenum":4,"12H_trf":40953,"24H_trf":51601,"konz":0.81,"speed_ME":64.6,"speed_DT":68.3},"geometry":{"type":"MultiLineString","coordinates":[[[136.71432,36.64789],[136.71467,36.64852],[136.71486,36.64887],[136.71505,36.64918],[136.71535,36.64959],[136.7156,36.64991],[136.7158,36.65015],[136.71631,36.65074],[136.71676,36.65124],[136.71929,36.65387],[136.71975,36.65432],[136.72082,36.65542],[136.72219,36.65681],[136.72246,36.65711],[136.72268,36.65736],[136.72286,36.65759],[136.72301,36.65781],[136.72318,36.65809],[136.72335,36.65842],[136.7235,36.65883],[136.72362,36.65926],[136.72371,36.65963],[136.72375,36.65985]],[[136.71447,36.64784],[136.71461,36.64807],[136.71505,36.64882],[136.71523,36.64912],[136.71549,36.64948],[136.7158,36.64988],[136.71607,36.65022],[136.71645,36.65068],[136.71689,36.65116],[136.71943,36.65378],[136.72007,36.65443],[136.72097,36.65537],[136.72231,36.65676],[136.72257,36.65702],[136.7228,36.65729],[136.72301,36.65756],[136.72315,36.65775],[136.72332,36.658],[136.7235,36.65836],[136.72364,36.6587],[136.72381,36.65923],[136.7239,36.65961],[136.72391,36.65983]]]}},{"type":"Feature","properties":{"census":"17300080010","color":31,"Linenum":2,"12H_trf":11686,"24H_trf":15598,"konz":1.54,"speed_ME":53.5,"speed_DT":54.0},"geometry":{"type":"LineString","coordinates":[[136.80176,36.67235],[136.8021,36.67241],[136.80255,36.67248],[136.80304,36.67258],[136.80452,36.67288],[136.80522,36.67301],[136.80557,36.67306],[136.80592,36.67307],[136.80622,36.67307],[136.80653,36.67307],[136.80711,36.67303],[136.80749,36.673],[136.80792,36.67301],[136.80822,36.67303],[136.80851,36.67305],[136.80879,36.6731],[136.80911,36.67318],[136.81097,36.67381],[136.81124,36.67389],[136.8115,36.67394],[136.81182,36.674],[136.81222,36.67404],[136.81286,36.67412],[136.81337,36.67418],[136.81428,36.67431],[136.81434,36.67432],[136.81462,36.67435],[136.81492,36.67441],[136.82063,36.6756]]}},{"type":"Feature","properties":{"census":"17300080020","color":31,"Linenum":2,"12H_trf":11686,"24H_trf":15598,"konz":1.54,"speed_ME":47.9,"speed_DT":48.8},"geometry":{"type":"MultiLineString","coordinates":[[[136.7652,36.68042],[136.76494,36.68057],[136.76465,36.68068],[136.76429,36.6808],[136.76389,36.68092],[136.76368,36.68099],[136.76296,36.68127],[136.76262,36.68138],[136.76218,36.68148],[136.76171,36.68158]],[[136.7652,36.68042],[136.76487,36.68056],[136.76449,36.68062],[136.764,36.68075],[136.7636,36.68083],[136.7624,36.68104],[136.7613,36.68126]],[[136.78086,36.674],[136.7799,36.67424],[136.77808,36.67475],[136.77743,36.67494],[136.77691,36.67509],[136.7763,36.67529],[136.77546,36.67559],[136.7748,36.67586],[136.77306,36.67666],[136.77007,36.67811],[136.76975,36.67826],[136.76967,36.67831],[136.76848,36.67887],[136.76565,36.68023],[136.7652,36.68042]],[[136.78086,36.674],[136.7815,36.67395],[136.78168,36.67394],[136.78214,36.67396],[136.78261,36.67398],[136.78284,36.67401],[136.7831,36.67404],[136.78332,36.67407],[136.78392,36.67416],[136.78434,36.67423]],[[136.78431,36.67386],[136.78414,36.67384],[136.78379,36.67377],[136.78337,36.67371],[136.78298,36.67369],[136.78242,36.67369],[136.78203,36.67372],[136.7817,36.67377],[136.78138,36.67383],[136.78086,36.674]]]}},{"type":"Feature","properties":{"census":"16300081040","color":31,"Linenum":2,"12H_trf":9491,"24H_trf":12623,"konz":1.3,"speed_ME":47.7,"speed_DT":45.8},"geometry":{"type":"LineString","coordinates":[[136.8314,36.67624],[136.83189,36.67632],[136.83268,36.67651],[136.83303,36.67656],[136.83338,36.67658],[136.83364,36.67658],[136.83387,36.67658],[136.83421,36.67652],[136.83491,36.67635],[136.83546,36.67622],[136.83578,36.67615],[136.83622,36.67608],[136.83644,36.67607],[136.83731,36.67607],[136.83798,36.67612],[136.83851,36.67618],[136.839,36.67627],[136.83949,36.67638],[136.84007,36.67659],[136.84138,36.67708],[136.84518,36.67853],[136.8457,36.6787]]}},{"type":"Feature","properties":{"census":"16300081050","color":31,"Linenum":2,"12H_trf":12601,"24H_trf":16724,"konz":1.7,"speed_ME":38.7,"speed_DT":40.2},"geometry":{"type":"MultiLineString","coordinates":[[[136.8249,36.67635],[136.82533,36.67643],[136.82664,36.67668],[136.82705,36.67675],[136.82737,36.67678],[136.82772,36.67678],[136.82814,36.67676],[136.82847,36.67671],[136.82881,36.67664],[136.82913,36.67656],[136.82949,36.67643],[136.83006,36.67628],[136.83036,36.67623],[136.83071,36.6762],[136.83117,36.67622],[136.8314,36.67624]],[[136.82063,36.6756],[136.8249,36.67635]]]}},{"type":"Feature","properties":{"census":"17303600090","color":32,"Linenum":2,"12H_trf":5993,"24H_trf":8091,"konz":0.7,"speed_ME":49.5,"speed_DT":48.8},"geometry":{"type":"LineString","coordinates":[[136.58277,36.3708],[136.58251,36.37114],[136.58219,36.37141],[136.58203,36.37151]]}},{"type":"Feature","properties":{"census":"17301570290","color":32,"Linenum":2,"12H_trf":5109,"24H_trf":6795,"konz":0.75,"speed_ME":53.4,"speed_DT":54.6},"geometry":{"type":"LineString","coordinates":[[136.62598,36.39992],[136.62635,36.40008],[136.62742,36.40054],[136.6277,36.40066],[136.62962,36.40147],[136.6298,36.40162],[136.62998,36.40178],[136.63015,36.40196],[136.63038,36.40227],[136.63075,36.40266],[136.6311,36.40296],[136.63157,36.40322]]}},{"type":"Feature","properties":{"census":"17301570300","color":32,"Linenum":2,"12H_trf":5109,"24H_trf":6795,"konz":0.75,"speed_ME":52.5,"speed_DT":51.5},"geometry":{"type":"LineString","coordinates":[[136.61705,36.36295],[136.61663,36.36313],[136.61601,36.36337],[136.61524,36.36366],[136.61506,36.36372],[136.61384,36.36416],[136.61376,36.36421],[136.61314,36.36451],[136.61302,36.36461],[136.61276,36.36479],[136.6125,36.36506],[136.61233,36.36536],[136.61213,36.36576],[136.61207,36.36627],[136.61207,36.36769],[136.61207,36.36798],[136.61209,36.3681],[136.61216,36.36822],[136.61228,36.36836],[136.61329,36.36935],[136.61344,36.3695],[136.61363,36.36982],[136.61373,36.37014],[136.61378,36.37031],[136.61378,36.37061],[136.61375,36.37085],[136.61373,36.371],[136.61372,36.37119],[136.61375,36.37143],[136.61379,36.37171],[136.61389,36.37197],[136.61412,36.37258],[136.61448,36.37353],[136.61454,36.37385],[136.6147,36.3752],[136.61491,36.37646],[136.61549,36.37792],[136.61558,36.37825],[136.61563,36.37854],[136.61558,36.37885],[136.6155,36.37916],[136.6154,36.37937],[136.61448,36.38075],[136.6141,36.38131],[136.61387,36.38173],[136.61357,36.38228],[136.61306,36.38358],[136.6126,36.38473],[136.61247,36.38507],[136.61244,36.38528],[136.61241,36.38548],[136.61238,36.3858],[136.61239,36.38591]]}},{"type":"Feature","properties":{"census":"17301570310","color":32,"Linenum":2,"12H_trf":4103,"24H_trf":5498,"konz":0.59,"speed_ME":58.5,"speed_DT":55.9},"geometry":{"type":"LineString","coordinates":[[136.62616,36.35053],[136.62599,36.35095],[136.62598,36.35099]]}},{"type":"Feature","properties":{"census":"17303600050","color":32,"Linenum":2,"12H_trf":5806,"24H_trf":7780,"konz":0.84,"speed_ME":22.1,"speed_DT":20.5},"geometry":{"type":"LineString","coordinates":[[136.61315,36.36131],[136.61338,36.36142],[136.61415,36.3616],[136.6145,36.3617],[136.61485,36.36179],[136.61512,36.3619],[136.61557,36.36208],[136.61625,36.36244],[136.61686,36.36279],[136.61705,36.36295]]}},{"type":"Feature","properties":{"census":"17303600060","color":32,"Linenum":2,"12H_trf":5806,"24H_trf":7780,"konz":0.84,"speed_ME":35.1,"speed_DT":32.9},"geometry":{"type":"LineString","coordinates":[[136.60331,36.35912],[136.60359,36.35914],[136.60453,36.3593],[136.60568,36.35951],[136.60601,36.35959],[136.60618,36.35965],[136.60641,36.35977],[136.60685,36.3601],[136.60694,36.36017],[136.60861,36.36181],[136.60881,36.36191],[136.60905,36.36199],[136.60945,36.36205],[136.60974,36.36208],[136.61035,36.36221],[136.61068,36.36231],[136.6109,36.36237],[136.61108,36.36237],[136.61126,36.36235],[136.61164,36.36224],[136.61202,36.36206],[136.61233,36.36186],[136.61315,36.36131]]}},{"type":"Feature","properties":{"census":"17303600070","color":32,"Linenum":2,"12H_trf":5993,"24H_trf":8091,"konz":0.67,"speed_ME":32.0,"speed_DT":39.4},"geometry":{"type":"LineString","coordinates":[[136.60331,36.35912],[136.60302,36.35913],[136.60237,36.35917],[136.60208,36.35922],[136.60182,36.35927],[136.60163,36.35935],[136.60144,36.35947],[136.60078,36.35994],[136.60038,36.36021],[136.59985,36.3606],[136.59898,36.36123],[136.59756,36.36226],[136.59733,36.36238],[136.59706,36.36246],[136.59672,36.36253],[136.59669,36.36254],[136.59637,36.36253]]}},{"type":"Feature","properties":{"census":"17303600080","color":32,"Linenum":2,"12H_trf":5993,"24H_trf":8091,"konz":0.67,"speed_ME":54.7,"speed_DT":50.4},"geometry":{"type":"LineString","coordinates":[[136.58277,36.3708],[136.58296,36.37066],[136.5839,36.37014],[136.58805,36.36782],[136.58843,36.36756],[136.5886,36.36738],[136.58937,36.3662],[136.58955,36.36606],[136.58984,36.3659],[136.59127,36.36522],[136.59147,36.36506],[136.59187,36.3646],[136.59207,36.36442],[136.5921,36.3644],[136.59248,36.36414],[136.59272,36.36398],[136.59347,36.36352],[136.59468,36.36274],[136.59486,36.36265],[136.59515,36.36258],[136.59541,36.36255],[136.59637,36.36253]]}},{"type":"Feature","properties":{"census":"17303590120","color":32,"Linenum":4,"12H_trf":13674,"24H_trf":17913,"konz":0.99,"speed_ME":25.3,"speed_DT":25.5},"geometry":{"type":"LineString","coordinates":[[136.66992,36.57856],[136.66998,36.57863],[136.67014,36.57883],[136.67035,36.57918],[136.67038,36.5794],[136.67043,36.57982],[136.67062,36.58017],[136.67078,36.58037],[136.67094,36.58065],[136.67126,36.58114],[136.67155,36.58159],[136.67172,36.58184],[136.67191,36.58214],[136.67239,36.58284],[136.67271,36.58333],[136.67278,36.58343],[136.67291,36.58362],[136.67303,36.5838],[136.67355,36.58462]]}},{"type":"Feature","properties":{"census":"17303590130","color":32,"Linenum":4,"12H_trf":13674,"24H_trf":17913,"konz":0.99,"speed_ME":21.2,"speed_DT":16.3},"geometry":{"type":"LineString","coordinates":[[136.66626,36.57441],[136.66565,36.57368],[136.66505,36.573],[136.66473,36.57253]]}},{"type":"Feature","properties":{"census":"17301570280","color":32,"Linenum":2,"12H_trf":6010,"24H_trf":8114,"konz":0.5,"speed_ME":52.4,"speed_DT":52.4},"geometry":{"type":"LineString","coordinates":[[136.63157,36.40322],[136.6318,36.40338],[136.63214,36.4037],[136.63233,36.40398],[136.63252,36.40426],[136.63267,36.40456],[136.63285,36.40507],[136.6329,36.40523],[136.63301,36.40626],[136.63307,36.40666],[136.63316,36.40755],[136.63313,36.40794],[136.63301,36.40839],[136.63267,36.4093],[136.63261,36.4095],[136.63258,36.40963],[136.63252,36.4099],[136.6325,36.41004],[136.6325,36.41018],[136.6325,36.41068],[136.63247,36.41093],[136.6324,36.4113],[136.63227,36.41165],[136.63217,36.41204],[136.63209,36.41236],[136.63201,36.41275],[136.63203,36.41318],[136.63203,36.41332],[136.63212,36.41407],[136.63221,36.41465],[136.63224,36.41512],[136.63224,36.41573],[136.63223,36.41592],[136.63221,36.41619],[136.63218,36.41647],[136.63212,36.41666],[136.63206,36.41696],[136.63185,36.41781],[136.63177,36.41815],[136.63174,36.4183],[136.63157,36.41902],[136.63153,36.41944],[136.6315,36.41974],[136.63142,36.42033],[136.6314,36.42042],[136.63136,36.42079],[136.6313,36.42126],[136.6313,36.42128]]}},{"type":"Feature","properties":{"census":"17303040010","color":32,"Linenum":2,"12H_trf":2137,"24H_trf":2970,"konz":0.25,"speed_ME":21.6,"speed_DT":33.9},"geometry":{"type":"LineString","coordinates":[[136.71258,36.60526],[136.71244,36.60528],[136.71204,36.60532],[136.71172,36.60533],[136.71145,36.60532],[136.71126,36.60531],[136.71103,36.60529],[136.71094,36.60528],[136.7105,36.6052],[136.71001,36.60508],[136.70952,36.60492],[136.70916,36.60479],[136.70854,36.60457],[136.70811,36.60443],[136.70779,36.60431],[136.70747,36.60423],[136.70721,36.60417],[136.70685,36.60413],[136.70648,36.60412],[136.70609,36.60415],[136.70564,36.60423],[136.70555,36.60425],[136.70529,36.60433],[136.70505,36.60441],[136.70486,36.6045],[136.7047,36.6046],[136.70459,36.60467],[136.7043,36.60483],[136.70418,36.60495],[136.70396,36.60512],[136.7034,36.60552]]}},{"type":"Feature","properties":{"census":"17303040020","color":32,"Linenum":2,"12H_trf":2137,"24H_trf":2970,"konz":0.25,"speed_ME":21.6,"speed_DT":33.9},"geometry":{"type":"LineString","coordinates":[[136.72919,36.60021],[136.72907,36.6003],[136.72892,36.6004],[136.72877,36.60048],[136.72808,36.60092],[136.72745,36.60132],[136.72722,36.60146],[136.72693,36.60164],[136.72675,36.60172],[136.72661,36.60178],[136.72648,36.60182],[136.72628,36.60187],[136.72603,36.60192],[136.72573,36.60197],[136.72506,36.60204],[136.72439,36.6021],[136.72413,36.60214],[136.72394,36.60217],[136.72376,36.60224],[136.72349,36.60236],[136.72329,36.60246],[136.72289,36.60274],[136.72251,36.60304],[136.72216,36.60338],[136.72199,36.60351],[136.72182,36.60358],[136.72138,36.60367],[136.7212,36.60369],[136.72097,36.60367],[136.72066,36.60362],[136.72036,36.60359],[136.7203,36.60358],[136.72014,36.60357],[136.7199,36.60356],[136.71964,36.60356],[136.7194,36.60357],[136.71912,36.60358],[136.71885,36.60362],[136.71854,36.60367],[136.71833,36.60372],[136.71825,36.60374],[136.71805,36.60379],[136.71758,36.60393],[136.71697,36.60413],[136.71627,36.60438],[136.71596,36.60448],[136.71549,36.60463],[136.71503,36.60478],[136.71465,36.60489],[136.71448,36.60494],[136.71424,36.605],[136.71401,36.60505],[136.71387,36.60508]]}},{"type":"Feature","properties":{"census":"17303590050","color":32,"Linenum":2,"12H_trf":7890,"24H_trf":10415,"konz":0.77,"speed_ME":28.1,"speed_DT":30.6},"geometry":{"type":"MultiLineString","coordinates":[[[136.70063,36.60825],[136.70047,36.60856],[136.70007,36.60923],[136.69992,36.60944],[136.69974,36.60961]],[[136.7007,36.60811],[136.70063,36.60825]],[[136.70289,36.60594],[136.70271,36.6061],[136.70207,36.60661],[136.7019,36.60676],[136.70183,36.6068],[136.70152,36.60705],[136.70128,36.60728],[136.70117,36.6074],[136.70084,36.60783],[136.70078,36.60795],[136.7007,36.60811]],[[136.703,36.60584],[136.70289,36.60594]],[[136.7034,36.60552],[136.70331,36.60561],[136.70326,36.60562],[136.703,36.60584]]]}},{"type":"Feature","properties":{"census":"17303590060","color":32,"Linenum":2,"12H_trf":7785,"24H_trf":10276,"konz":1.11,"speed_ME":10.8,"speed_DT":14.7},"geometry":{"type":"LineString","coordinates":[[136.69974,36.60961],[136.69928,36.6099],[136.69905,36.61008],[136.69803,36.61067],[136.69763,36.61086],[136.69643,36.61128],[136.69547,36.61161],[136.69464,36.61188],[136.69376,36.61216],[136.69264,36.61252],[136.69194,36.61276],[136.69171,36.61283],[136.69125,36.61298]]}},{"type":"Feature","properties":{"census":"17303590070","color":32,"Linenum":2,"12H_trf":13974,"24H_trf":17030,"konz":1.42,"speed_ME":11.5,"speed_DT":16.9},"geometry":{"type":"LineString","coordinates":[[136.69041,36.61206],[136.6907,36.61234],[136.69125,36.61298]]}},{"type":"Feature","properties":{"census":"17303590080","color":32,"Linenum":2,"12H_trf":13974,"24H_trf":17030,"konz":1.42,"speed_ME":12.8,"speed_DT":24.6},"geometry":{"type":"MultiLineString","coordinates":[[[136.68699,36.60901],[136.68706,36.60911],[136.6877,36.60984],[136.68796,36.61011],[136.68832,36.61049],[136.6886,36.61076],[136.68866,36.61081],[136.68889,36.61101],[136.68916,36.61122],[136.68953,36.61142],[136.68976,36.61152],[136.68999,36.61169],[136.69019,36.61186],[136.69041,36.61206]],[[136.68688,36.60887],[136.68699,36.60901]],[[136.68063,36.599],[136.68069,36.59915],[136.68088,36.59955],[136.68111,36.60011],[136.68124,36.60043],[136.6815,36.601],[136.68222,36.60206],[136.68272,36.60286],[136.68326,36.60371],[136.68402,36.6049],[136.6843,36.60533],[136.68478,36.60608],[136.6853,36.60687],[136.68544,36.6071],[136.68593,36.60777],[136.6864,36.60832],[136.68683,36.60881],[136.68686,36.60884],[136.68688,36.60887]]]}},{"type":"Feature","properties":{"census":"17303590090","color":32,"Linenum":2,"12H_trf":13974,"24H_trf":17030,"konz":1.42,"speed_ME":17.5,"speed_DT":24.9},"geometry":{"type":"LineString","coordinates":[[136.67686,36.59075],[136.67697,36.59098],[136.67705,36.59115],[136.67719,36.59139],[136.67741,36.59173],[136.67806,36.59287],[136.67844,36.59358],[136.67883,36.59457],[136.67902,36.59507],[136.67925,36.59556],[136.67966,36.59657],[136.68001,36.59743],[136.68005,36.59757],[136.68019,36.59786],[136.6802,36.59789]]}},{"type":"Feature","properties":{"census":"17303590150","color":32,"Linenum":2,"12H_trf":0,"24H_trf":0,"konz":0.0,"speed_ME":24.8,"speed_DT":27.6},"geometry":{"type":"MultiLineString","coordinates":[[[136.71139,36.60617],[136.7112,36.60626],[136.71105,36.60635],[136.71041,36.60669],[136.70936,36.60721],[136.70844,36.60768],[136.70812,36.60784],[136.70742,36.60821]],[[136.71164,36.60604],[136.71139,36.60617]],[[136.71258,36.60526],[136.71258,36.60545],[136.71256,36.60551],[136.71251,36.60556],[136.71244,36.60562],[136.71183,36.60595],[136.71164,36.60604]]]}},{"type":"Feature","properties":{"census":"17303590155","color":32,"Linenum":2,"12H_trf":0,"24H_trf":0,"konz":0.0,"speed_ME":31.4,"speed_DT":31.5},"geometry":{"type":"LineString","coordinates":[[136.70599,36.60871],[136.70654,36.60857],[136.70682,36.60848],[136.70742,36.60821]]}},{"type":"Feature","properties":{"census":"17303590160","color":32,"Linenum":2,"12H_trf":0,"24H_trf":0,"konz":0.0,"speed_ME":27.5,"speed_DT":31.0},"geometry":{"type":"MultiLineString","coordinates":[[[136.705,36.60888],[136.70491,36.60889],[136.70468,36.6089],[136.70457,36.60891],[136.70401,36.60895],[136.70274,36.60904],[136.70227,36.60912],[136.70178,36.60921],[136.70128,36.60934],[136.70105,36.60938],[136.7005,36.60951],[136.69997,36.60963],[136.69974,36.60961]],[[136.70599,36.60871],[136.70555,36.60878],[136.7052,36.60885],[136.70505,36.60887],[136.705,36.60888]]]}},{"type":"Feature","properties":{"census":"17303590100","color":32,"Linenum":4,"12H_trf":13674,"24H_trf":17913,"konz":0.99,"speed_ME":16.6,"speed_DT":22.3},"geometry":{"type":"LineString","coordinates":[[136.67686,36.59075],[136.67676,36.59043],[136.67662,36.59006],[136.6765,36.58979],[136.67639,36.58944],[136.67621,36.58885],[136.67616,36.58863],[136.6761,36.58846],[136.676,36.58826],[136.67575,36.58792],[136.67569,36.58782],[136.67552,36.58758],[136.67548,36.58752],[136.67511,36.58696]]}},{"type":"Feature","properties":{"census":"17303590110","color":32,"Linenum":4,"12H_trf":13674,"24H_trf":17913,"konz":0.99,"speed_ME":12.3,"speed_DT":16.6},"geometry":{"type":"LineString","coordinates":[[136.67355,36.58462],[136.67401,36.58529],[136.67421,36.58557],[136.67441,36.58587],[136.67474,36.58638],[136.67505,36.58687],[136.67511,36.58696]]}},{"type":"Feature","properties":{"census":"17303040030","color":32,"Linenum":2,"12H_trf":2137,"24H_trf":2970,"konz":0.25,"speed_ME":47.3,"speed_DT":48.7},"geometry":{"type":"LineString","coordinates":[[136.74657,36.59423],[136.74631,36.59451],[136.74613,36.59472],[136.74593,36.59489],[136.7457,36.59506],[136.7455,36.59524],[136.7441,36.59634],[136.74392,36.59648],[136.74364,36.59662],[136.74352,36.59668],[136.74338,36.59674],[136.74323,36.59679],[136.74306,36.59684],[136.74289,36.59688],[136.74273,36.59692],[136.74264,36.59693],[136.74244,36.59696],[136.7423,36.59698],[136.74218,36.59698],[136.74203,36.59699],[136.7417,36.597],[136.74109,36.59701],[136.7399,36.59703],[136.73913,36.59704],[136.73874,36.59704],[136.73832,36.59704],[136.73746,36.59703],[136.73717,36.59703],[136.73697,36.59703],[136.73598,36.59699],[136.73554,36.59699],[136.7352,36.59701],[136.73499,36.59703],[136.7347,36.5971],[136.73443,36.59717],[136.73406,36.59731],[136.73383,36.59743],[136.73316,36.59783],[136.73307,36.59789]]}},{"type":"Feature","properties":{"census":"17303590030","color":32,"Linenum":2,"12H_trf":3125,"24H_trf":4375,"konz":0.43,"speed_ME":58.9,"speed_DT":58.4},"geometry":{"type":"LineString","coordinates":[[136.75781,36.61584],[136.758,36.6159],[136.75841,36.61599],[136.75913,36.6161],[136.7609,36.61636],[136.76243,36.61659],[136.76345,36.61675],[136.76464,36.61691],[136.76537,36.61702],[136.76589,36.61708],[136.76606,36.61712],[136.76645,36.61717],[136.7669,36.61722],[136.76722,36.61729],[136.76751,36.61737],[136.76781,36.61748],[136.76804,36.61761],[136.76824,36.61774],[136.76847,36.61795],[136.7694,36.61883],[136.76963,36.61903],[136.76992,36.6192],[136.77019,36.61933],[136.77042,36.61942],[136.77071,36.61951],[136.77173,36.61974],[136.7721,36.61988],[136.77236,36.61994],[136.77256,36.62002]]}},{"type":"Feature","properties":{"census":"17303040040","color":32,"Linenum":2,"12H_trf":2137,"24H_trf":2970,"konz":0.25,"speed_ME":57.9,"speed_DT":56.2},"geometry":{"type":"LineString","coordinates":[[136.79278,36.59023],[136.7918,36.58993],[136.78979,36.58934],[136.78859,36.58897],[136.78824,36.58889],[136.78785,36.58888],[136.78747,36.58891],[136.78707,36.58896],[136.78676,36.58906],[136.78652,36.58917],[136.78628,36.5893],[136.78589,36.58955],[136.78573,36.58968],[136.78557,36.58988],[136.78542,36.59007],[136.78507,36.5907],[136.78489,36.59093],[136.78469,36.59115],[136.78435,36.59141],[136.78408,36.59154],[136.78356,36.59178],[136.78312,36.59192],[136.78277,36.592],[136.78255,36.59202],[136.7824,36.59202],[136.78206,36.59201],[136.78171,36.59197],[136.78127,36.59191],[136.78075,36.59182],[136.78031,36.59173],[136.77996,36.59165],[136.77971,36.59162],[136.77942,36.5916],[136.77923,36.5916],[136.77904,36.59161],[136.77886,36.59162],[136.77874,36.59166],[136.77843,36.59174],[136.77822,36.59182],[136.77791,36.59196],[136.77739,36.59222],[136.77724,36.59234],[136.77712,36.59245],[136.777,36.59261],[136.7768,36.59297],[136.77657,36.59358],[136.77646,36.59378],[136.77636,36.59397],[136.77616,36.59421],[136.77514,36.59509],[136.77492,36.59528],[136.77474,36.59552],[136.77465,36.59571],[136.77454,36.59596],[136.77439,36.59622],[136.77416,36.59653],[136.7741,36.5966],[136.77399,36.59669],[136.77385,36.59678],[136.77369,36.59685],[136.77353,36.59689],[136.77329,36.59693],[136.77302,36.59698],[136.77276,36.59699],[136.77248,36.59699],[136.77222,36.59698],[136.77202,36.59697],[136.77186,36.59693],[136.77167,36.59688],[136.77149,36.59678],[136.77129,36.59665],[136.7712,36.5966],[136.77111,36.59653],[136.77059,36.59605],[136.77028,36.59577],[136.7701,36.59559],[136.76999,36.59552],[136.76992,36.59546],[136.76986,36.59542],[136.76977,36.59537],[136.76964,36.5953],[136.76955,36.59527],[136.76949,36.59524],[136.7694,36.59521],[136.76934,36.59519],[136.76925,36.59517],[136.76911,36.59514],[136.76896,36.59513],[136.76879,36.59512],[136.76848,36.59512],[136.76737,36.59512],[136.76703,36.59512],[136.76653,36.59514],[136.76606,36.59516],[136.76568,36.59517],[136.76536,36.59517],[136.76502,36.59515],[136.76415,36.59512],[136.76339,36.59508],[136.76314,36.59508],[136.76288,36.59503],[136.76201,36.5948],[136.76182,36.59472],[136.76169,36.59464],[136.76127,36.59425],[136.7607,36.59395],[136.76034,36.59377],[136.76023,36.5937],[136.75976,36.59321],[136.75957,36.5931],[136.75939,36.59304],[136.75887,36.59292],[136.7587,36.59285],[136.7586,36.59278],[136.75792,36.59232],[136.75781,36.59227]]}},{"type":"Feature","properties":{"census":"16303590360","color":32,"Linenum":2,"12H_trf":3361,"24H_trf":4705,"konz":0.5,"speed_ME":53.5,"speed_DT":52.8},"geometry":{"type":"LineString","coordinates":[[136.80176,36.62696],[136.80192,36.62703],[136.80221,36.62719],[136.80244,36.62734],[136.80275,36.62754],[136.80294,36.62766],[136.8032,36.62777],[136.80348,36.62785],[136.80365,36.62789],[136.80387,36.62791],[136.80436,36.62791],[136.80473,36.62788],[136.80494,36.62787],[136.80511,36.62789],[136.80598,36.62807],[136.80615,36.62813],[136.80632,36.6282],[136.80648,36.62833],[136.80682,36.62858],[136.80705,36.6287],[136.80738,36.62881],[136.80758,36.62886],[136.80787,36.62891],[136.80815,36.62894],[136.80877,36.62897],[136.80926,36.62898],[136.80961,36.62898],[136.80989,36.62896],[136.81012,36.62897],[136.8103,36.629],[136.81044,36.62908],[136.81057,36.62918],[136.81079,36.62933],[136.811,36.62946],[136.81123,36.62957],[136.81147,36.62965],[136.81169,36.6297],[136.81189,36.62972],[136.81205,36.62973],[136.81228,36.62968],[136.8128,36.62953],[136.81298,36.62947],[136.81317,36.62948],[136.81359,36.62953],[136.81407,36.6296],[136.8142,36.62962],[136.81437,36.6296],[136.8148,36.62953],[136.81515,36.62949],[136.81549,36.62948],[136.81587,36.62951],[136.81616,36.62955],[136.81648,36.62961],[136.81677,36.62968],[136.81694,36.62974],[136.81712,36.62983],[136.81718,36.62988],[136.81727,36.62999],[136.81736,36.63014],[136.81761,36.63048],[136.81781,36.63073],[136.81794,36.63086],[136.81808,36.63093],[136.81828,36.63102],[136.81849,36.63107],[136.81868,36.6311],[136.81897,36.63111],[136.81968,36.63107],[136.82041,36.63106],[136.82061,36.63107],[136.82077,36.63108],[136.8209,36.63112],[136.82164,36.63132],[136.82283,36.63152],[136.82315,36.63157],[136.82402,36.63173],[136.82435,36.63178],[136.82484,36.63185],[136.82502,36.63188],[136.8255,36.63193],[136.82609,36.63198],[136.82669,36.63202],[136.82811,36.6321],[136.82843,36.63214],[136.8303,36.63228]]}},{"type":"Feature","properties":{"census":"17303590010","color":32,"Linenum":2,"12H_trf":3125,"24H_trf":4375,"konz":0.43,"speed_ME":51.0,"speed_DT":50.5},"geometry":{"type":"LineString","coordinates":[[136.78066,36.61965],[136.78087,36.61973],[136.781,36.61979],[136.78119,36.61992],[136.78222,36.62081],[136.7824,36.62097],[136.78267,36.62131],[136.7829,36.62158],[136.78307,36.62171],[136.78325,36.62181],[136.78362,36.62199],[136.7838,36.6221],[136.78394,36.62213],[136.78411,36.62213],[136.78432,36.62206]]}},{"type":"Feature","properties":{"census":"17303590020","color":32,"Linenum":2,"12H_trf":3125,"24H_trf":4375,"konz":0.43,"speed_ME":55.2,"speed_DT":54.8},"geometry":{"type":"LineString","coordinates":[[136.78066,36.61965],[136.7804,36.6196],[136.78017,36.61959],[136.77996,36.6196],[136.77971,36.61964],[136.77938,36.61976],[136.77907,36.61988],[136.77825,36.62028],[136.77799,36.6204],[136.77776,36.62044],[136.7775,36.62047],[136.77711,36.62047],[136.77511,36.62042],[136.77373,36.6204],[136.77346,36.62037],[136.77321,36.62032],[136.77295,36.62021],[136.77256,36.62002]]}},{"type":"Feature","properties":{"census":"16303040010","color":32,"Linenum":2,"12H_trf":1948,"24H_trf":2429,"konz":0.23,"speed_ME":62.5,"speed_DT":60.7},"geometry":{"type":"LineString","coordinates":[[136.79278,36.59023],[136.79329,36.59043],[136.7936,36.59059],[136.79381,36.5907],[136.79395,36.5908],[136.79421,36.59104],[136.79441,36.59127],[136.79458,36.59156],[136.79476,36.59192],[136.7949,36.59219],[136.79502,36.59243],[136.79517,36.59266],[136.79539,36.59289],[136.79561,36.59308],[136.79581,36.59323],[136.79595,36.59328],[136.79612,36.59337],[136.79638,36.59349],[136.7968,36.59363],[136.79867,36.59395],[136.799,36.59402],[136.79932,36.59411],[136.79961,36.59423],[136.79995,36.59436],[136.80053,36.59468]]}},{"type":"Feature","properties":{"census":"16303040020","color":32,"Linenum":2,"12H_trf":1948,"24H_trf":2429,"konz":0.23,"speed_ME":60.0,"speed_DT":59.0},"geometry":{"type":"LineString","coordinates":[[136.8457,36.58226],[136.84385,36.58318],[136.84358,36.58334],[136.84243,36.5839],[136.84077,36.58476],[136.83882,36.58587],[136.83811,36.58629],[136.83795,36.58639],[136.83789,36.58643],[136.83757,36.58664],[136.83732,36.58684],[136.83703,36.58709],[136.83668,36.58743],[136.83639,36.58778],[136.83598,36.58825],[136.83572,36.5885],[136.83549,36.5887],[136.8352,36.5889],[136.83488,36.58909],[136.83457,36.58925],[136.83403,36.58949],[136.83241,36.59005],[136.83197,36.5902],[136.83161,36.59031],[136.83136,36.59035],[136.83113,36.59037],[136.83064,36.5904],[136.83021,36.59044],[136.82988,36.59049],[136.82959,36.59056],[136.82928,36.59068],[136.82896,36.59084],[136.82806,36.59129],[136.82756,36.59151],[136.82725,36.59163],[136.82693,36.59171],[136.82653,36.5918],[136.82615,36.59186],[136.82576,36.5919],[136.82423,36.59196],[136.82386,36.59201],[136.82354,36.59207],[136.82315,36.59215],[136.82257,36.59234],[136.8215,36.59275],[136.82136,36.5928],[136.82066,36.59309],[136.82026,36.59322],[136.81997,36.59329],[136.81951,36.59334],[136.81907,36.59338],[136.81871,36.59337],[136.81825,36.59331],[136.81782,36.59323],[136.81538,36.59262],[136.81344,36.59213],[136.81234,36.59185],[136.81182,36.59174],[136.81152,36.59171],[136.81123,36.59169],[136.81091,36.59169],[136.81037,36.59174],[136.81005,36.59179],[136.80972,36.59187],[136.80944,36.59196],[136.80915,36.59207],[136.80873,36.5923],[136.80839,36.59251],[136.80798,36.59275],[136.80752,36.59304],[136.80725,36.59322],[136.8069,36.5934],[136.80671,36.5935],[136.80638,36.59364],[136.806,36.59377],[136.80551,36.59393],[136.80506,36.59405],[136.80473,36.59417],[136.80445,36.59428],[136.80409,36.59451],[136.80375,36.59475],[136.80354,36.59492],[136.80331,36.59509],[136.80302,36.59525],[136.80278,36.59534],[136.80256,36.59538],[136.80229,36.5954],[136.80212,36.5954],[136.80195,36.59537],[136.80176,36.59532]]}},{"type":"Feature","properties":{"census":"16304710010","color":32,"Linenum":2,"12H_trf":481,"24H_trf":678,"konz":0.12,"speed_ME":48.9,"speed_DT":50.0},"geometry":{"type":"LineString","coordinates":[[136.82363,36.6975],[136.82307,36.69778],[136.82284,36.69793],[136.82249,36.69819],[136.822,36.69858],[136.82179,36.69881],[136.82164,36.69902],[136.82151,36.69914],[136.82139,36.69921],[136.82124,36.69922],[136.82112,36.69924],[136.82063,36.69929],[136.82048,36.69935],[136.82026,36.69945],[136.82,36.69967],[136.81982,36.69986],[136.81968,36.69998],[136.81904,36.70038],[136.81851,36.70071],[136.81839,36.70082],[136.81829,36.70093],[136.8182,36.70111],[136.81803,36.70135],[136.81778,36.70164],[136.81741,36.70203],[136.81681,36.70272],[136.81669,36.70284],[136.81657,36.70292],[136.81642,36.70299],[136.81626,36.70301],[136.81605,36.70301],[136.81546,36.70296],[136.81527,36.70298],[136.81512,36.70302],[136.81501,36.70308],[136.81489,36.70317],[136.81452,36.70351],[136.81439,36.70366]]}},{"type":"Feature","properties":{"census":"16304710020","color":32,"Linenum":2,"12H_trf":481,"24H_trf":678,"konz":0.12,"speed_ME":48.6,"speed_DT":49.7},"geometry":{"type":"LineString","coordinates":[[136.82333,36.69214],[136.82331,36.69226],[136.82334,36.6924],[136.82342,36.6925],[136.82362,36.69266],[136.82392,36.69291],[136.82402,36.69301],[136.82434,36.69347],[136.82482,36.69427],[136.82496,36.69455],[136.82502,36.69476],[136.82505,36.69497],[136.82502,36.69516],[136.82478,36.69592],[136.8246,36.6965],[136.82453,36.69667],[136.82444,36.69682],[136.82414,36.69714],[136.82395,36.69732],[136.82363,36.6975]]}},{"type":"Feature","properties":{"census":"16304710030","color":32,"Linenum":2,"12H_trf":481,"24H_trf":678,"konz":0.12,"speed_ME":46.3,"speed_DT":49.8},"geometry":{"type":"LineString","coordinates":[[136.8457,36.67915],[136.8457,36.67915],[136.84553,36.67938],[136.84541,36.67954],[136.84523,36.67971],[136.8448,36.68008],[136.84466,36.68018],[136.84446,36.68028],[136.84434,36.68035],[136.84423,36.68043],[136.84397,36.68061],[136.84375,36.68075],[136.84346,36.68096],[136.84336,36.68104],[136.84312,36.68127],[136.84301,36.68138],[136.84294,36.68144],[136.84288,36.68148],[136.84278,36.68152],[136.84269,36.68156],[136.8426,36.68157],[136.84249,36.68158],[136.84239,36.68157],[136.84216,36.68156],[136.84199,36.68154],[136.84188,36.68153],[136.84179,36.68154],[136.84169,36.68156],[136.84161,36.68159],[136.8415,36.68164],[136.84121,36.68178],[136.84108,36.68185],[136.84098,36.68188],[136.84086,36.68192],[136.84079,36.68193],[136.84063,36.68194],[136.84053,36.68194],[136.84025,36.68193],[136.84013,36.68193],[136.84002,36.68194],[136.83992,36.68196],[136.83981,36.68198],[136.8397,36.68201],[136.8395,36.68209],[136.83937,36.68213],[136.83886,36.68233],[136.83851,36.68246],[136.8384,36.68249],[136.83828,36.68252],[136.83795,36.68258],[136.83784,36.68261],[136.83775,36.68264],[136.83766,36.68268],[136.83761,36.68273],[136.83755,36.68278],[136.8375,36.68283],[136.83744,36.68289],[136.83741,36.68296],[136.8374,36.68302],[136.83738,36.68311],[136.83738,36.68318],[136.83738,36.68325],[136.83741,36.68349],[136.83744,36.68366],[136.83746,36.68377],[136.83746,36.68386],[136.83746,36.68396],[136.83743,36.68407],[136.83741,36.68417],[136.83738,36.68428],[136.83735,36.68436],[136.83732,36.68446],[136.83726,36.68458],[136.83721,36.68468],[136.83717,36.68477],[136.83712,36.68488],[136.83708,36.68496],[136.83689,36.68521],[136.83665,36.68555],[136.83631,36.68606],[136.8361,36.6864],[136.83595,36.68676],[136.83587,36.68698],[136.83531,36.68796],[136.83511,36.68825],[136.83496,36.6884],[136.83477,36.68853],[136.83398,36.68899],[136.83364,36.68913],[136.83306,36.68936],[136.83287,36.68946],[136.83253,36.68955],[136.83236,36.68959],[136.83219,36.68958],[136.83155,36.68947],[136.83134,36.68945],[136.83096,36.68943],[136.83052,36.68941],[136.83036,36.68941],[136.82989,36.68939],[136.82968,36.68937],[136.82954,36.68933],[136.82934,36.6893],[136.8292,36.68928],[136.82905,36.68927],[136.82893,36.6893],[136.82879,36.68937],[136.82849,36.68959],[136.82806,36.68987],[136.82763,36.69021],[136.82704,36.6906],[136.82682,36.69077],[136.82647,36.691],[136.82615,36.69126],[136.82597,36.69135],[136.8255,36.69161],[136.82527,36.69172],[136.82511,36.69177],[136.8249,36.69181],[136.8247,36.69185],[136.82357,36.692],[136.82337,36.69208],[136.82333,36.69214]]}},{"type":"Feature","properties":{"census":"16303590340","color":32,"Linenum":2,"12H_trf":3361,"24H_trf":4705,"konz":0.5,"speed_ME":42.6,"speed_DT":44.3},"geometry":{"type":"LineString","coordinates":[[136.8457,36.632],[136.84545,36.632],[136.84397,36.63199],[136.84336,36.63201],[136.84317,36.63202],[136.84292,36.63206],[136.84262,36.63212],[136.84187,36.63231],[136.84132,36.63243],[136.84094,36.63252],[136.84068,36.63256],[136.8404,36.63259],[136.84017,36.63261],[136.83976,36.63261],[136.8396,36.63261],[136.83882,36.63258],[136.83833,36.63261],[136.83767,36.63259],[136.83743,36.63258],[136.83709,36.63253],[136.83639,36.6325],[136.83621,36.63252],[136.83561,36.63262],[136.83546,36.63266],[136.83519,36.63268],[136.83471,36.63269]]}},{"type":"Feature","properties":{"census":"16303590350","color":32,"Linenum":2,"12H_trf":3361,"24H_trf":4705,"konz":0.5,"speed_ME":35.0,"speed_DT":39.2},"geometry":{"type":"LineString","coordinates":[[136.8303,36.63228],[136.83175,36.63224],[136.83241,36.63225],[136.83256,36.63227],[136.83265,36.63229],[136.83299,36.63238],[136.83329,36.63248],[136.83366,36.63259],[136.83381,36.63263],[136.83396,36.63267],[136.8341,36.63269],[136.83427,36.6327],[136.83471,36.63269]]}},{"type":"Feature","properties":{"census":"17400080100","color":40,"Linenum":4,"12H_trf":23370,"24H_trf":30381,"konz":0.92,"speed_ME":19.0,"speed_DT":28.9},"geometry":{"type":"MultiLineString","coordinates":[[[136.58732,36.57873],[136.58695,36.57901]],[[136.58695,36.57901],[136.5866,36.57861],[136.58627,36.57825],[136.58593,36.5778],[136.58558,36.5773],[136.58529,36.57674],[136.58482,36.57582],[136.58448,36.57513],[136.58406,36.5742],[136.58349,36.57303],[136.58306,36.57218],[136.58227,36.57054],[136.58203,36.57002]],[[136.58203,36.56888],[136.58226,36.56944],[136.58232,36.56959],[136.58241,36.56976],[136.5827,36.5704],[136.58273,36.57046],[136.58325,36.57149],[136.58351,36.57204],[136.58396,36.57289],[136.5845,36.57407],[136.58488,36.57487],[136.58526,36.57566],[136.58563,36.57631],[136.58593,36.57691],[136.58601,36.57702],[136.58641,36.57764],[136.5866,36.57792],[136.58694,36.57832],[136.58732,36.57873]]]}},{"type":"Feature","properties":{"census":"17400250120","color":40,"Linenum":2,"12H_trf":14158,"24H_trf":18547,"konz":1.47,"speed_ME":34.0,"speed_DT":35.7},"geometry":{"type":"LineString","coordinates":[[136.58203,36.58001],[136.58226,36.58025],[136.58274,36.58084],[136.58296,36.58116],[136.583,36.58122],[136.58314,36.5815],[136.58328,36.58173],[136.58341,36.58191],[136.5836,36.58183],[136.58413,36.58162],[136.58526,36.58113],[136.58705,36.58039]]}},{"type":"Feature","properties":{"census":"17400250130","color":40,"Linenum":2,"12H_trf":14158,"24H_trf":18547,"konz":1.47,"speed_ME":31.9,"speed_DT":36.0},"geometry":{"type":"LineString","coordinates":[[136.55435,36.55726],[136.55439,36.55733],[136.55453,36.55742],[136.55476,36.55758],[136.5557,36.55822],[136.55583,36.55829],[136.55635,36.55863],[136.55696,36.55904],[136.5576,36.55949],[136.55798,36.55977],[136.55876,36.56039],[136.55931,36.56084],[136.55976,36.56117],[136.55989,36.56123],[136.56022,36.56143],[136.5612,36.56183],[136.56159,36.562],[136.56198,36.56219],[136.56231,36.56239],[136.56251,36.5626]]}},{"type":"Feature","properties":{"census":"17400080090","color":40,"Linenum":4,"12H_trf":23370,"24H_trf":30381,"konz":0.92,"speed_ME":7.9,"speed_DT":14.5},"geometry":{"type":"MultiLineString","coordinates":[[[136.57939,36.55984],[136.57923,36.55909],[136.5792,36.55882],[136.5792,36.55858],[136.57917,36.55804],[136.5792,36.55772],[136.5792,36.55745]],[[136.57969,36.55753],[136.57968,36.55813],[136.57969,36.55858],[136.57972,36.5591],[136.57981,36.55954],[136.57986,36.55977]],[[136.57969,36.55742],[136.57969,36.55753]]]}},{"type":"Feature","properties":{"census":"17400080310","color":40,"Linenum":6,"12H_trf":22778,"24H_trf":29611,"konz":0.74,"speed_ME":10.4,"speed_DT":15.8},"geometry":{"type":"LineString","coordinates":[[136.58256,36.52559],[136.58203,36.52625]]}},{"type":"Feature","properties":{"census":"17400080320","color":40,"Linenum":6,"12H_trf":22778,"24H_trf":29611,"konz":0.74,"speed_ME":9.1,"speed_DT":20.4},"geometry":{"type":"MultiLineString","coordinates":[[[136.57977,36.52958],[136.58006,36.52894],[136.58032,36.5285]],[[136.58035,36.52752],[136.57978,36.5284],[136.57954,36.52886],[136.57928,36.52945]]]}},{"type":"Feature","properties":{"census":"17400080330","color":40,"Linenum":4,"12H_trf":22778,"24H_trf":29611,"konz":1.32,"speed_ME":19.8,"speed_DT":29.4},"geometry":{"type":"MultiLineString","coordinates":[[[136.57928,36.52945],[136.5791,36.53003],[136.579,36.53053],[136.57893,36.53103],[136.57887,36.53184],[136.57882,36.53243],[136.57872,36.53427],[136.57868,36.53491],[136.57865,36.53544],[136.57861,36.53605],[136.57855,36.53705],[136.57855,36.53793],[136.57858,36.53838],[136.57868,36.53964],[136.57881,36.54099],[136.57899,36.54288]],[[136.57977,36.52958],[136.57957,36.5302],[136.57948,36.53054],[136.57942,36.53098],[136.57934,36.53184],[136.57928,36.53266],[136.57916,36.53441],[136.57916,36.53451],[136.57913,36.53499],[136.57908,36.53547],[136.57904,36.53674],[136.57902,36.53714],[136.57902,36.53758],[136.57902,36.5381],[136.57907,36.53867],[136.57916,36.53967],[136.57929,36.54107],[136.57943,36.54282]]]}},{"type":"Feature","properties":{"census":"17400080340","color":40,"Linenum":4,"12H_trf":22778,"24H_trf":29611,"konz":1.13,"speed_ME":13.8,"speed_DT":26.0},"geometry":{"type":"MultiLineString","coordinates":[[[136.57978,36.54633],[136.57951,36.54343],[136.57943,36.54282]],[[136.57933,36.54623],[136.5792,36.54516],[136.57899,36.54288]]]}},{"type":"Feature","properties":{"census":"17400080350","color":40,"Linenum":4,"12H_trf":23370,"24H_trf":30381,"konz":1.14,"speed_ME":14.4,"speed_DT":24.8},"geometry":{"type":"MultiLineString","coordinates":[[[136.57923,36.55738],[136.57942,36.5564],[136.57954,36.55605],[136.57969,36.55557],[136.57986,36.55486],[136.57992,36.5545],[136.57997,36.55399],[136.58,36.55349],[136.57997,36.55327]],[[136.58044,36.5535],[136.58045,36.55368],[136.58044,36.55407],[136.58042,36.55431],[136.58033,36.55484],[136.58023,36.55527],[136.58009,36.55581],[136.57992,36.55635],[136.57978,36.55697],[136.57969,36.55733]],[[136.58044,36.55339],[136.58044,36.5535]],[[136.58043,36.55325],[136.58044,36.55339]],[[136.57997,36.55327],[136.57996,36.55319]],[[136.58043,36.55319],[136.58043,36.55325]],[[136.58018,36.55042],[136.58042,36.553],[136.58043,36.55319]],[[136.57996,36.55319],[136.57995,36.55305]],[[136.57995,36.55305],[136.57994,36.55295]],[[136.57994,36.55295],[136.57992,36.55281],[136.57987,36.55207],[136.57974,36.55053]],[[136.57974,36.55053],[136.57974,36.55039]]]}},{"type":"Feature","properties":{"census":"17400080360","color":40,"Linenum":4,"12H_trf":23370,"24H_trf":30381,"konz":0.92,"speed_ME":10.4,"speed_DT":15.3},"geometry":{"type":"MultiLineString","coordinates":[[[136.57923,36.55738],[136.5792,36.55745]],[[136.57969,36.55733],[136.57969,36.55742]]]}},{"type":"Feature","properties":{"census":"17400080400","color":40,"Linenum":4,"12H_trf":23370,"24H_trf":30381,"konz":1.02,"speed_ME":14.6,"speed_DT":20.7},"geometry":{"type":"MultiLineString","coordinates":[[[136.57978,36.54633],[136.57984,36.54709],[136.58,36.54849],[136.58018,36.55042]],[[136.57974,36.55039],[136.57969,36.55024],[136.57957,36.54884],[136.57945,36.54752],[136.57936,36.54639]],[[136.57936,36.54639],[136.57933,36.54623]]]}},{"type":"Feature","properties":{"census":"17400080420","color":40,"Linenum":2,"12H_trf":0,"24H_trf":0,"konz":0.0,"speed_ME":0.0,"speed_DT":0.0},"geometry":{"type":"MultiLineString","coordinates":[[[136.58043,36.55319],[136.58055,36.55325],[136.58073,36.55338]],[[136.57994,36.55295],[136.58006,36.55301],[136.58043,36.55319]],[[136.57974,36.55053],[136.57954,36.55053],[136.57934,36.55057],[136.57923,36.55061],[136.57913,36.55066],[136.57905,36.55072],[136.57899,36.55088],[136.579,36.55126],[136.579,36.5519],[136.57902,36.55215],[136.57908,36.55235],[136.57914,36.55249],[136.57929,36.55262],[136.57945,36.55273],[136.57968,36.55283],[136.57994,36.55295]],[[136.57661,36.55182],[136.57705,36.5519],[136.57774,36.55211],[136.5782,36.55221],[136.57838,36.55221],[136.57859,36.55217],[136.57873,36.5521],[136.57881,36.552],[136.57887,36.55188],[136.57887,36.55175],[136.57881,36.55126],[136.57879,36.55098],[136.57882,36.5508],[136.5789,36.55068],[136.57902,36.55054],[136.5792,36.55047],[136.57942,36.55042],[136.57974,36.55039]]]}},{"type":"Feature","properties":{"census":"17400080430","color":40,"Linenum":2,"12H_trf":0,"24H_trf":0,"konz":0.0,"speed_ME":0.0,"speed_DT":0.0},"geometry":{"type":"MultiLineString","coordinates":[[[136.58055,36.55728],[136.58045,36.55739],[136.58035,36.55745],[136.58023,36.55749],[136.58006,36.55752],[136.57969,36.55753]],[[136.57969,36.55742],[136.57992,36.55741],[136.5802,36.55738],[136.58032,36.55733],[136.58036,36.55729]]]}},{"type":"Feature","properties":{"census":"17400080440","color":40,"Linenum":2,"12H_trf":0,"24H_trf":0,"konz":0.0,"speed_ME":0.0,"speed_DT":0.0},"geometry":{"type":"MultiLineString","coordinates":[[[136.58064,36.55629],[136.58062,36.55634],[136.58047,36.55707],[136.58044,36.55717],[136.58036,36.55729]],[[136.58073,36.55657],[136.58065,36.55701],[136.58061,36.55716],[136.58055,36.55728]]]}},{"type":"Feature","properties":{"census":"17400080450","color":40,"Linenum":2,"12H_trf":0,"24H_trf":0,"konz":0.0,"speed_ME":0.0,"speed_DT":0.0},"geometry":{"type":"LineString","coordinates":[[136.58335,36.55469],[136.58302,36.55459],[136.58259,36.55442],[136.58213,36.55424],[136.58203,36.55422]]}},{"type":"Feature","properties":{"census":"17400250140","color":40,"Linenum":2,"12H_trf":14158,"24H_trf":18547,"konz":1.47,"speed_ME":34.9,"speed_DT":37.8},"geometry":{"type":"LineString","coordinates":[[136.55435,36.55726],[136.55416,36.55728],[136.55305,36.55733],[136.55252,36.55735],[136.55174,36.55739],[136.5503,36.55746],[136.54981,36.55747],[136.54936,36.55749],[136.54908,36.55749],[136.54907,36.55716],[136.54899,36.55598],[136.54895,36.55569],[136.54887,36.55538],[136.54872,36.55505],[136.54862,36.55481],[136.54795,36.5531],[136.54777,36.55291],[136.54673,36.55211],[136.54591,36.55151],[136.54548,36.55118],[136.54499,36.55078],[136.54469,36.55048],[136.54333,36.54934],[136.54258,36.54873],[136.54106,36.54743],[136.54078,36.54722],[136.54057,36.54696],[136.54029,36.54669],[136.54008,36.54641],[136.53948,36.54558],[136.53854,36.54433],[136.53837,36.54411],[136.53825,36.544],[136.53809,36.54386]]}},{"type":"Feature","properties":{"census":"17400080020","color":40,"Linenum":2,"12H_trf":10165,"24H_trf":13418,"konz":1.28,"speed_ME":32.5,"speed_DT":37.6},"geometry":{"type":"LineString","coordinates":[[136.58758,36.49783],[136.58761,36.4982],[136.5876,36.49847],[136.58758,36.49878],[136.58743,36.49897],[136.58662,36.5],[136.58587,36.50094],[136.58508,36.50197],[136.58442,36.50279],[136.58419,36.50306],[136.58416,36.50312],[136.58265,36.50502],[136.58203,36.50581]]}},{"type":"Feature","properties":{"census":"17400080030","color":40,"Linenum":2,"12H_trf":10165,"24H_trf":13418,"konz":1.15,"speed_ME":16.6,"speed_DT":21.8},"geometry":{"type":"MultiLineString","coordinates":[[[136.57505,36.51576],[136.57493,36.51589]],[[136.57971,36.50905],[136.57942,36.50949],[136.57865,36.5106],[136.57795,36.51159],[136.57713,36.51277],[136.57624,36.51405],[136.57563,36.51489],[136.57505,36.51576]]]}},{"type":"Feature","properties":{"census":"17400080300","color":40,"Linenum":6,"12H_trf":22778,"24H_trf":29611,"konz":0.74,"speed_ME":5.1,"speed_DT":5.8},"geometry":{"type":"MultiLineString","coordinates":[[[136.58345,36.52445],[136.58316,36.52478],[136.58296,36.52504],[136.58259,36.52554],[136.58256,36.52559]],[[136.58329,36.52433],[136.58305,36.5246],[136.58287,36.52478],[136.58265,36.52496],[136.58232,36.52523],[136.58216,36.52538],[136.58203,36.52552]]]}},{"type":"Feature","properties":{"census":"17400220180","color":40,"Linenum":4,"12H_trf":20593,"24H_trf":26565,"konz":0.84,"speed_ME":28.4,"speed_DT":37.4},"geometry":{"type":"MultiLineString","coordinates":[[[136.58203,36.47456],[136.58204,36.47564],[136.58213,36.47709],[136.58219,36.47883],[136.58222,36.47975],[136.58229,36.48106],[136.58235,36.48249]],[[136.58203,36.47947],[136.58204,36.47974],[136.5821,36.48111],[136.58213,36.48244]]]}},{"type":"Feature","properties":{"census":"17400220190","color":40,"Linenum":4,"12H_trf":20593,"24H_trf":26565,"konz":0.84,"speed_ME":17.9,"speed_DT":20.3},"geometry":{"type":"MultiLineString","coordinates":[[[136.57971,36.46801],[136.58007,36.46852]],[[136.57989,36.46798],[136.58027,36.46851]]]}},{"type":"Feature","properties":{"census":"17400220200","color":40,"Linenum":4,"12H_trf":20593,"24H_trf":26565,"konz":0.81,"speed_ME":45.8,"speed_DT":42.6},"geometry":{"type":"MultiLineString","coordinates":[[[136.5764,36.46207],[136.57646,36.46239],[136.57652,36.46284],[136.57675,36.46374],[136.57679,36.46396],[136.57685,36.46414],[136.57698,36.4644],[136.57716,36.46483],[136.57734,36.46516],[136.57759,36.46554],[136.57777,36.46579],[136.57817,36.46625],[136.57885,36.46701],[136.57926,36.46747],[136.57971,36.46801]],[[136.57658,36.46207],[136.57666,36.46239],[136.57673,36.46283],[136.57695,36.46373],[136.57699,36.4639],[136.57704,36.46408],[136.57716,36.46435],[136.5773,36.46468],[136.57743,36.46493],[136.5776,36.46523],[136.57777,36.46548],[136.57792,36.46571],[136.5781,36.46592],[136.57865,36.46656],[136.57942,36.4674],[136.57989,36.46798]]]}},{"type":"Feature","properties":{"census":"17400220210","color":40,"Linenum":4,"12H_trf":20593,"24H_trf":26565,"konz":0.9,"speed_ME":32.8,"speed_DT":42.3},"geometry":{"type":"MultiLineString","coordinates":[[[136.57386,36.45422],[136.57423,36.45466],[136.57456,36.45508],[136.57484,36.45549],[136.57507,36.45591],[136.57521,36.45617],[136.57536,36.45658],[136.57538,36.45664]],[[136.57362,36.45424],[136.57406,36.45475],[136.57438,36.45515],[136.57469,36.45563],[136.57482,36.45589],[136.57498,36.45618],[136.57516,36.4566],[136.57517,36.45664]]]}},{"type":"Feature","properties":{"census":"17400220400","color":40,"Linenum":2,"12H_trf":2107,"24H_trf":2908,"konz":0.29,"speed_ME":7.4,"speed_DT":13.0},"geometry":{"type":"LineString","coordinates":[[136.58203,36.48243],[136.58213,36.48244]]}},{"type":"Feature","properties":{"census":"17400220410","color":40,"Linenum":2,"12H_trf":2107,"24H_trf":2908,"konz":0.29,"speed_ME":34.7,"speed_DT":39.4},"geometry":{"type":"LineString","coordinates":[[136.57923,36.48226],[136.57783,36.48222],[136.57653,36.48216],[136.57612,36.48214],[136.57582,36.48216],[136.57553,36.48218],[136.57498,36.48224],[136.5745,36.48233],[136.57408,36.48243],[136.57356,36.48259],[136.57334,36.48264],[136.57283,36.48286],[136.57099,36.48362],[136.57038,36.48385],[136.57011,36.48393],[136.56938,36.48408],[136.56776,36.4842],[136.56707,36.48422],[136.56561,36.48429],[136.5643,36.48435]]}},{"type":"Feature","properties":{"census":"17400220420","color":40,"Linenum":2,"12H_trf":2107,"24H_trf":2908,"konz":0.29,"speed_ME":28.3,"speed_DT":32.0},"geometry":{"type":"LineString","coordinates":[[136.56187,36.47524],[136.56199,36.47535],[136.56275,36.47609],[136.56288,36.47625],[136.56294,36.47635],[136.56303,36.47669],[136.56306,36.47704],[136.56307,36.47737],[136.56306,36.47752],[136.56312,36.47776],[136.56315,36.47794],[136.56347,36.47872],[136.56376,36.47944],[136.56445,36.48112],[136.56477,36.48188],[136.56484,36.48214],[136.56488,36.48246],[136.56483,36.48277],[136.56462,36.4834],[136.56454,36.48365],[136.5643,36.48435]]}},{"type":"Feature","properties":{"census":"17400220430","color":40,"Linenum":2,"12H_trf":2107,"24H_trf":2908,"konz":0.31,"speed_ME":23.5,"speed_DT":25.2},"geometry":{"type":"LineString","coordinates":[[136.55723,36.47187],[136.55784,36.47225],[136.55804,36.47237],[136.55815,36.47246],[136.55825,36.47254],[136.55839,36.4727],[136.55865,36.47306],[136.5588,36.47324],[136.55885,36.47329],[136.55897,36.47335],[136.55909,36.47337],[136.55929,36.47339],[136.55992,36.47343],[136.56002,36.47345],[136.56015,36.47358],[136.56062,36.47403],[136.56111,36.47452],[136.56144,36.47485],[136.56153,36.47493],[136.56187,36.47524]]}},{"type":"Feature","properties":{"census":"17400220440","color":40,"Linenum":2,"12H_trf":2107,"24H_trf":2908,"konz":0.31,"speed_ME":36.7,"speed_DT":37.0},"geometry":{"type":"LineString","coordinates":[[136.55723,36.47187],[136.55615,36.47127],[136.55511,36.47065],[136.55421,36.47015],[136.554,36.47],[136.55372,36.46984],[136.55276,36.46931],[136.55198,36.46885],[136.55183,36.46877],[136.55064,36.46806],[136.55053,36.46797],[136.5505,36.46793],[136.55047,36.46788],[136.55046,36.4678]]}},{"type":"Feature","properties":{"census":"17400220450","color":40,"Linenum":2,"12H_trf":2107,"24H_trf":2908,"konz":0.31,"speed_ME":29.9,"speed_DT":29.8},"geometry":{"type":"MultiLineString","coordinates":[[[136.54945,36.46764],[136.54945,36.46783]],[[136.54714,36.46117],[136.54731,36.46268],[136.54739,36.46342],[136.5474,36.46361],[136.5475,36.46434],[136.54753,36.46467],[136.54762,36.46534],[136.54783,36.46539],[136.54794,36.46545],[136.54803,36.46551],[136.54809,36.46559],[136.54817,36.46574],[136.5485,36.46632],[136.5487,36.4666],[136.54896,36.46699],[136.54907,36.46711],[136.54925,36.46721],[136.54934,36.46729],[136.54939,36.46735],[136.54942,36.46741],[136.54942,36.46747],[136.54943,36.46754],[136.54945,36.46764]]]}},{"type":"Feature","properties":{"census":"17400220460","color":40,"Linenum":2,"12H_trf":2107,"24H_trf":2908,"konz":0.37,"speed_ME":29.9,"speed_DT":29.8},"geometry":{"type":"LineString","coordinates":[[136.54664,36.4524],[136.5465,36.45279],[136.5464,36.45313],[136.54631,36.45339],[136.54631,36.4535],[136.54629,36.45364],[136.54634,36.45418],[136.54652,36.45565],[136.5466,36.45639],[136.54663,36.45664]]}},{"type":"Feature","properties":{"census":"17400580050","color":40,"Linenum":2,"12H_trf":5700,"24H_trf":7581,"konz":0.8,"speed_ME":36.8,"speed_DT":43.4},"geometry":{"type":"LineString","coordinates":[[136.5643,36.48435],[136.56361,36.48437],[136.56338,36.48439],[136.56187,36.48444],[136.56098,36.48449],[136.56018,36.48454],[136.55891,36.48466],[136.55841,36.48473],[136.5579,36.48484],[136.55717,36.48503],[136.55621,36.48533],[136.5556,36.48556],[136.55525,36.48573],[136.55418,36.48628],[136.55403,36.48637],[136.55335,36.48675],[136.55297,36.487],[136.55262,36.4872],[136.55242,36.4873],[136.5523,36.48736],[136.55209,36.48747],[136.55143,36.48771],[136.55094,36.48785],[136.55053,36.48793],[136.55012,36.48799],[136.54972,36.48802],[136.54942,36.48802],[136.54908,36.48802],[136.54879,36.48799],[136.54777,36.48788],[136.54748,36.48785],[136.54734,36.48784],[136.54679,36.48784],[136.54624,36.48788],[136.54577,36.48793],[136.54452,36.48819],[136.5433,36.48845],[136.54257,36.48859],[136.5419,36.48874],[136.54148,36.48882],[136.54144,36.48883],[136.54095,36.48888],[136.54028,36.48892],[136.5397,36.48894],[136.53921,36.48898],[136.53871,36.48905],[136.53814,36.48918],[136.53809,36.48919]]}},{"type":"Feature","properties":{"census":"17400040090","color":40,"Linenum":2,"12H_trf":5233,"24H_trf":6960,"konz":0.73,"speed_ME":29.7,"speed_DT":30.8},"geometry":{"type":"LineString","coordinates":[[136.53809,36.45156],[136.54112,36.45209],[136.54179,36.45219],[136.54222,36.45228],[136.54321,36.45245],[136.54357,36.4525],[136.54382,36.45254],[136.54406,36.45257],[136.54447,36.45259],[136.5449,36.45256],[136.54664,36.4524]]}},{"type":"Feature","properties":{"census":"17400040100","color":40,"Linenum":2,"12H_trf":5468,"24H_trf":7218,"konz":0.53,"speed_ME":35.7,"speed_DT":35.0},"geometry":{"type":"MultiLineString","coordinates":[[[136.57362,36.45424],[136.57197,36.45426],[136.57118,36.45427],[136.57115,36.45428],[136.57078,36.4543],[136.57041,36.45434],[136.57019,36.45438],[136.56954,36.45447],[136.56925,36.45451],[136.56893,36.45455],[136.56849,36.45459],[136.56813,36.4546],[136.56762,36.4546],[136.56735,36.4546],[136.5669,36.45454],[136.56654,36.45448],[136.56623,36.45442],[136.56527,36.45423],[136.56323,36.45383],[136.56274,36.45374],[136.56227,36.45361],[136.56195,36.45351],[136.56187,36.45349],[136.56137,36.45333],[136.56077,36.45313],[136.56065,36.45309],[136.56018,36.45294],[136.55973,36.45284],[136.55932,36.45276],[136.55923,36.45275],[136.55908,36.45271],[136.55816,36.45257],[136.55783,36.45252],[136.55746,36.4525],[136.55712,36.45251],[136.55691,36.45253],[136.55665,36.45255],[136.55638,36.45262],[136.55613,36.45269],[136.55587,36.45278],[136.55564,36.45286],[136.55549,36.45292],[136.55531,36.45299],[136.55514,36.45304],[136.55493,36.45305],[136.55467,36.45307],[136.55427,36.45306],[136.55381,36.45306],[136.55361,36.45307],[136.55101,36.45308],[136.55078,36.45306],[136.55007,36.45294],[136.5498,36.4529],[136.54872,36.45269],[136.54859,36.45264],[136.54852,36.45259],[136.54837,36.45252],[136.54814,36.45245],[136.548,36.45243],[136.54754,36.45234],[136.5474,36.45233],[136.54699,36.45235],[136.54664,36.4524]],[[136.57386,36.45422],[136.57362,36.45424]]]}},{"type":"Feature","properties":{"census":"17400040110","color":40,"Linenum":2,"12H_trf":3346,"24H_trf":4684,"konz":0.42,"speed_ME":30.9,"speed_DT":30.7},"geometry":{"type":"LineString","coordinates":[[136.59394,36.45323],[136.59217,36.45304],[136.59188,36.45302],[136.59159,36.453],[136.59117,36.453],[136.59089,36.45303],[136.5906,36.45309],[136.59013,36.45319],[136.59002,36.45321],[136.58969,36.4533],[136.58943,36.45336],[136.58862,36.45356],[136.58842,36.45359],[136.58782,36.45373],[136.5875,36.4538],[136.58737,36.45382],[136.58729,36.45382],[136.58695,36.45382],[136.58674,36.4538],[136.5866,36.45382],[136.58644,36.45386],[136.58634,36.45394],[136.58628,36.45399],[136.58619,36.45399],[136.58596,36.45395],[136.58586,36.45394],[136.58564,36.45394],[136.58541,36.45394],[136.58509,36.45401],[136.58491,36.45403],[136.5847,36.45404],[136.58436,36.45403],[136.58306,36.45404],[136.58203,36.45407]]}},{"type":"Feature","properties":{"census":"17400220220","color":40,"Linenum":4,"12H_trf":14432,"24H_trf":18906,"konz":0.54,"speed_ME":33.8,"speed_DT":40.5},"geometry":{"type":"MultiLineString","coordinates":[[[136.55041,36.44409],[136.55134,36.44461],[136.5518,36.44486],[136.55226,36.44511],[136.55282,36.4454],[136.55328,36.44562],[136.55369,36.4458],[136.55421,36.44597],[136.55468,36.44613],[136.55517,36.44627],[136.55563,36.44639],[136.55584,36.44644],[136.55661,36.44661],[136.55752,36.44681],[136.55818,36.44694],[136.55874,36.44709],[136.55923,36.44726],[136.55967,36.44746],[136.56005,36.44767],[136.5605,36.44796],[136.56091,36.44826],[136.56138,36.44859],[136.56216,36.44917],[136.56265,36.4495],[136.56321,36.44982],[136.56352,36.44996],[136.56385,36.45009],[136.56413,36.45017],[136.56459,36.45028],[136.56501,36.45034],[136.56553,36.4504],[136.56614,36.45046],[136.56684,36.45053],[136.56727,36.4506],[136.56761,36.45064],[136.56781,36.45068],[136.56834,36.45085],[136.56871,36.45099],[136.56921,36.45123],[136.56965,36.45145],[136.57002,36.45169],[136.57055,36.45204],[136.57112,36.4524],[136.57183,36.45285],[136.57228,36.45315],[136.57287,36.45356],[136.5733,36.45392],[136.57362,36.45424]],[[136.5505,36.44394],[136.55142,36.44448],[136.5522,36.4449],[136.55279,36.44522],[136.55332,36.44547],[136.55378,36.44567],[136.55418,36.44581],[136.55471,36.44598],[136.55525,36.44613],[136.5557,36.44626],[136.55586,36.4463],[136.55674,36.44649],[136.55754,36.44666],[136.55816,36.4468],[136.5588,36.44697],[136.55914,36.44707],[136.55938,36.44716],[136.55973,36.44732],[136.5601,36.44752],[136.5605,36.44778],[136.56123,36.44829],[136.56187,36.44874],[136.56248,36.4492],[136.56254,36.44925],[136.56289,36.44946],[136.56329,36.44968],[136.56372,36.44987],[136.56398,36.44997],[136.56433,36.45006],[136.56474,36.45014],[136.56526,36.45022],[136.56587,36.45028],[136.56651,36.45034],[136.56721,36.45042],[136.56776,36.4505],[136.56814,36.4506],[136.56855,36.45074],[136.56898,36.45093],[136.56938,36.45111],[136.56976,36.45133],[136.57008,36.45153],[136.57063,36.45188],[136.57147,36.4524],[136.57196,36.45273],[136.5725,36.45308],[136.57302,36.45346],[136.57347,36.45381],[136.57386,36.45422]]]}},{"type":"Feature","properties":{"census":"17400220230","color":40,"Linenum":4,"12H_trf":14432,"24H_trf":18906,"konz":0.54,"speed_ME":37.0,"speed_DT":46.7},"geometry":{"type":"MultiLineString","coordinates":[[[136.53809,36.43257],[136.53831,36.43266],[136.53894,36.43293],[136.53953,36.4332],[136.5401,36.43348],[136.54055,36.43378],[136.54089,36.43401],[136.54121,36.43431],[136.5415,36.43463],[136.54168,36.43487],[136.54183,36.4351],[136.54203,36.43544],[136.54231,36.43593],[136.54237,36.4361],[136.54275,36.43696],[136.54302,36.43758],[136.54335,36.43823],[136.54357,36.43874],[136.54383,36.43918],[136.54408,36.43955],[136.54438,36.43997],[136.54479,36.44043],[136.5451,36.44072],[136.54542,36.44102],[136.54585,36.44136],[136.54618,36.4416],[136.54661,36.44189],[136.54679,36.442],[136.54725,36.44229],[136.54775,36.44257],[136.54814,36.44278],[136.54878,36.44314],[136.54963,36.44363],[136.55041,36.44409]],[[136.53809,36.4324],[136.5384,36.43254],[136.53897,36.43278],[136.53968,36.43309],[136.54022,36.43338],[136.54071,36.4337],[136.54109,36.43399],[136.54144,36.43433],[136.5417,36.43462],[136.54188,36.43487],[136.54205,36.43513],[136.54222,36.43541],[136.5424,36.43575],[136.54252,36.43596],[136.54321,36.43754],[136.54348,36.43814],[136.54376,36.43868],[136.544,36.43911],[136.54425,36.4395],[136.54455,36.43989],[136.54489,36.44027],[136.54522,36.44061],[136.54554,36.4409],[136.54588,36.44118],[136.54624,36.44144],[136.54664,36.44172],[136.54702,36.44195],[136.54751,36.44224],[136.54826,36.44266],[136.54902,36.44311],[136.54963,36.44345],[136.5505,36.44394]]]}},{"type":"Feature","properties":{"census":"17400220470","color":40,"Linenum":2,"12H_trf":2107,"24H_trf":2908,"konz":0.37,"speed_ME":23.5,"speed_DT":24.1},"geometry":{"type":"LineString","coordinates":[[136.54664,36.4524],[136.54684,36.45188],[136.5469,36.45174],[136.54699,36.4516],[136.5471,36.45145],[136.54728,36.45124],[136.54737,36.45114],[136.54748,36.45098],[136.54757,36.45075],[136.54772,36.45033],[136.54862,36.44772],[136.54884,36.4471],[136.54898,36.44677],[136.54916,36.44639],[136.54963,36.44553],[136.55007,36.44471],[136.55018,36.44451],[136.55041,36.44409]]}},{"type":"Feature","properties":{"census":"17400540150","color":40,"Linenum":2,"12H_trf":1318,"24H_trf":1832,"konz":0.18,"speed_ME":52.8,"speed_DT":52.2},"geometry":{"type":"LineString","coordinates":[[136.54969,36.42056],[136.54954,36.42069],[136.54942,36.42077],[136.54927,36.42089],[136.54893,36.42114],[136.54873,36.42128]]}},{"type":"Feature","properties":{"census":"17400550040","color":40,"Linenum":2,"12H_trf":836,"24H_trf":1070,"konz":0.13,"speed_ME":44.9,"speed_DT":41.0},"geometry":{"type":"LineString","coordinates":[[136.58203,36.42945],[136.58215,36.42947],[136.58264,36.42948],[136.58316,36.4295],[136.58377,36.42953],[136.58401,36.4295],[136.58412,36.42949],[136.5846,36.42938],[136.58486,36.42934],[136.58497,36.42935],[136.58508,36.42939],[136.58543,36.4297],[136.58573,36.42998],[136.58605,36.43019],[136.58662,36.4305],[136.58694,36.43066],[136.58708,36.43077],[136.58761,36.43119],[136.58818,36.43164],[136.58868,36.43206],[136.58912,36.43238],[136.58979,36.43286],[136.59028,36.43324],[136.59048,36.43339],[136.59059,36.43351],[136.59071,36.43363],[136.5908,36.4338],[136.59115,36.43453],[136.59133,36.43483],[136.59176,36.43546],[136.59188,36.43561],[136.59202,36.43572],[136.59214,36.43579],[136.5923,36.43584],[136.59248,36.43584],[136.59268,36.43586],[136.59286,36.43589],[136.59297,36.43592],[136.5931,36.43598],[136.59333,36.43612],[136.59346,36.4362],[136.59361,36.43626],[136.59379,36.43633],[136.59396,36.43636],[136.59432,36.4364],[136.59449,36.43647],[136.5946,36.43655],[136.59466,36.43663],[136.59477,36.43688],[136.59483,36.43704],[136.59494,36.4374],[136.59509,36.43769],[136.59516,36.43789],[136.59519,36.43804],[136.59521,36.43817],[136.59519,36.4384],[136.59515,36.43859],[136.5951,36.4388],[136.59501,36.43899],[136.5948,36.43935],[136.59465,36.43958],[136.59373,36.44098],[136.59355,36.44121],[136.59338,36.44141],[136.59312,36.44165],[136.59268,36.44197],[136.59228,36.44226],[136.59155,36.44284],[136.59132,36.44305],[136.59115,36.44323],[136.59101,36.4434],[136.59091,36.44363],[136.59085,36.44392],[136.59082,36.44427],[136.59083,36.4445],[136.59089,36.44476],[136.59104,36.445],[136.59121,36.44522],[136.5914,36.4454],[136.5921,36.4459],[136.59312,36.44662],[136.59339,36.44679],[136.5937,36.44692],[136.59402,36.44702],[136.59439,36.44704],[136.596,36.44701],[136.59645,36.447],[136.59678,36.44704],[136.59712,36.44714],[136.59744,36.44725],[136.59776,36.44743],[136.598,36.44761],[136.59825,36.44784],[136.59843,36.44817],[136.59852,36.44847],[136.59857,36.44874],[136.59855,36.44905],[136.59844,36.44939],[136.59831,36.44969],[136.59809,36.44994],[136.59783,36.45016],[136.59753,36.45034],[136.59718,36.4505],[136.59684,36.45058],[136.59651,36.45064],[136.59599,36.45069],[136.59559,36.45079],[136.59532,36.4509],[136.59503,36.45108],[136.59475,36.45128],[136.59455,36.4515],[136.59439,36.45175],[136.59428,36.452],[136.5942,36.45223],[136.59413,36.45253],[136.59403,36.45288],[136.59394,36.45323]]}},{"type":"Feature","properties":{"census":"17400540005","color":40,"Linenum":2,"12H_trf":1318,"24H_trf":1832,"konz":0.17,"speed_ME":35.0,"speed_DT":37.1},"geometry":{"type":"LineString","coordinates":[[136.55107,36.41875],[136.55101,36.41885],[136.55094,36.4189],[136.55088,36.41898],[136.55082,36.41909],[136.55056,36.41946],[136.55038,36.41974],[136.55018,36.42003],[136.55006,36.42017],[136.54995,36.42031],[136.54983,36.42044],[136.54969,36.42056]]}},{"type":"Feature","properties":{"census":"17400550030","color":40,"Linenum":2,"12H_trf":653,"24H_trf":862,"konz":0.09,"speed_ME":65.0,"speed_DT":54.0},"geometry":{"type":"LineString","coordinates":[[136.53809,36.40816],[136.53865,36.40852],[136.54055,36.40977],[136.54086,36.40994],[136.54116,36.41005],[136.54153,36.41019],[136.54244,36.41041],[136.54264,36.41045],[136.54301,36.41054],[136.54449,36.41093],[136.54481,36.41101],[136.54516,36.41108],[136.5456,36.41114],[136.54611,36.41117],[136.54658,36.41119],[136.54707,36.41123],[136.5474,36.41129],[136.54777,36.41137],[136.54812,36.41149],[136.54858,36.4117],[136.54891,36.41192],[136.54919,36.41216],[136.54948,36.41242],[136.54971,36.41266],[136.54992,36.41293],[136.55014,36.41329],[136.55029,36.41363],[136.55039,36.41403],[136.55046,36.41439],[136.55076,36.41656],[136.55078,36.41667],[136.55088,36.41784],[136.55093,36.4182],[136.55096,36.41838],[136.55107,36.41875]]}},{"type":"Feature","properties":{"census":"17400600350","color":40,"Linenum":2,"12H_trf":10227,"24H_trf":13500,"konz":0.75,"speed_ME":40.3,"speed_DT":42.0},"geometry":{"type":"MultiLineString","coordinates":[[[136.61719,36.63291],[136.61755,36.63316]],[[136.61499,36.63073],[136.61513,36.63088],[136.61545,36.63126],[136.61594,36.63172],[136.61627,36.63206],[136.61667,36.63241],[136.61716,36.63275],[136.61719,36.63291]],[[136.61476,36.63077],[136.61536,36.63143],[136.61581,36.63187],[136.61617,36.63219],[136.61661,36.63256],[136.61699,36.63288],[136.61719,36.63291]]]}},{"type":"Feature","properties":{"census":"17400600360","color":40,"Linenum":4,"12H_trf":12745,"24H_trf":15549,"konz":0.39,"speed_ME":27.5,"speed_DT":47.5},"geometry":{"type":"MultiLineString","coordinates":[[[136.6345,36.65123],[136.63463,36.65132],[136.63513,36.65176],[136.63561,36.65225],[136.63599,36.65268],[136.63644,36.65322],[136.63699,36.65392],[136.63731,36.65434]],[[136.63454,36.65108],[136.63467,36.65117],[136.63513,36.65156],[136.63562,36.65202],[136.63602,36.65245],[136.63644,36.65295],[136.63699,36.65363],[136.63719,36.65388]],[[136.62598,36.64235],[136.62643,36.6429],[136.62697,36.64357],[136.62772,36.64449],[136.62936,36.6465],[136.63031,36.64766],[136.63074,36.64818],[136.6311,36.64859],[136.63153,36.64903],[136.63202,36.64946],[136.63257,36.64987],[136.63326,36.65033],[136.63342,36.65046],[136.63388,36.65077],[136.63437,36.65114],[136.6345,36.65123]],[[136.62598,36.64212],[136.62599,36.64214],[136.62801,36.64458],[136.62891,36.64568],[136.63058,36.6477],[136.63115,36.64839],[136.63171,36.64899],[136.63213,36.64935],[136.63316,36.65008],[136.63403,36.65067],[136.63443,36.65099],[136.63454,36.65108]]]}},{"type":"Feature","properties":{"census":"17400080130","color":40,"Linenum":4,"12H_trf":15813,"24H_trf":20715,"konz":1.0,"speed_ME":18.6,"speed_DT":31.5},"geometry":{"type":"MultiLineString","coordinates":[[[136.59017,36.58935],[136.59024,36.59062],[136.5904,36.59197],[136.59045,36.59212],[136.59053,36.5923],[136.59077,36.59266],[136.59163,36.59337],[136.59239,36.59394],[136.59372,36.59498],[136.59631,36.59701],[136.59671,36.59731],[136.597,36.59754],[136.59745,36.59789]],[[136.5894,36.58669],[136.58952,36.5868],[136.58964,36.58713],[136.58976,36.58749],[136.5901,36.58834],[136.59017,36.58862],[136.5902,36.58882],[136.59022,36.58917],[136.59024,36.58926],[136.59017,36.58935]],[[136.5894,36.58669],[136.58937,36.58681],[136.58952,36.58717],[136.58966,36.58751],[136.58988,36.58819],[136.58996,36.58846],[136.59004,36.58881],[136.5901,36.58922],[136.5901,36.58927],[136.59017,36.58935]],[[136.58894,36.58557],[136.58903,36.58579],[136.58926,36.58638],[136.5894,36.58669]]]}},{"type":"Feature","properties":{"census":"17400080140","color":40,"Linenum":4,"12H_trf":15813,"24H_trf":20715,"konz":1.0,"speed_ME":23.2,"speed_DT":26.1},"geometry":{"type":"MultiLineString","coordinates":[[[136.5984,36.59863],[136.59847,36.59878],[136.59923,36.5994],[136.5995,36.59962],[136.6001,36.6001],[136.60114,36.6009],[136.6022,36.60174],[136.60266,36.6021],[136.60339,36.6027],[136.60464,36.60367],[136.60466,36.6037],[136.6048,36.6038],[136.60498,36.60395],[136.60532,36.60421],[136.60611,36.60484],[136.60696,36.60552]],[[136.60695,36.60534],[136.60613,36.60467],[136.60535,36.60404],[136.60498,36.60377],[136.60481,36.60365],[136.60477,36.60361],[136.60432,36.60327],[136.60339,36.60253],[136.60321,36.60236],[136.60277,36.602],[136.60225,36.60161],[136.60114,36.60071],[136.6001,36.59988],[136.59859,36.59869],[136.5984,36.59863]]]}},{"type":"Feature","properties":{"census":"17400080150","color":40,"Linenum":4,"12H_trf":15813,"24H_trf":20715,"konz":1.0,"speed_ME":18.7,"speed_DT":30.9},"geometry":{"type":"MultiLineString","coordinates":[[[136.60696,36.60552],[136.60771,36.60602],[136.60812,36.60628],[136.60851,36.60646],[136.60855,36.60648],[136.60936,36.60687],[136.61038,36.60733],[136.61072,36.60747],[136.61093,36.60756],[136.61111,36.60763],[136.61134,36.60768],[136.61153,36.60771],[136.61173,36.60773],[136.61194,36.60772],[136.61214,36.60773],[136.61235,36.60769],[136.61496,36.60702],[136.61525,36.60696],[136.61543,36.60692],[136.61559,36.60691],[136.61578,36.60691],[136.61598,36.60693],[136.61661,36.60703],[136.61818,36.60728]],[[136.60695,36.60534],[136.60715,36.60549],[136.60771,36.60586],[136.60819,36.60614],[136.60858,36.60635],[136.60941,36.60673],[136.61026,36.60714],[136.61072,36.60733],[136.61093,36.60742],[136.61107,36.60747],[136.61121,36.60752],[136.61136,36.60755],[136.61154,36.60758],[136.61176,36.60759],[136.612,36.60759],[136.61218,36.60758],[136.61234,36.60756],[136.6125,36.60753],[136.61496,36.60688],[136.61523,36.60683],[136.61542,36.6068],[136.6156,36.60679],[136.61578,36.60679],[136.61598,36.60681],[136.61664,36.60691],[136.61771,36.60708],[136.61807,36.60713]],[[136.61807,36.60713],[136.61835,36.60718]]]}},{"type":"Feature","properties":{"census":"17400080160","color":40,"Linenum":4,"12H_trf":30653,"24H_trf":39849,"konz":1.79,"speed_ME":21.7,"speed_DT":30.2},"geometry":{"type":"MultiLineString","coordinates":[[[136.62598,36.61075],[136.62616,36.61088],[136.62637,36.61108],[136.62665,36.61144],[136.62845,36.61382],[136.62857,36.61397],[136.62909,36.61464],[136.62933,36.61494],[136.62955,36.61518],[136.62976,36.61539],[136.63049,36.61602],[136.63058,36.61624]],[[136.63058,36.61624],[136.63036,36.61616],[136.62967,36.61557],[136.62939,36.61532],[136.62915,36.61506],[136.62891,36.61472],[136.6283,36.61391],[136.627,36.61218],[136.6265,36.61148],[136.62622,36.61116],[136.62602,36.61096],[136.62598,36.61093]]]}},{"type":"Feature","properties":{"census":"17400170010","color":40,"Linenum":4,"12H_trf":16056,"24H_trf":21033,"konz":0.72,"speed_ME":17.2,"speed_DT":19.2},"geometry":{"type":"LineString","coordinates":[[136.5984,36.59863],[136.59665,36.59959],[136.59602,36.59993],[136.59489,36.60055],[136.59399,36.60105]]}},{"type":"Feature","properties":{"census":"17400170020","color":40,"Linenum":4,"12H_trf":16056,"24H_trf":21033,"konz":0.72,"speed_ME":20.0,"speed_DT":19.7},"geometry":{"type":"LineString","coordinates":[[136.60539,36.59498],[136.60422,36.59557],[136.60324,36.59606],[136.60306,36.59617],[136.60226,36.59657],[136.60208,36.59667],[136.60101,36.59722],[136.60014,36.5977],[136.59978,36.59789]]}},{"type":"Feature","properties":{"census":"17400600040","color":40,"Linenum":6,"12H_trf":31605,"24H_trf":41087,"konz":1.35,"speed_ME":19.8,"speed_DT":23.1},"geometry":{"type":"MultiLineString","coordinates":[[[136.6308,36.59183],[136.62967,36.59295],[136.62831,36.59422],[136.62662,36.59584],[136.62601,36.59647],[136.62598,36.5965]],[[136.63062,36.59153],[136.63058,36.59157],[136.63052,36.59162],[136.62936,36.59274],[136.62802,36.59399],[136.62598,36.59599]],[[136.63073,36.59143],[136.63062,36.59153]],[[136.63081,36.59135],[136.63073,36.59143]],[[136.63091,36.59124],[136.63081,36.59135]],[[136.631,36.59117],[136.63094,36.59122],[136.63091,36.59124]]]}},{"type":"Feature","properties":{"census":"17400600050","color":40,"Linenum":6,"12H_trf":31605,"24H_trf":41087,"konz":1.35,"speed_ME":18.8,"speed_DT":18.5},"geometry":{"type":"MultiLineString","coordinates":[[[136.62129,36.60092],[136.62039,36.60186],[136.62021,36.60206],[136.62,36.60236],[136.61977,36.60276],[136.61966,36.60301],[136.61935,36.60385],[136.61893,36.60519],[136.61882,36.60555],[136.61865,36.60609],[136.61835,36.60718]],[[136.62112,36.60061],[136.62096,36.60077],[136.62022,36.60154],[136.61992,36.6019],[136.61972,36.60217],[136.61946,36.60263],[136.61932,36.603],[136.61902,36.60386],[136.61864,36.60518],[136.61853,36.60553],[136.61838,36.60604],[136.61821,36.60663],[136.61807,36.60713]]]}},{"type":"Feature","properties":{"census":"17400600065","color":40,"Linenum":4,"12H_trf":14538,"24H_trf":19190,"konz":1.07,"speed_ME":26.9,"speed_DT":28.1},"geometry":{"type":"LineString","coordinates":[[136.63058,36.61624],[136.6303,36.61765],[136.63022,36.61802],[136.63019,36.61812],[136.63014,36.61839],[136.63002,36.61877],[136.62991,36.61894],[136.62976,36.61917],[136.62949,36.61949],[136.62881,36.62012],[136.62811,36.62072],[136.62737,36.62139],[136.62732,36.62143],[136.62694,36.62174],[136.62628,36.62232],[136.62619,36.62241],[136.62598,36.62257],[136.62598,36.62257]]}},{"type":"Feature","properties":{"census":"17400080110","color":40,"Linenum":4,"12H_trf":15813,"24H_trf":20715,"konz":1.0,"speed_ME":11.6,"speed_DT":12.1},"geometry":{"type":"LineString","coordinates":[[136.58695,36.57901],[136.58679,36.57919],[136.58674,36.57928],[136.58671,36.57939],[136.58673,36.57949],[136.58705,36.58039]]}},{"type":"Feature","properties":{"census":"17400080120","color":40,"Linenum":4,"12H_trf":15813,"24H_trf":20715,"konz":1.0,"speed_ME":14.7,"speed_DT":28.1},"geometry":{"type":"LineString","coordinates":[[136.58705,36.58039],[136.58721,36.58087],[136.58738,36.58135],[136.58787,36.58263],[136.58811,36.58333],[136.58833,36.58393],[136.58854,36.58457],[136.58894,36.58557]]}},{"type":"Feature","properties":{"census":"17400080270","color":40,"Linenum":4,"12H_trf":30209,"24H_trf":36195,"konz":1.33,"speed_ME":25.0,"speed_DT":29.2},"geometry":{"type":"MultiLineString","coordinates":[[[136.58695,36.57901],[136.58763,36.57958],[136.58821,36.58],[136.58845,36.58018],[136.58885,36.58043],[136.58984,36.58103],[136.59332,36.58302]],[[136.59364,36.58274],[136.59379,36.58283]],[[136.58732,36.57873],[136.58764,36.57902],[136.58831,36.57956],[136.58871,36.57983],[136.58946,36.58029],[136.59143,36.58142],[136.59291,36.58231],[136.59364,36.58274]]]}},{"type":"Feature","properties":{"census":"17400080280","color":40,"Linenum":4,"12H_trf":30209,"24H_trf":36195,"konz":1.33,"speed_ME":24.2,"speed_DT":36.7},"geometry":{"type":"MultiLineString","coordinates":[[[136.59347,36.58312],[136.59382,36.58333],[136.59431,36.58365],[136.59556,36.58449],[136.5962,36.58496],[136.59692,36.58547],[136.5976,36.58607],[136.59798,36.58638],[136.59854,36.58692],[136.59911,36.58742],[136.60037,36.58869],[136.60083,36.5892]],[[136.60115,36.58889],[136.60124,36.58899]],[[136.59379,36.58283],[136.59461,36.58333],[136.59532,36.5838],[136.5959,36.58419],[136.59709,36.58509],[136.59747,36.58537],[136.59808,36.58592],[136.59865,36.58638],[136.59911,36.58679],[136.59952,36.58721],[136.60065,36.58834],[136.60115,36.58889]],[[136.59332,36.58302],[136.59347,36.58312]]]}},{"type":"Feature","properties":{"census":"17400080290","color":40,"Linenum":4,"12H_trf":30209,"24H_trf":36195,"konz":1.33,"speed_ME":20.0,"speed_DT":30.7},"geometry":{"type":"MultiLineString","coordinates":[[[136.60083,36.5892],[136.60103,36.58944],[136.60115,36.58959],[136.60153,36.59004],[136.60173,36.59022],[136.60269,36.5915],[136.60315,36.59207],[136.60471,36.59413],[136.60539,36.59498]],[[136.60124,36.58899],[136.60143,36.58925],[136.60153,36.58938],[136.60211,36.59007],[136.60226,36.59027],[136.60318,36.59139],[136.6037,36.59206],[136.60478,36.59347],[136.60513,36.59396],[136.60579,36.59477]]]}},{"type":"Feature","properties":{"census":"17400170030","color":40,"Linenum":4,"12H_trf":16056,"24H_trf":21033,"konz":0.72,"speed_ME":18.2,"speed_DT":18.2},"geometry":{"type":"MultiLineString","coordinates":[[[136.60579,36.59477],[136.60539,36.59498]],[[136.61052,36.59231],[136.60963,36.59278],[136.60905,36.59308],[136.60864,36.5933],[136.6079,36.59369],[136.6077,36.59379],[136.60719,36.59404],[136.60645,36.59442],[136.60579,36.59477]]]}},{"type":"Feature","properties":{"census":"17400170040","color":40,"Linenum":4,"12H_trf":16056,"24H_trf":21033,"konz":0.72,"speed_ME":17.9,"speed_DT":20.5},"geometry":{"type":"MultiLineString","coordinates":[[[136.62267,36.58622],[136.62228,36.58638],[136.62209,36.58647],[136.62204,36.58649],[136.62178,36.58662],[136.62114,36.58692],[136.62073,36.58713],[136.62036,36.58732],[136.62027,36.58736],[136.6201,36.58744],[136.61972,36.58763],[136.61876,36.58812],[136.61868,36.58816],[136.61627,36.58938],[136.61566,36.58969],[136.61508,36.58998],[136.6147,36.59017],[136.61447,36.59028],[136.61401,36.59051],[136.61339,36.59083],[136.61301,36.59103],[136.61232,36.59138],[136.61179,36.59166],[136.61076,36.59218],[136.61052,36.59231]],[[136.6237,36.58583],[136.62303,36.58615],[136.62288,36.58622],[136.62267,36.58622]],[[136.6237,36.58563],[136.62367,36.58565],[136.6236,36.58569],[136.62305,36.58597],[136.6228,36.58608],[136.62267,36.58622]],[[136.62384,36.58556],[136.6237,36.58563]],[[136.62397,36.58549],[136.62384,36.58556]],[[136.62411,36.58542],[136.62397,36.58549]],[[136.62421,36.58537],[136.62415,36.5854],[136.62411,36.58542]]]}},{"type":"Feature","properties":{"census":"17400170050","color":40,"Linenum":6,"12H_trf":16056,"24H_trf":21033,"konz":0.42,"speed_ME":16.0,"speed_DT":20.9},"geometry":{"type":"MultiLineString","coordinates":[[[136.63676,36.57938],[136.6348,36.58036],[136.6329,36.58131],[136.63261,36.58145],[136.63254,36.58149],[136.63246,36.58153],[136.6319,36.5818],[136.6312,36.58216],[136.63052,36.58248],[136.62878,36.58333],[136.6286,36.58343],[136.62795,36.58374],[136.62733,36.58402],[136.62726,36.58407],[136.62607,36.58465],[136.62598,36.5847]],[[136.63676,36.57917],[136.6366,36.57925],[136.63527,36.57992],[136.63516,36.57998],[136.63472,36.58022],[136.63454,36.5803],[136.63281,36.58115],[136.63251,36.58132],[136.63242,36.58136],[136.63235,36.58138],[136.63214,36.58148],[136.6317,36.5817],[136.63113,36.58201],[136.62981,36.58264],[136.62886,36.58311],[136.62862,36.58323],[136.62837,36.58333],[136.62804,36.58348],[136.62733,36.58385],[136.62599,36.5845],[136.62598,36.58451]]]}},{"type":"Feature","properties":{"census":"17400250030","color":40,"Linenum":4,"12H_trf":17836,"24H_trf":23187,"konz":0.75,"speed_ME":19.3,"speed_DT":22.2},"geometry":{"type":"LineString","coordinates":[[136.62921,36.56347],[136.62819,36.56402],[136.62741,36.56443],[136.62634,36.56499],[136.62598,36.56517]]}},{"type":"Feature","properties":{"census":"17400250040","color":40,"Linenum":4,"12H_trf":17836,"24H_trf":23187,"konz":0.75,"speed_ME":27.7,"speed_DT":28.6},"geometry":{"type":"MultiLineString","coordinates":[[[136.62305,36.56615],[136.62273,36.56631],[136.62204,36.56653],[136.62158,36.56664],[136.6212,36.5667],[136.62099,36.56672],[136.62064,36.56672],[136.61978,36.56665],[136.6183,36.56653],[136.61626,36.56633],[136.6143,36.56617],[136.61208,36.56597],[136.61063,36.56584],[136.60909,36.56573],[136.60873,36.56568],[136.60847,36.56567],[136.60825,36.56566]],[[136.60825,36.56552],[136.60847,36.56553],[136.6088,36.56556],[136.6091,36.56558],[136.61064,36.56571],[136.6122,36.56586],[136.61432,36.56603],[136.61627,36.56619],[136.61832,36.56637],[136.61978,36.56649],[136.62038,36.56655],[136.62083,36.56658],[136.62122,36.56654],[136.62157,36.56648],[136.62204,36.56637],[136.62268,36.56618],[136.62305,36.56615]]]}},{"type":"Feature","properties":{"census":"17400250050","color":40,"Linenum":4,"12H_trf":17836,"24H_trf":23187,"konz":0.75,"speed_ME":17.9,"speed_DT":23.2},"geometry":{"type":"MultiLineString","coordinates":[[[136.60825,36.56566],[136.6078,36.56568],[136.60742,36.56573],[136.60684,36.56587]],[[136.60825,36.56552],[136.60779,36.56554],[136.60742,36.56559],[136.60689,36.5657]]]}},{"type":"Feature","properties":{"census":"17400250060","color":40,"Linenum":4,"12H_trf":17836,"24H_trf":23187,"konz":0.75,"speed_ME":6.9,"speed_DT":13.4},"geometry":{"type":"MultiLineString","coordinates":[[[136.60684,36.56587],[136.60635,36.5661],[136.60629,36.56613],[136.60584,36.56649],[136.60531,36.56695],[136.60433,36.56778],[136.60409,36.56804]],[[136.60689,36.5657],[136.6067,36.56577],[136.60649,36.56586],[136.60617,36.56602],[136.60585,36.56627],[136.60427,36.56763],[136.60379,36.56803]]]}},{"type":"Feature","properties":{"census":"17400250070","color":40,"Linenum":4,"12H_trf":17836,"24H_trf":23187,"konz":0.75,"speed_ME":5.7,"speed_DT":7.4},"geometry":{"type":"MultiLineString","coordinates":[[[136.6026,36.56934],[136.60256,36.56937],[136.6025,36.56942]],[[136.60269,36.56926],[136.6026,36.56934]],[[136.6028,36.56918],[136.60269,36.56926]],[[136.60287,36.56912],[136.6028,36.56918]],[[136.60409,36.56804],[136.60296,36.56903],[136.6029,36.56909],[136.60287,36.56912]],[[136.60379,36.56803],[136.60279,36.56888]]]}},{"type":"Feature","properties":{"census":"17400250080","color":40,"Linenum":4,"12H_trf":17479,"24H_trf":22723,"konz":1.17,"speed_ME":7.8,"speed_DT":14.8},"geometry":{"type":"MultiLineString","coordinates":[[[136.6025,36.56942],[136.60154,36.57023],[136.60125,36.5705],[136.60099,36.57072],[136.60023,36.57138]],[[136.60244,36.5692],[136.6024,36.56923],[136.60234,36.56928],[136.60142,36.57011],[136.60115,36.57034],[136.6009,36.57057],[136.60011,36.57126]],[[136.60253,36.56911],[136.60244,36.5692]],[[136.60263,36.56902],[136.60253,36.56911]],[[136.6027,36.56896],[136.60263,36.56902]],[[136.60279,36.56888],[136.60273,36.56893],[136.6027,36.56896]]]}},{"type":"Feature","properties":{"census":"17400250090","color":40,"Linenum":4,"12H_trf":17479,"24H_trf":22723,"konz":1.17,"speed_ME":22.9,"speed_DT":27.8},"geometry":{"type":"MultiLineString","coordinates":[[[136.59379,36.58283],[136.59347,36.58312]],[[136.60023,36.57138],[136.5997,36.57185],[136.59941,36.57218],[136.59919,36.57243],[136.59886,36.57289],[136.59867,36.57319],[136.59852,36.57347],[136.59837,36.57393],[136.59828,36.57427],[136.59822,36.57458],[136.59819,36.5747],[136.59815,36.57493],[136.59805,36.57599],[136.5979,36.57739],[136.59785,36.57771],[136.59779,36.57802],[136.5977,36.57842],[136.59761,36.57865],[136.59742,36.57906],[136.59716,36.57951],[136.59693,36.57985],[136.59663,36.58022],[136.5964,36.58045],[136.59617,36.58067],[136.59574,36.58108],[136.59465,36.58207],[136.59379,36.58283]],[[136.60011,36.57126],[136.59956,36.57174],[136.59922,36.57213],[136.59892,36.57249],[136.59852,36.57309],[136.59838,36.57336],[136.59825,36.57368],[136.59815,36.57396],[136.59808,36.57424],[136.59802,36.57453],[136.59799,36.57469],[136.59797,36.57482],[136.59793,36.57527],[136.59786,36.57598],[136.5977,36.57739],[136.59764,36.57776],[136.59753,36.57823],[136.59748,36.57841],[136.59733,36.57875],[136.59721,36.57902],[136.597,36.57941],[136.59674,36.57978],[136.59648,36.5801],[136.59623,36.58036],[136.59608,36.5805],[136.59562,36.58095],[136.59449,36.58195],[136.59364,36.58274]]]}},{"type":"Feature","properties":{"census":"17400250100","color":40,"Linenum":4,"12H_trf":17479,"24H_trf":22723,"konz":1.17,"speed_ME":14.1,"speed_DT":22.8},"geometry":{"type":"MultiLineString","coordinates":[[[136.58894,36.58557],[136.58917,36.58557],[136.58988,36.58532],[136.59017,36.58521],[136.59072,36.585],[136.591,36.58488],[136.59112,36.58483],[136.59161,36.58458],[136.59185,36.58443],[136.59202,36.58433],[136.5922,36.5842],[136.59245,36.58402],[136.59262,36.58388],[136.59324,36.58333],[136.59347,36.58312]],[[136.59332,36.58302],[136.59297,36.58333],[136.59271,36.58355],[136.59248,36.58378],[136.59217,36.58402],[136.59196,36.58417],[136.59179,36.58428],[136.59153,36.58443],[136.59092,36.58473],[136.58979,36.58516],[136.58908,36.58542],[136.58894,36.58557]],[[136.59364,36.58274],[136.59332,36.58302]]]}},{"type":"Feature","properties":{"census":"17400250330","color":40,"Linenum":2,"12H_trf":0,"24H_trf":0,"konz":0.0,"speed_ME":13.0,"speed_DT":22.4},"geometry":{"type":"LineString","coordinates":[[136.59571,36.56929],[136.5959,36.56965],[136.59596,36.56976],[136.59619,36.57002],[136.59642,36.57023],[136.59666,36.57038],[136.59696,36.57049],[136.59725,36.57054],[136.59771,36.57058],[136.59867,36.57068],[136.59893,36.57073],[136.59919,36.57078],[136.59939,36.57085],[136.59974,36.57102],[136.60011,36.57126]]}},{"type":"Feature","properties":{"census":"17400080010","color":40,"Linenum":2,"12H_trf":10165,"24H_trf":13418,"konz":1.28,"speed_ME":12.4,"speed_DT":18.3},"geometry":{"type":"MultiLineString","coordinates":[[[136.58898,36.4946],[136.58891,36.49484],[136.58877,36.49512],[136.58863,36.49552],[136.58854,36.49571],[136.58848,36.49585],[136.58818,36.49641],[136.58801,36.49674],[136.58778,36.49721],[136.58763,36.49763],[136.58758,36.49783]],[[136.58905,36.49441],[136.58898,36.4946]]]}},{"type":"Feature","properties":{"census":"17400220100","color":40,"Linenum":4,"12H_trf":19117,"24H_trf":24852,"konz":1.75,"speed_ME":22.6,"speed_DT":30.6},"geometry":{"type":"MultiLineString","coordinates":[[[136.61991,36.50176],[136.62033,36.50171],[136.62083,36.50171],[136.62116,36.50172],[136.62133,36.50174],[136.62168,36.50179],[136.62205,36.50189],[136.62239,36.50197],[136.62264,36.50205],[136.62303,36.50223]],[[136.61985,36.5016],[136.62028,36.50156],[136.62069,36.50153],[136.62124,36.50158],[136.62168,36.50163],[136.62205,36.50171],[136.62232,36.50178],[136.62264,36.50189],[136.62306,36.50206]]]}},{"type":"Feature","properties":{"census":"17400220110","color":40,"Linenum":4,"12H_trf":19117,"24H_trf":24852,"konz":1.75,"speed_ME":24.8,"speed_DT":38.4},"geometry":{"type":"MultiLineString","coordinates":[[[136.61991,36.50176],[136.61907,36.50183],[136.61839,36.50191],[136.61802,36.50193],[136.61631,36.5021],[136.61601,36.50214],[136.61486,36.50225],[136.61415,36.50231],[136.61367,36.50236],[136.61299,36.50243]],[[136.61985,36.5016],[136.61849,36.50174],[136.61799,36.50179],[136.61677,36.50191],[136.61628,36.50196],[136.61599,36.50198],[136.61482,36.50211],[136.61415,36.50217],[136.61369,36.50221],[136.61311,36.50226],[136.613,36.50227]]]}},{"type":"Feature","properties":{"census":"17400220120","color":40,"Linenum":4,"12H_trf":19117,"24H_trf":24852,"konz":1.73,"speed_ME":17.1,"speed_DT":28.2},"geometry":{"type":"MultiLineString","coordinates":[[[136.61299,36.50243],[136.61222,36.5025],[136.61122,36.50263]],[[136.613,36.50227],[136.61219,36.50236],[136.6112,36.50247]]]}},{"type":"Feature","properties":{"census":"17400220130","color":40,"Linenum":4,"12H_trf":22810,"24H_trf":29653,"konz":1.13,"speed_ME":16.6,"speed_DT":32.4},"geometry":{"type":"MultiLineString","coordinates":[[[136.60682,36.5018],[136.6081,36.50211],[136.60945,36.50242],[136.60995,36.50253],[136.61053,36.50263],[136.6108,36.50264],[136.61122,36.50263]],[[136.60684,36.50165],[136.60813,36.50194],[136.60885,36.50213],[136.60932,36.50224],[136.61033,36.50243],[136.61077,36.50247],[136.6112,36.50247]]]}},{"type":"Feature","properties":{"census":"17400220140","color":40,"Linenum":4,"12H_trf":22810,"24H_trf":29653,"konz":1.13,"speed_ME":22.8,"speed_DT":36.7},"geometry":{"type":"MultiLineString","coordinates":[[[136.59776,36.49987],[136.59835,36.5],[136.59985,36.50034],[136.60115,36.5006],[136.60299,36.50101],[136.60444,36.50133],[136.60496,36.50144],[136.60682,36.5018]],[[136.59779,36.4997],[136.59909,36.5],[136.59986,36.50018],[136.60119,36.50045],[136.60304,36.50085],[136.6044,36.50116],[136.60464,36.50121],[136.60496,36.50128],[136.60585,36.50145],[136.60684,36.50165]]]}},{"type":"Feature","properties":{"census":"17400220150","color":40,"Linenum":4,"12H_trf":22810,"24H_trf":29653,"konz":0.89,"speed_ME":17.1,"speed_DT":31.0},"geometry":{"type":"MultiLineString","coordinates":[[[136.59632,36.49945],[136.59776,36.49987]],[[136.59637,36.49928],[136.59666,36.49937],[136.59765,36.49967],[136.59779,36.4997]],[[136.59617,36.4994],[136.59626,36.49943],[136.59632,36.49945]]]}},{"type":"Feature","properties":{"census":"17400220160","color":40,"Linenum":4,"12H_trf":24051,"24H_trf":31507,"konz":0.98,"speed_ME":25.7,"speed_DT":41.8},"geometry":{"type":"MultiLineString","coordinates":[[[136.58898,36.4946],[136.58961,36.49514],[136.59082,36.49616],[136.59179,36.49698],[136.59226,36.49736],[136.59297,36.49786],[136.59301,36.49791],[136.59355,36.49823],[136.59436,36.49865],[136.59489,36.49889],[136.59617,36.4994]],[[136.5962,36.49923],[136.59637,36.49928]],[[136.58905,36.49441],[136.59095,36.4961],[136.59181,36.49681],[136.59234,36.49722],[136.59301,36.49769],[136.59361,36.49807],[136.59399,36.49828],[136.59439,36.49848],[136.59497,36.49873],[136.59562,36.49901],[136.5962,36.49923]]]}},{"type":"Feature","properties":{"census":"17400220170","color":40,"Linenum":4,"12H_trf":20593,"24H_trf":26565,"konz":0.84,"speed_ME":26.9,"speed_DT":49.9},"geometry":{"type":"MultiLineString","coordinates":[[[136.58235,36.48249],[136.58241,36.48348],[136.58241,36.48355],[136.58242,36.48364],[136.58245,36.48409],[136.58254,36.4849],[136.58264,36.48545],[136.58273,36.4858],[136.58293,36.48658],[136.58306,36.48702],[136.58326,36.48754],[136.58349,36.48805],[136.58375,36.48859],[136.58409,36.48919],[136.58448,36.48981],[136.5848,36.49025],[136.58517,36.49075],[136.58587,36.49154],[136.58619,36.49185],[136.58632,36.49197]],[[136.58213,36.48244],[136.58222,36.48357],[136.58224,36.48371],[136.58226,36.48409],[136.58232,36.48475],[136.58242,36.48539],[136.58274,36.48665],[136.5829,36.48708],[136.58308,36.48756],[136.58343,36.48835],[136.58358,36.48869],[136.58389,36.48919],[136.5843,36.48987],[136.58448,36.49013],[136.58503,36.49085],[136.58573,36.49163],[136.58601,36.49192],[136.58607,36.49197]]]}},{"type":"Feature","properties":{"census":"17400220360","color":40,"Linenum":4,"12H_trf":19117,"24H_trf":24852,"konz":1.75,"speed_ME":25.3,"speed_DT":20.5},"geometry":{"type":"MultiLineString","coordinates":[[[136.62598,36.50594],[136.62648,36.50678],[136.62753,36.50866],[136.62769,36.5089],[136.62836,36.51018]],[[136.62598,36.50563],[136.62616,36.50594],[136.62769,36.5086],[136.62784,36.50886],[136.62813,36.50939],[136.62854,36.51011]]]}},{"type":"Feature","properties":{"census":"17400220380","color":40,"Linenum":2,"12H_trf":2107,"24H_trf":2908,"konz":0.29,"speed_ME":24.6,"speed_DT":30.5},"geometry":{"type":"LineString","coordinates":[[136.59298,36.48371],[136.59291,36.48404],[136.59283,36.4844],[136.59266,36.48486],[136.59236,36.48555],[136.59223,36.48595],[136.59175,36.48719],[136.5915,36.48786],[136.59098,36.48926],[136.59059,36.49033],[136.59048,36.49064],[136.59007,36.49173],[136.58998,36.49197]]}},{"type":"Feature","properties":{"census":"17400450060","color":40,"Linenum":2,"12H_trf":8018,"24H_trf":10584,"konz":0.86,"speed_ME":22.4,"speed_DT":31.1},"geometry":{"type":"LineString","coordinates":[[136.62043,36.49468],[136.6204,36.49538],[136.6204,36.49558],[136.62043,36.49573],[136.62048,36.49587],[136.6206,36.49605],[136.62074,36.4962],[136.62091,36.49637],[136.62113,36.4966],[136.62135,36.49682],[136.62147,36.49698],[136.62156,36.49724],[136.62168,36.49769],[136.62176,36.49791],[136.62185,36.49829],[136.62188,36.49877],[136.62188,36.49899],[136.62191,36.49931],[136.62193,36.49954],[136.62205,36.49971],[136.62214,36.49988],[136.62225,36.5],[136.62249,36.50032],[136.62257,36.50045],[136.62265,36.50062],[136.62271,36.50093],[136.6228,36.50135],[136.62285,36.50154],[136.62291,36.50169],[136.62305,36.50197],[136.62306,36.50206]]}},{"type":"Feature","properties":{"census":"17400450070","color":40,"Linenum":2,"12H_trf":8018,"24H_trf":10584,"konz":0.79,"speed_ME":38.8,"speed_DT":40.6},"geometry":{"type":"LineString","coordinates":[[136.61598,36.47339],[136.61602,36.47343],[136.61607,36.47349],[136.61608,36.47356],[136.61602,36.47396],[136.61601,36.47409],[136.61607,36.47426],[136.61637,36.47482],[136.6164,36.47496],[136.6164,36.47511],[136.61647,36.47594],[136.61642,36.47608],[136.61634,36.47622],[136.61604,36.47657],[136.61592,36.4768],[136.61585,36.47699],[136.61582,36.47725],[136.61584,36.47769],[136.61585,36.47792],[136.6159,36.4781],[136.61602,36.47846],[136.61611,36.47879],[136.61613,36.47885],[136.61613,36.47936],[136.61608,36.48096],[136.61604,36.48116],[136.61598,36.48135],[136.61595,36.48138],[136.61584,36.48153],[136.61557,36.48184],[136.61509,36.48236],[136.615,36.48248],[136.615,36.48261],[136.61515,36.48304],[136.61532,36.48352],[136.6155,36.48408],[136.6157,36.48441],[136.61575,36.48449],[136.61595,36.48483],[136.61601,36.48494],[136.61619,36.48518],[136.6165,36.48557],[136.61666,36.48604],[136.61668,36.48614],[136.6168,36.4865],[136.61686,36.48661],[136.61705,36.48681],[136.61732,36.48711],[136.61784,36.4876],[136.61799,36.48779],[136.61807,36.48792],[136.6182,36.48816],[136.61851,36.4889],[136.61869,36.48934],[136.61871,36.4894],[136.61912,36.49034],[136.61923,36.49059],[136.61933,36.49095],[136.61953,36.49138],[136.61976,36.49197]]}},{"type":"Feature","properties":{"census":"17400220390","color":40,"Linenum":2,"12H_trf":2107,"24H_trf":2908,"konz":0.29,"speed_ME":26.0,"speed_DT":32.0},"geometry":{"type":"MultiLineString","coordinates":[[[136.58235,36.48249],[136.58308,36.48257],[136.58329,36.48259],[136.58451,36.48273],[136.58535,36.48283],[136.58734,36.48305],[136.58863,36.48319],[136.58963,36.4833],[136.58985,36.48333],[136.59149,36.48352],[136.59246,36.48363],[136.59272,36.48366],[136.59298,36.48371]],[[136.58213,36.48244],[136.58235,36.48249]]]}},{"type":"Feature","properties":{"census":"17400450080","color":40,"Linenum":2,"12H_trf":8018,"24H_trf":10584,"konz":0.79,"speed_ME":28.9,"speed_DT":32.7},"geometry":{"type":"LineString","coordinates":[[136.62272,36.45728],[136.62266,36.45738],[136.62245,36.45784],[136.62222,36.45834],[136.62205,36.45867],[136.62185,36.45907],[136.62168,36.45943],[136.62153,36.45967],[136.62127,36.46022],[136.6212,36.4604],[136.62101,36.46076],[136.62098,36.46088],[136.62092,36.46104],[136.62081,36.46142],[136.62077,36.4617],[136.62072,36.46199],[136.62068,36.46251],[136.62059,36.46291],[136.62052,36.46319],[136.62031,36.46379],[136.61965,36.46506],[136.61918,36.46601],[136.61898,36.46641],[136.61854,36.46728],[136.61825,36.46785],[136.61814,36.4681],[136.61769,36.46939],[136.61721,36.47068],[136.61712,36.47088],[136.61695,36.47124],[136.61633,36.4726],[136.61598,36.47339]]}},{"type":"Feature","properties":{"census":"17400450090","color":40,"Linenum":2,"12H_trf":8018,"24H_trf":10584,"konz":0.79,"speed_ME":26.2,"speed_DT":28.0},"geometry":{"type":"LineString","coordinates":[[136.62498,36.45263],[136.6248,36.45309],[136.62391,36.45489],[136.62348,36.45579],[136.62341,36.45591],[136.62324,36.45626],[136.62307,36.4566],[136.62305,36.45664]]}},{"type":"Feature","properties":{"census":"17400580030","color":40,"Linenum":2,"12H_trf":2965,"24H_trf":4181,"konz":0.32,"speed_ME":23.3,"speed_DT":24.4},"geometry":{"type":"LineString","coordinates":[[136.59298,36.48371],[136.59359,36.48382],[136.59458,36.48399],[136.59504,36.48406],[136.5955,36.48413],[136.59593,36.48419],[136.5966,36.48427],[136.59727,36.48431],[136.59742,36.48432],[136.59846,36.48439],[136.59906,36.48444],[136.59971,36.48447]]}},{"type":"Feature","properties":{"census":"17400580110","color":40,"Linenum":2,"12H_trf":2965,"24H_trf":4181,"konz":0.35,"speed_ME":12.4,"speed_DT":11.8},"geometry":{"type":"LineString","coordinates":[[136.59971,36.48447],[136.60075,36.48454],[136.60122,36.4846]]}},{"type":"Feature","properties":{"census":"17400580130","color":40,"Linenum":2,"12H_trf":2965,"24H_trf":4181,"konz":0.35,"speed_ME":31.3,"speed_DT":32.5},"geometry":{"type":"LineString","coordinates":[[136.60122,36.4846],[136.60148,36.48464],[136.60168,36.48468],[136.60212,36.48478],[136.60243,36.48488],[136.60461,36.48553],[136.60575,36.48586],[136.60749,36.48634],[136.60798,36.48646],[136.60835,36.48653],[136.6087,36.48657],[136.60902,36.48661],[136.60934,36.48663],[136.61022,36.48666],[136.61233,36.48673]]}},{"type":"Feature","properties":{"census":"17400040120","color":40,"Linenum":2,"12H_trf":3346,"24H_trf":4684,"konz":0.42,"speed_ME":43.3,"speed_DT":44.9},"geometry":{"type":"LineString","coordinates":[[136.59394,36.45323],[136.595,36.45333],[136.5958,36.4534],[136.5975,36.45356],[136.59779,36.45359],[136.59848,36.45365],[136.5993,36.45374],[136.59976,36.45378],[136.60021,36.45377],[136.60052,36.45376],[136.6013,36.45368],[136.6025,36.45354],[136.60423,36.45334],[136.60594,36.45313],[136.60762,36.45294],[136.60887,36.4528],[136.6092,36.45275],[136.60955,36.45272],[136.60972,36.45269],[136.60986,36.45264],[136.61016,36.45254],[136.61067,36.45236],[136.61143,36.45208],[136.6117,36.452],[136.61192,36.45195],[136.61213,36.45191],[136.61238,36.45188],[136.61262,36.45187],[136.61283,36.45188],[136.61323,36.4519],[136.61379,36.45191],[136.61392,36.45191],[136.61413,36.45191],[136.61431,36.4519],[136.61453,36.45185],[136.61479,36.45177],[136.61502,36.45169],[136.61523,36.45157],[136.6155,36.45142],[136.61573,36.45128],[136.61595,36.45113],[136.61663,36.4506],[136.61705,36.45033],[136.6172,36.45025],[136.6174,36.45018],[136.61758,36.45015],[136.61776,36.45014],[136.61791,36.45015],[136.61805,36.45016],[136.6182,36.45019],[136.61929,36.4505]]}},{"type":"Feature","properties":{"census":"17400040130","color":40,"Linenum":2,"12H_trf":3346,"24H_trf":4684,"konz":0.53,"speed_ME":15.7,"speed_DT":15.6},"geometry":{"type":"LineString","coordinates":[[136.62062,36.4509],[136.62026,36.45079],[136.62019,36.45077],[136.61982,36.45065],[136.61929,36.4505]]}},{"type":"Feature","properties":{"census":"17400450100","color":40,"Linenum":2,"12H_trf":8018,"24H_trf":10584,"konz":0.79,"speed_ME":22.1,"speed_DT":26.1},"geometry":{"type":"LineString","coordinates":[[136.6264,36.44893],[136.62617,36.44955],[136.62598,36.45007]]}},{"type":"Feature","properties":{"census":"17400450110","color":40,"Linenum":2,"12H_trf":8018,"24H_trf":10584,"konz":0.79,"speed_ME":18.0,"speed_DT":18.8},"geometry":{"type":"LineString","coordinates":[[136.6264,36.44893],[136.62598,36.44878]]}},{"type":"Feature","properties":{"census":"17400450120","color":40,"Linenum":2,"12H_trf":8018,"24H_trf":10584,"konz":0.79,"speed_ME":11.5,"speed_DT":13.2},"geometry":{"type":"LineString","coordinates":[[136.62182,36.45128],[136.62116,36.45106],[136.62074,36.45093],[136.62062,36.4509]]}},{"type":"Feature","properties":{"census":"17400440040","color":40,"Linenum":2,"12H_trf":2968,"24H_trf":4185,"konz":0.48,"speed_ME":51.4,"speed_DT":44.0},"geometry":{"type":"LineString","coordinates":[[136.60331,36.35912],[136.60334,36.35928],[136.60343,36.35946],[136.60353,36.35962],[136.60356,36.35982],[136.60354,36.36009],[136.60346,36.36049],[136.60316,36.36198],[136.60302,36.36241],[136.60288,36.36276],[136.60267,36.36299],[136.60237,36.36331],[136.60197,36.36361],[136.60163,36.36381],[136.60128,36.36395],[136.60075,36.36414],[136.60032,36.36428],[136.59973,36.36454],[136.59928,36.36489],[136.5991,36.36509],[136.59881,36.36546],[136.59864,36.36573],[136.59852,36.36596],[136.59825,36.36665],[136.59815,36.36682],[136.59788,36.36731],[136.59765,36.36774],[136.59747,36.368],[136.59724,36.36824],[136.59713,36.36836],[136.5971,36.36847],[136.59706,36.3686],[136.59706,36.36864],[136.59707,36.36888],[136.59712,36.36912],[136.59727,36.36943],[136.59767,36.36994],[136.59803,36.37027],[136.59837,36.37061],[136.5987,36.37087],[136.59921,36.37122],[136.60015,36.37177],[136.60032,36.37188],[136.60154,36.37263],[136.60264,36.37327],[136.60311,36.37355],[136.60362,36.37389],[136.60374,36.37411],[136.60375,36.37417],[136.60388,36.37466],[136.60404,36.37537],[136.60432,36.37643],[136.60441,36.37686],[136.60444,36.37713],[136.60443,36.37737],[136.60429,36.37774],[136.60403,36.37837],[136.60392,36.37859],[136.60375,36.37925],[136.6035,36.38061],[136.6034,36.38076],[136.60317,36.38091],[136.60191,36.38149],[136.60163,36.38168],[136.6016,36.38177],[136.60156,36.38196],[136.60163,36.38274],[136.6016,36.38291],[136.6016,36.38352],[136.60168,36.38396],[136.60174,36.38452],[136.60189,36.38509],[136.60198,36.38548],[136.60203,36.38566],[136.60212,36.38585],[136.60215,36.38591]]}},{"type":"Feature","properties":{"census":"17400440050","color":40,"Linenum":2,"12H_trf":2968,"24H_trf":4185,"konz":0.48,"speed_ME":48.1,"speed_DT":49.4},"geometry":{"type":"LineString","coordinates":[[136.62598,36.40403],[136.62664,36.40424],[136.62702,36.40438],[136.62721,36.40449],[136.62773,36.40488],[136.62837,36.40548],[136.62858,36.40568],[136.62933,36.40634],[136.63038,36.40729],[136.63085,36.40776],[136.63099,36.40797],[136.63108,36.40812],[136.63114,36.40828],[136.63121,36.40844],[136.63124,36.40866],[136.63121,36.40893],[136.63114,36.4092],[136.63107,36.40947],[136.63072,36.41023],[136.6305,36.41073],[136.63047,36.41081],[136.63034,36.4111],[136.63023,36.41133],[136.63009,36.41152],[136.62998,36.41164],[136.62966,36.41204],[136.62936,36.41238],[136.62924,36.41252],[136.62915,36.41266],[136.62904,36.41287],[136.62895,36.41311],[136.6289,36.41326],[136.6287,36.41448],[136.62843,36.41584],[136.62828,36.41666],[136.62818,36.41716],[136.62791,36.41849],[136.62771,36.41955],[136.62768,36.41974],[136.62767,36.41984],[136.62763,36.41996],[136.62765,36.4202],[136.62788,36.42088],[136.62797,36.42107],[136.62812,36.42126],[136.62814,36.42128]]}},{"type":"Feature","properties":{"census":"17400440030","color":40,"Linenum":2,"12H_trf":324,"24H_trf":428,"konz":0.08,"speed_ME":47.6,"speed_DT":41.8},"geometry":{"type":"LineString","coordinates":[[136.60449,36.35053],[136.60453,36.35059],[136.60462,36.35097],[136.60461,36.35123],[136.60455,36.35138],[136.60426,36.35177],[136.60415,36.35197],[136.60398,36.35275],[136.60391,36.35294],[136.6038,36.35315],[136.60354,36.35347],[136.60322,36.35383],[136.60314,36.35398],[136.60313,36.35416],[136.60314,36.35434],[136.60322,36.35451],[136.60327,36.3547],[136.60359,36.3555],[136.60365,36.35576],[136.60368,36.35602],[136.60356,36.35671],[136.6035,36.35711],[136.60343,36.35779],[136.60331,36.35912]]}},{"type":"Feature","properties":{"census":"17400080210","color":40,"Linenum":2,"12H_trf":8955,"24H_trf":11821,"konz":1.42,"speed_ME":42.0,"speed_DT":40.8},"geometry":{"type":"LineString","coordinates":[[136.66059,36.66842],[136.66048,36.66831],[136.6601,36.66791],[136.65979,36.66756],[136.65959,36.66729],[136.65942,36.66704],[136.65923,36.66666],[136.659,36.6662],[136.65886,36.66595],[136.65868,36.66566]]}},{"type":"Feature","properties":{"census":"17400080220","color":40,"Linenum":2,"12H_trf":1002,"24H_trf":1142,"konz":0.12,"speed_ME":37.6,"speed_DT":43.2},"geometry":{"type":"LineString","coordinates":[[136.66992,36.68033],[136.67001,36.68042],[136.67035,36.68071],[136.67116,36.68127],[136.67134,36.68142],[136.67142,36.6815],[136.67155,36.68164],[136.67201,36.68227],[136.67273,36.6832],[136.67314,36.68374],[136.67348,36.6842],[136.6738,36.68462],[136.67419,36.68512],[136.67429,36.68525],[136.67432,36.6853],[136.67433,36.68532],[136.67456,36.68576],[136.67462,36.68596],[136.6748,36.68647],[136.67508,36.68747],[136.67519,36.68782],[136.67529,36.68803],[136.67549,36.68834],[136.67578,36.68868],[136.67612,36.68893],[136.67653,36.68923],[136.67709,36.68959],[136.67731,36.68975],[136.67813,36.69031],[136.67892,36.69088],[136.67983,36.69167],[136.68008,36.69199],[136.68021,36.69215],[136.68036,36.69223],[136.68053,36.69237],[136.68071,36.69249],[136.68097,36.69273],[136.68158,36.69349],[136.68179,36.69371],[136.68185,36.6938],[136.68202,36.69415],[136.6821,36.69425],[136.68239,36.69456],[136.68256,36.69473],[136.68262,36.6948],[136.68271,36.69493],[136.68274,36.69501],[136.68282,36.69522],[136.68292,36.69566]]}},{"type":"Feature","properties":{"census":"17400600095","color":40,"Linenum":4,"12H_trf":20511,"24H_trf":25099,"konz":0.54,"speed_ME":72.6,"speed_DT":77.4},"geometry":{"type":"MultiLineString","coordinates":[[[136.66992,36.69663],[136.67004,36.69688],[136.67032,36.69731],[136.67056,36.69769],[136.67087,36.69813],[136.6713,36.69866],[136.67178,36.69924],[136.67223,36.69968],[136.67271,36.70021],[136.67316,36.70077],[136.67349,36.70121],[136.67377,36.70161],[136.67407,36.70216],[136.67432,36.70266],[136.6745,36.70308],[136.67462,36.70342],[136.67471,36.70366]],[[136.67454,36.70366],[136.67438,36.70323],[136.67413,36.70266],[136.67389,36.70216],[136.67355,36.70161],[136.67326,36.7012],[136.67291,36.70073],[136.67258,36.70031],[136.67206,36.69978],[136.67145,36.69908],[136.67104,36.6986],[136.67069,36.69814],[136.67035,36.69765],[136.67,36.69713],[136.66992,36.69697]]]}},{"type":"Feature","properties":{"census":"17400080190","color":40,"Linenum":2,"12H_trf":13201,"24H_trf":17293,"konz":2.01,"speed_ME":22.0,"speed_DT":25.3},"geometry":{"type":"MultiLineString","coordinates":[[[136.63126,36.62903],[136.632,36.62965],[136.63239,36.62996],[136.63269,36.6302],[136.63332,36.63069],[136.63396,36.63116],[136.63412,36.63128],[136.63431,36.63143],[136.63446,36.63156],[136.63477,36.63179],[136.63557,36.63244],[136.63568,36.63234],[136.63608,36.63204],[136.63666,36.63151],[136.63666,36.63157],[136.63669,36.63168],[136.6367,36.63193],[136.63672,36.63209],[136.63696,36.63261],[136.63702,36.63275],[136.63724,36.63316]],[[136.63411,36.62637],[136.63353,36.62697],[136.63333,36.62716],[136.63321,36.6273],[136.63268,36.62787],[136.63242,36.62816],[136.63217,36.62838],[136.63187,36.62859],[136.6317,36.62871],[136.63159,36.62879],[136.63126,36.62903]],[[136.63396,36.62627],[136.63341,36.62686],[136.63303,36.62723],[136.63251,36.6278],[136.63226,36.62805],[136.6322,36.6281],[136.632,36.62827],[136.63158,36.62861],[136.63113,36.62892],[136.63126,36.62903]]]}},{"type":"Feature","properties":{"census":"17400080200","color":40,"Linenum":2,"12H_trf":8955,"24H_trf":11821,"konz":1.42,"speed_ME":31.7,"speed_DT":34.9},"geometry":{"type":"LineString","coordinates":[[136.63911,36.63686],[136.63965,36.63758],[136.63977,36.63776],[136.64015,36.63821],[136.64026,36.63837],[136.64032,36.63848],[136.64038,36.63857],[136.64046,36.63866],[136.64087,36.63903],[136.6411,36.63927],[136.64117,36.63935],[136.64133,36.63959],[136.64163,36.64011],[136.64174,36.64032],[136.64186,36.64066],[136.642,36.64105],[136.64203,36.64119],[136.64207,36.64132],[136.64214,36.64141],[136.6424,36.6418],[136.64269,36.64222],[136.64349,36.64335],[136.64372,36.64367],[136.6438,36.64376],[136.64386,36.64384],[136.64392,36.64393],[136.64412,36.64415],[136.64479,36.6448],[136.64513,36.64519],[136.6456,36.64574],[136.64574,36.64591],[136.64587,36.64606],[136.64607,36.64633],[136.64627,36.64654],[136.64655,36.64682],[136.64667,36.64694],[136.64691,36.64712],[136.64713,36.64725],[136.64732,36.64731],[136.64769,36.64737],[136.64798,36.64746],[136.64827,36.6476],[136.64858,36.64778],[136.64879,36.64794],[136.649,36.64813],[136.64922,36.64838],[136.64934,36.64856],[136.64963,36.64896],[136.6499,36.64933],[136.65009,36.64957],[136.65051,36.65018],[136.65091,36.65072],[136.65106,36.65097],[136.65125,36.65123],[136.65135,36.65141],[136.65144,36.65166],[136.65152,36.65192],[136.65154,36.65215],[136.65155,36.65242],[136.65154,36.65271],[136.65146,36.65323],[136.6514,36.65361],[136.6514,36.65401],[136.65143,36.65423],[136.65146,36.65435],[136.65163,36.65481],[136.65169,36.655],[136.65173,36.65517],[136.65192,36.65567],[136.65228,36.65676],[136.65257,36.65765],[136.65271,36.65802],[136.65279,36.65827]]}},{"type":"Feature","properties":{"census":"17400080205","color":40,"Linenum":2,"12H_trf":8955,"24H_trf":11821,"konz":1.42,"speed_ME":38.5,"speed_DT":38.4},"geometry":{"type":"LineString","coordinates":[[136.65279,36.65827],[136.65292,36.65852],[136.65311,36.65881],[136.65321,36.65898],[136.6534,36.65921],[136.65373,36.6596],[136.65424,36.66024],[136.65451,36.66056],[136.65465,36.66071],[136.65472,36.66078],[136.65504,36.66105],[136.65517,36.66111],[136.65567,36.66144],[136.6561,36.66172],[136.65628,36.66189],[136.65642,36.66201],[136.65671,36.66241],[136.65674,36.6625],[136.65698,36.66343],[136.65714,36.66381],[136.6572,36.66393],[136.65729,36.66403],[136.65762,36.66434],[136.65787,36.66458],[136.65868,36.66566]]}},{"type":"Feature","properties":{"census":"17400600080","color":40,"Linenum":2,"12H_trf":6000,"24H_trf":8100,"konz":1.02,"speed_ME":32.4,"speed_DT":36.0},"geometry":{"type":"LineString","coordinates":[[136.62651,36.63155],[136.62665,36.63167],[136.62671,36.63174],[136.62677,36.63185],[136.62686,36.63198],[136.62692,36.63217],[136.62695,36.63242],[136.62703,36.63316]]}},{"type":"Feature","properties":{"census":"17400600085","color":40,"Linenum":4,"12H_trf":6572,"24H_trf":8018,"konz":0.26,"speed_ME":55.4,"speed_DT":59.8},"geometry":{"type":"MultiLineString","coordinates":[[[136.6345,36.65123],[136.63449,36.65132],[136.63449,36.65142],[136.63452,36.65159],[136.63457,36.65181],[136.63467,36.65203],[136.6348,36.65221],[136.63496,36.65239],[136.63513,36.65252],[136.63538,36.65269],[136.63623,36.65326],[136.6366,36.65359],[136.63699,36.65401],[136.63731,36.65434]],[[136.63719,36.65388],[136.63684,36.65336],[136.63657,36.65292],[136.63623,36.65243],[136.63602,36.65209],[136.63577,36.6517],[136.63561,36.65143],[136.63551,36.65128],[136.63544,36.65113],[136.63536,36.65092],[136.63532,36.65068],[136.6353,36.65042],[136.6353,36.65021],[136.63535,36.64996],[136.63542,36.64969],[136.63551,36.64947],[136.63583,36.64882]],[[136.63454,36.65108],[136.63452,36.65113],[136.6345,36.65123]],[[136.63583,36.64882],[136.63561,36.64919],[136.63541,36.64949],[136.63484,36.65043],[136.63464,36.65083],[136.63458,36.65099],[136.63454,36.65108]],[[136.63214,36.64035],[136.63309,36.64154],[136.63585,36.64493],[136.63614,36.64532],[136.63628,36.64554],[136.63641,36.6458],[136.63654,36.6461],[136.63661,36.64642],[136.63663,36.64672],[136.63661,36.64705],[136.63654,36.64743],[136.63644,36.64772],[136.63611,36.64836],[136.63583,36.64882]]]}},{"type":"Feature","properties":{"census":"17400600090","color":40,"Linenum":4,"12H_trf":20511,"24H_trf":25099,"konz":0.54,"speed_ME":82.8,"speed_DT":83.9},"geometry":{"type":"MultiLineString","coordinates":[[[136.63731,36.65434],[136.63863,36.65601],[136.63959,36.65723],[136.64081,36.65878],[136.6418,36.66009],[136.64246,36.6609],[136.64349,36.66226],[136.64365,36.66247],[136.64404,36.66301],[136.6445,36.66361],[136.64496,36.66423],[136.64545,36.66493],[136.64569,36.66536],[136.64584,36.66566],[136.64601,36.66606],[136.64624,36.66666],[136.64656,36.66751],[136.64682,36.66809]],[[136.64691,36.66787],[136.64681,36.66759],[136.64668,36.66732],[136.64642,36.66666],[136.64629,36.66626],[136.64616,36.66597],[136.64603,36.66562],[136.64581,36.6652],[136.64563,36.66487],[136.64542,36.66453],[136.64519,36.66422],[136.6449,36.66379],[136.64464,36.66347],[136.64383,36.66241],[136.64365,36.66217],[136.64328,36.66169],[136.64192,36.65998],[136.64038,36.65804],[136.6396,36.65702],[136.63879,36.65596],[136.63782,36.65472],[136.63744,36.65421],[136.63719,36.65388]]]}},{"type":"Feature","properties":{"census":"17400600100","color":40,"Linenum":4,"12H_trf":20511,"24H_trf":25099,"konz":0.54,"speed_ME":71.0,"speed_DT":70.1},"geometry":{"type":"MultiLineString","coordinates":[[[136.646,36.66653],[136.64606,36.66666],[136.64635,36.66731],[136.64664,36.66787],[136.64682,36.66809]],[[136.64655,36.6664],[136.64662,36.66666],[136.64681,36.66736],[136.64691,36.66787]]]}},{"type":"Feature","properties":{"census":"17602000010","color":40,"Linenum":4,"12H_trf":20154,"24H_trf":25999,"konz":1.11,"speed_ME":12.7,"speed_DT":22.3},"geometry":{"type":"MultiLineString","coordinates":[[[136.63214,36.64035],[136.63234,36.64035],[136.63446,36.63921],[136.63626,36.63827],[136.63771,36.6375],[136.63812,36.63729],[136.63857,36.63705],[136.63905,36.63678]],[[136.63897,36.63665],[136.63847,36.63692],[136.63762,36.63737],[136.63615,36.63814],[136.63435,36.63909],[136.63222,36.64021],[136.63214,36.64035]],[[136.63905,36.63678],[136.63907,36.63677]],[[136.63898,36.63664],[136.63897,36.63665]]]}},{"type":"Feature","properties":{"census":"17400080170","color":40,"Linenum":4,"12H_trf":13201,"24H_trf":17293,"konz":0.69,"speed_ME":21.2,"speed_DT":31.0},"geometry":{"type":"MultiLineString","coordinates":[[[136.63599,36.62439],[136.63611,36.6245]],[[136.63058,36.61624],[136.63103,36.61655],[136.6312,36.6167],[136.63167,36.61712],[136.63194,36.61737],[136.63223,36.61767],[136.6324,36.61787],[136.63252,36.61803],[136.63272,36.61836],[136.63283,36.61858],[136.63297,36.61887],[136.63307,36.61916],[136.63319,36.61957],[136.63333,36.62022],[136.63356,36.62116],[136.63373,36.62177],[136.63387,36.62213],[136.63403,36.62246],[136.63416,36.62267],[136.63435,36.62297],[136.63438,36.62303],[136.63475,36.62343],[136.63504,36.62368],[136.63539,36.62394],[136.63576,36.62422],[136.63599,36.62439]]]}},{"type":"Feature","properties":{"census":"17400080180","color":40,"Linenum":4,"12H_trf":13201,"24H_trf":17293,"konz":0.69,"speed_ME":15.1,"speed_DT":19.3},"geometry":{"type":"MultiLineString","coordinates":[[[136.63411,36.62637],[136.63457,36.62592],[136.63524,36.62524],[136.63551,36.62498],[136.63577,36.62477],[136.63611,36.6245]],[[136.63396,36.62627],[136.63448,36.62573],[136.63512,36.62512],[136.63541,36.62488],[136.63562,36.62468],[136.63599,36.62439]]]}},{"type":"Feature","properties":{"census":"17400100020","color":40,"Linenum":4,"12H_trf":13419,"24H_trf":17579,"konz":0.65,"speed_ME":10.6,"speed_DT":14.6},"geometry":{"type":"MultiLineString","coordinates":[[[136.65942,36.56173],[136.65981,36.56211],[136.6601,36.56239],[136.66027,36.5626]],[[136.65942,36.56173],[136.65912,36.56184],[136.65886,36.56186],[136.65778,36.56196],[136.65718,36.56202],[136.65646,36.5621]],[[136.65942,36.56173],[136.6591,36.56166],[136.65884,36.56168],[136.65775,36.56179],[136.65717,36.56185],[136.65643,36.56193]]]}},{"type":"Feature","properties":{"census":"17400100030","color":40,"Linenum":4,"12H_trf":13419,"24H_trf":17579,"konz":0.65,"speed_ME":19.1,"speed_DT":20.7},"geometry":{"type":"LineString","coordinates":[[136.67352,36.55271],[136.67303,36.55324],[136.6727,36.55355],[136.67218,36.55399],[136.67191,36.55423],[136.67145,36.55463],[136.6712,36.55482],[136.67084,36.55513],[136.67069,36.55527],[136.67036,36.55551],[136.67023,36.5556],[136.67014,36.55567],[136.66992,36.55585]]}},{"type":"Feature","properties":{"census":"17400100080","color":40,"Linenum":2,"12H_trf":15137,"24H_trf":19829,"konz":1.82,"speed_ME":7.6,"speed_DT":12.9},"geometry":{"type":"LineString","coordinates":[[136.65646,36.5621],[136.65653,36.5626]]}},{"type":"Feature","properties":{"census":"17400130010","color":40,"Linenum":4,"12H_trf":22283,"24H_trf":29191,"konz":1.23,"speed_ME":9.7,"speed_DT":8.6},"geometry":{"type":"MultiLineString","coordinates":[[[136.65591,36.57213],[136.65587,36.57229],[136.65527,36.57298],[136.65494,36.57337],[136.65486,36.57346]],[[136.65463,36.57341],[136.65483,36.57318],[136.65567,36.57217],[136.65591,36.57213]]]}},{"type":"Feature","properties":{"census":"17400130020","color":40,"Linenum":4,"12H_trf":22283,"24H_trf":29191,"konz":1.23,"speed_ME":7.7,"speed_DT":10.7},"geometry":{"type":"MultiLineString","coordinates":[[[136.65109,36.57369],[136.65277,36.57353],[136.65298,36.57353],[136.65352,36.57352],[136.65369,36.5735],[136.65463,36.57341]],[[136.65463,36.57341],[136.65486,36.57346]]]}},{"type":"Feature","properties":{"census":"17400130030","color":40,"Linenum":4,"12H_trf":10490,"24H_trf":13742,"konz":1.06,"speed_ME":9.1,"speed_DT":9.1},"geometry":{"type":"LineString","coordinates":[[136.65109,36.57369],[136.65115,36.57398],[136.6512,36.57483],[136.65125,36.57527],[136.65129,36.57617],[136.65129,36.57631],[136.65126,36.57652]]}},{"type":"Feature","properties":{"census":"17400130040","color":40,"Linenum":4,"12H_trf":10490,"24H_trf":13742,"konz":1.06,"speed_ME":4.6,"speed_DT":5.7},"geometry":{"type":"LineString","coordinates":[[136.64967,36.57755],[136.64989,36.57744],[136.65038,36.57716],[136.6507,36.57697],[136.65097,36.57674],[136.65126,36.57652]]}},{"type":"Feature","properties":{"census":"17400170060","color":40,"Linenum":6,"12H_trf":24494,"24H_trf":32087,"konz":0.67,"speed_ME":20.6,"speed_DT":22.6},"geometry":{"type":"MultiLineString","coordinates":[[[136.64352,36.57604],[136.64276,36.57644],[136.6425,36.57657],[136.64151,36.57707],[136.64047,36.5776],[136.63928,36.57818],[136.63869,36.57845],[136.63692,36.57931],[136.63676,36.57938]],[[136.64337,36.5759],[136.64264,36.57628],[136.64236,36.57643],[136.64145,36.57688],[136.64041,36.57743],[136.63916,36.57803],[136.63855,36.57831],[136.63824,36.57844],[136.63766,36.57872],[136.63676,36.57917]]]}},{"type":"Feature","properties":{"census":"17400170070","color":40,"Linenum":6,"12H_trf":24494,"24H_trf":32087,"konz":0.67,"speed_ME":11.1,"speed_DT":17.0},"geometry":{"type":"MultiLineString","coordinates":[[[136.64734,36.57395],[136.64725,36.57411],[136.64633,36.57456],[136.64592,36.57477],[136.64583,36.57482],[136.64552,36.57498],[136.64545,36.57502],[136.64471,36.57541],[136.64352,36.57604]],[[136.64337,36.5759],[136.64368,36.57575],[136.64407,36.57553],[136.64461,36.57526],[136.64516,36.57496],[136.64536,36.57485],[136.64542,36.57482],[136.64572,36.57466],[136.64581,36.57461],[136.64595,36.57454],[136.64632,36.57436],[136.64708,36.574],[136.64734,36.57395]]]}},{"type":"Feature","properties":{"census":"17400170080","color":40,"Linenum":6,"12H_trf":24494,"24H_trf":32087,"konz":0.67,"speed_ME":11.8,"speed_DT":15.6},"geometry":{"type":"LineString","coordinates":[[136.65109,36.57369],[136.65062,36.57372],[136.65006,36.57374],[136.64992,36.57375],[136.64886,36.57381],[136.64838,36.57382],[136.6479,36.57384],[136.64734,36.57395]]}},{"type":"Feature","properties":{"census":"17400250020","color":40,"Linenum":4,"12H_trf":17836,"24H_trf":23187,"konz":0.75,"speed_ME":16.6,"speed_DT":20.6},"geometry":{"type":"LineString","coordinates":[[136.6378,36.55914],[136.6373,36.55938],[136.63644,36.5598],[136.63535,36.56036],[136.63437,36.56085],[136.63365,36.56122],[136.63348,36.56129],[136.6326,36.56174],[136.63208,36.56202],[136.63129,36.5624],[136.63116,36.56247],[136.6309,36.5626]]}},{"type":"Feature","properties":{"census":"17400600010","color":40,"Linenum":6,"12H_trf":23899,"24H_trf":28332,"konz":0.68,"speed_ME":13.2,"speed_DT":16.8},"geometry":{"type":"MultiLineString","coordinates":[[[136.64571,36.57938],[136.64557,36.57915]],[[136.64557,36.57915],[136.64507,36.57841],[136.64496,36.5782],[136.64476,36.57787],[136.64459,36.5774],[136.64441,36.57705],[136.6443,36.57686],[136.64413,36.57663],[136.64401,36.57651],[136.64388,36.57638],[136.64352,36.57604]]]}},{"type":"Feature","properties":{"census":"17400600020","color":40,"Linenum":6,"12H_trf":23899,"24H_trf":28332,"konz":0.68,"speed_ME":17.1,"speed_DT":17.9},"geometry":{"type":"MultiLineString","coordinates":[[[136.64571,36.57938],[136.64441,36.58011],[136.64377,36.5805],[136.64305,36.58095],[136.6423,36.58145],[136.64178,36.5818],[136.64107,36.58231],[136.64053,36.58272],[136.64038,36.58283]],[[136.64557,36.57915],[136.64423,36.57988],[136.64359,36.58028],[136.64285,36.58073],[136.64211,36.58123],[136.64154,36.5816],[136.64082,36.5821],[136.64029,36.58251]]]}},{"type":"Feature","properties":{"census":"17400600030","color":40,"Linenum":6,"12H_trf":23899,"24H_trf":28332,"konz":0.68,"speed_ME":17.8,"speed_DT":18.7},"geometry":{"type":"MultiLineString","coordinates":[[[136.63092,36.59173],[136.63089,36.59176],[136.6308,36.59183]],[[136.63103,36.59163],[136.63092,36.59173]],[[136.63111,36.59155],[136.63103,36.59163]],[[136.63121,36.59145],[136.63111,36.59155]],[[136.64038,36.58283],[136.63976,36.58333],[136.63959,36.58347],[136.63875,36.58417],[136.63808,36.5848],[136.63786,36.58499],[136.63739,36.58543],[136.63727,36.58557],[136.63686,36.58595],[136.63641,36.58638],[136.63612,36.58668],[136.63594,36.58687],[136.6348,36.58797],[136.63348,36.58925],[136.6319,36.59078],[136.63132,36.59137],[136.63124,36.59142],[136.63121,36.59145]],[[136.64029,36.58251],[136.64014,36.58262],[136.63934,36.58327],[136.63927,36.58333],[136.63855,36.58391],[136.63779,36.58461],[136.63712,36.58524],[136.63699,36.58537],[136.63643,36.58591],[136.63596,36.58638],[136.63583,36.5865],[136.63567,36.58667],[136.63452,36.58778],[136.63394,36.58834],[136.63321,36.58904],[136.6315,36.59069],[136.631,36.59117]]]}},{"type":"Feature","properties":{"census":"17400100010","color":40,"Linenum":4,"12H_trf":13419,"24H_trf":17579,"konz":0.65,"speed_ME":7.8,"speed_DT":8.3},"geometry":{"type":"MultiLineString","coordinates":[[[136.65366,36.56231],[136.65385,36.56234],[136.65442,36.56229],[136.65462,36.56228],[136.65646,36.5621]],[[136.65643,36.56193],[136.655,36.56207],[136.65451,36.56213],[136.65387,36.56219],[136.65366,36.56231]]]}},{"type":"Feature","properties":{"census":"17400220050","color":40,"Linenum":4,"12H_trf":31049,"24H_trf":40674,"konz":1.06,"speed_ME":16.7,"speed_DT":35.3},"geometry":{"type":"MultiLineString","coordinates":[[[136.67017,36.53294],[136.67027,36.53293],[136.67116,36.53292],[136.67191,36.53294],[136.67239,36.53296],[136.67288,36.53299],[136.67473,36.53309],[136.67825,36.53333],[136.68016,36.53346],[136.68039,36.53347],[136.68211,36.53358],[136.68332,36.53364],[136.6837,36.53367],[136.68485,36.53373],[136.68512,36.53377]],[[136.67028,36.53279],[136.67041,36.53278],[136.6709,36.53277],[136.67189,36.5328],[136.67239,36.53283],[136.6729,36.53285],[136.67474,36.53297],[136.67871,36.53323],[136.68036,36.53334],[136.68042,36.53334],[136.68214,36.53348],[136.68337,36.53356],[136.68373,36.53359],[136.68463,36.53364],[136.68517,36.53369]],[[136.66992,36.53296],[136.67017,36.53294]],[[136.66992,36.53281],[136.67028,36.53279]]]}},{"type":"Feature","properties":{"census":"17400220320","color":40,"Linenum":4,"12H_trf":11116,"24H_trf":13606,"konz":0.43,"speed_ME":14.4,"speed_DT":16.7},"geometry":{"type":"MultiLineString","coordinates":[[[136.64104,36.52313],[136.64008,36.52368],[136.63992,36.52379],[136.63977,36.52392],[136.63956,36.52418],[136.63942,36.52434],[136.63934,36.52449],[136.63927,36.52467],[136.63922,36.52483],[136.63895,36.52618],[136.63874,36.52729]],[[136.64093,36.52305],[136.64038,36.52334],[136.63995,36.52359],[136.6398,36.52369],[136.63962,36.52385],[136.63942,36.52407],[136.63933,36.52417],[136.63924,36.52428],[136.63916,36.52445],[136.63905,36.52474],[136.63878,36.52617],[136.63855,36.52729]]]}},{"type":"Feature","properties":{"census":"17400220330","color":40,"Linenum":4,"12H_trf":11116,"24H_trf":13606,"konz":0.43,"speed_ME":23.6,"speed_DT":26.0},"geometry":{"type":"MultiLineString","coordinates":[[[136.63817,36.52948],[136.63812,36.52995],[136.63812,36.53053],[136.63815,36.53079],[136.63824,36.53133],[136.63844,36.53213],[136.63852,36.5325],[136.63872,36.53329],[136.63896,36.53436],[136.63905,36.53465],[136.63925,36.53558],[136.63933,36.536],[136.63934,36.53647],[136.63933,36.53679],[136.63931,36.53784],[136.63933,36.53883],[136.63934,36.53955],[136.63934,36.54009]],[[136.63835,36.52948],[136.63831,36.52996],[136.63831,36.53028],[136.63835,36.53083],[136.63841,36.5312],[136.63844,36.53129],[136.63863,36.5321],[136.6387,36.53244],[136.6389,36.53326],[136.63916,36.53434],[136.63924,36.53465],[136.63937,36.53517],[136.63945,36.53555],[136.63953,36.53606],[136.63954,36.53633],[136.63953,36.53681],[136.63951,36.53755],[136.6395,36.53801],[136.63951,36.53882],[136.63956,36.54007]]]}},{"type":"Feature","properties":{"census":"17400220340","color":40,"Linenum":4,"12H_trf":11116,"24H_trf":13606,"konz":0.43,"speed_ME":13.1,"speed_DT":20.7},"geometry":{"type":"MultiLineString","coordinates":[[[136.63956,36.54007],[136.63962,36.5416],[136.63962,36.54176],[136.63965,36.54198],[136.63971,36.54217],[136.63979,36.54234],[136.63986,36.5425],[136.63998,36.54271],[136.64026,36.54304],[136.64102,36.54393],[136.64127,36.5442],[136.64137,36.54447]],[[136.64137,36.54447],[136.64107,36.54426],[136.64059,36.5437],[136.64001,36.54304],[136.63982,36.54279],[136.63969,36.54257],[136.63957,36.54234],[136.63945,36.54196],[136.63942,36.54162],[136.63934,36.54009]]]}},{"type":"Feature","properties":{"census":"17400250010","color":40,"Linenum":4,"12H_trf":17836,"24H_trf":23187,"konz":0.75,"speed_ME":11.7,"speed_DT":18.6},"geometry":{"type":"LineString","coordinates":[[136.64893,36.55693],[136.64877,36.55703],[136.6483,36.55724],[136.64796,36.55739],[136.6478,36.55746],[136.64708,36.55777],[136.64676,36.55788],[136.64659,36.55795],[136.64638,36.55803],[136.64539,36.55812],[136.64435,36.55827],[136.644,36.55833],[136.64345,36.55842],[136.64288,36.55848],[136.64162,36.55864],[136.63982,36.55887],[136.63947,36.55893],[136.63922,36.55895],[136.63892,36.55898],[136.63858,36.55902],[136.6378,36.55914]]}},{"type":"Feature","properties":{"census":"17400450010","color":40,"Linenum":2,"12H_trf":11069,"24H_trf":13726,"konz":0.6,"speed_ME":9.9,"speed_DT":14.5},"geometry":{"type":"LineString","coordinates":[[136.65262,36.55358],[136.65221,36.55406],[136.65012,36.55627],[136.6499,36.55646],[136.64893,36.55693]]}},{"type":"Feature","properties":{"census":"17400450020","color":40,"Linenum":2,"12H_trf":11069,"24H_trf":13726,"konz":0.6,"speed_ME":7.6,"speed_DT":18.2},"geometry":{"type":"LineString","coordinates":[[136.6488,36.5438],[136.64885,36.54393],[136.6489,36.54464],[136.64894,36.54504],[136.64894,36.5451],[136.64899,36.54554],[136.64902,36.546],[136.64912,36.54714],[136.6492,36.54791],[136.64922,36.5481],[136.64923,36.54826],[136.64935,36.54861],[136.64946,36.54897],[136.64966,36.54956],[136.64969,36.5497],[136.64986,36.55016],[136.65015,36.55112],[136.65018,36.55152],[136.65024,36.55204],[136.65024,36.55212],[136.65025,36.5522],[136.6503,36.55233],[136.65036,36.55243],[136.65045,36.55253],[136.65068,36.55265],[136.65077,36.55269],[136.65114,36.5529],[136.65152,36.55309],[136.65227,36.55348],[136.65244,36.55354],[136.65262,36.55358]]}},{"type":"Feature","properties":{"census":"17400450030","color":40,"Linenum":2,"12H_trf":11069,"24H_trf":13726,"konz":0.6,"speed_ME":13.3,"speed_DT":20.9},"geometry":{"type":"LineString","coordinates":[[136.64557,36.52764],[136.64587,36.52792],[136.64592,36.52796],[136.64604,36.52807],[136.64609,36.52812],[136.64623,36.52824],[136.64633,36.52836],[136.64639,36.52848],[136.64655,36.52879],[136.64671,36.52926],[136.64676,36.52947],[136.64677,36.52982],[136.64677,36.53016],[136.64679,36.53055],[136.64682,36.53086],[136.64682,36.53116],[136.64684,36.53142],[136.64691,36.53178],[136.647,36.53222],[136.64705,36.53249],[136.64708,36.5327],[136.64716,36.53318],[136.64723,36.53354],[136.64729,36.53386],[136.64738,36.53445],[136.64742,36.53458],[136.64746,36.53485],[136.64763,36.53577],[136.6478,36.53667],[136.64806,36.53854],[136.64813,36.53912],[136.64822,36.53955],[136.64829,36.54],[136.64847,36.54128],[136.64858,36.54212],[136.64859,36.54221],[136.64873,36.5431],[136.64877,36.54341],[136.6488,36.5438]]}},{"type":"Feature","properties":{"census":"17400450040","color":40,"Linenum":2,"12H_trf":11069,"24H_trf":13726,"konz":0.6,"speed_ME":12.8,"speed_DT":19.0},"geometry":{"type":"LineString","coordinates":[[136.64197,36.52388],[136.64194,36.52398],[136.64195,36.52409],[136.64206,36.52424],[136.6423,36.52456],[136.64253,36.52486],[136.64273,36.52518],[136.64294,36.52547],[136.64319,36.52573],[136.64343,36.52594],[136.64346,36.52597],[136.64357,36.52603],[136.64403,36.52631],[136.6442,36.52644],[136.64461,36.5268],[136.64494,36.5271],[136.64507,36.5272],[136.64518,36.52729]]}},{"type":"Feature","properties":{"census":"17400220060","color":40,"Linenum":4,"12H_trf":31049,"24H_trf":40674,"konz":1.06,"speed_ME":17.1,"speed_DT":22.2},"geometry":{"type":"MultiLineString","coordinates":[[[136.64104,36.52313],[136.64145,36.52341],[136.64166,36.52361],[136.64178,36.52371],[136.64197,36.52388]],[[136.64114,36.523],[136.64156,36.5233],[136.64218,36.52383]],[[136.64093,36.52305],[136.64104,36.52313]]]}},{"type":"Feature","properties":{"census":"17400220070","color":40,"Linenum":4,"12H_trf":19117,"24H_trf":24852,"konz":1.75,"speed_ME":18.2,"speed_DT":36.4},"geometry":{"type":"MultiLineString","coordinates":[[[136.62903,36.51141],[136.6295,36.51228],[136.63007,36.51333],[136.6308,36.51463],[136.63107,36.51519],[136.63135,36.51564],[136.63178,36.51623],[136.63219,36.51667],[136.63272,36.51715],[136.63307,36.51739],[136.63388,36.51791],[136.63487,36.51843],[136.63507,36.51855],[136.63544,36.51878],[136.63599,36.51908],[136.63632,36.51929],[136.63687,36.51968],[136.63748,36.52019],[136.63766,36.52034],[136.63791,36.52052],[136.63846,36.521],[136.63918,36.52158],[136.64001,36.52226],[136.64029,36.52251],[136.64093,36.52305]],[[136.62921,36.51138],[136.62967,36.51223],[136.63016,36.51315],[136.63022,36.51327],[136.63094,36.51458],[136.63126,36.51514],[136.63149,36.51554],[136.63193,36.51613],[136.63232,36.51655],[136.63284,36.51703],[136.63321,36.51729],[136.63371,36.51763],[136.63409,36.51784],[136.63501,36.51833],[136.63522,36.51845],[136.63557,36.51866],[136.63638,36.51914],[136.63699,36.51958],[136.63725,36.51976],[136.63762,36.52008],[136.63777,36.52022],[136.63802,36.52042],[136.63858,36.52089],[136.6393,36.52148],[136.64011,36.52213],[136.64041,36.52238],[136.64066,36.5226],[136.64108,36.52294],[136.64114,36.523]]]}},{"type":"Feature","properties":{"census":"17400220080","color":40,"Linenum":4,"12H_trf":19117,"24H_trf":24852,"konz":1.75,"speed_ME":18.1,"speed_DT":34.0},"geometry":{"type":"MultiLineString","coordinates":[[[136.62903,36.51141],[136.62836,36.51018]],[[136.62854,36.51011],[136.62921,36.51138]]]}},{"type":"Feature","properties":{"census":"17400080230","color":40,"Linenum":2,"12H_trf":1002,"24H_trf":1142,"konz":0.15,"speed_ME":30.9,"speed_DT":31.5},"geometry":{"type":"LineString","coordinates":[[136.68292,36.69566],[136.68292,36.69584],[136.68298,36.69601],[136.68309,36.6962],[136.68326,36.69645],[136.6834,36.69659],[136.68353,36.69672],[136.68396,36.69707],[136.68414,36.69724],[136.68442,36.69749],[136.68468,36.69777],[136.68481,36.69793],[136.68495,36.69812],[136.68512,36.69838],[136.68527,36.69867],[136.68546,36.69909],[136.68565,36.69955],[136.68576,36.69971],[136.68593,36.69994],[136.68615,36.70021],[136.68638,36.70048],[136.68651,36.70068],[136.68659,36.70083],[136.68671,36.70118],[136.68679,36.70136],[136.687,36.70162],[136.68715,36.70182],[136.68728,36.70197],[136.6878,36.70237],[136.68795,36.70256],[136.68801,36.70273],[136.68816,36.70325],[136.68824,36.7034],[136.68831,36.70349],[136.68844,36.70358],[136.68847,36.70361],[136.68855,36.70366]]}},{"type":"Feature","properties":{"census":"17400100040","color":40,"Linenum":3,"12H_trf":9994,"24H_trf":12054,"konz":0.73,"speed_ME":20.2,"speed_DT":25.4},"geometry":{"type":"MultiLineString","coordinates":[[[136.67392,36.55228],[136.67383,36.55241],[136.67352,36.55271]],[[136.68822,36.53587],[136.68768,36.53658],[136.68758,36.53674],[136.6875,36.53691],[136.68745,36.53719],[136.68741,36.53752],[136.68735,36.53762],[136.68724,36.53779],[136.6868,36.53879],[136.68666,36.53902],[136.68631,36.53964],[136.68588,36.54029],[136.68521,36.54132],[136.68485,36.54182],[136.68481,36.54193],[136.68433,36.54248],[136.68401,36.54286],[136.68379,36.54312],[136.68329,36.54363],[136.68243,36.54445],[136.6816,36.54531],[136.68074,36.5462],[136.68044,36.5465],[136.68004,36.54686],[136.67964,36.54718],[136.67932,36.54745],[136.67825,36.54835],[136.67796,36.54868],[136.67775,36.5489],[136.67746,36.54922],[136.67725,36.54945],[136.67694,36.54977],[136.67665,36.5501],[136.67638,36.55031],[136.67621,36.55043],[136.6759,36.55067],[136.67538,36.55105],[136.67468,36.55165],[136.67418,36.55207],[136.67392,36.55228]]]}},{"type":"Feature","properties":{"census":"17400100050","color":40,"Linenum":2,"12H_trf":2981,"24H_trf":4173,"konz":0.51,"speed_ME":45.8,"speed_DT":43.9},"geometry":{"type":"LineString","coordinates":[[136.75434,36.49383],[136.75405,36.4937],[136.75377,36.49361],[136.75344,36.49354],[136.75316,36.4935],[136.75237,36.49347],[136.75208,36.4935],[136.75193,36.49348],[136.75173,36.49345],[136.75127,36.49333],[136.74999,36.49289],[136.74901,36.49253],[136.74883,36.49248],[136.74854,36.49248],[136.74831,36.4925],[136.74811,36.49256],[136.74787,36.49271],[136.74772,36.49285],[136.74761,36.49299],[136.74738,36.49342],[136.74727,36.49362],[136.74703,36.49405],[136.74691,36.49417],[136.74679,36.49425],[136.74663,36.49433],[136.74645,36.49439],[136.7463,36.49442],[136.74584,36.49451],[136.74569,36.49456],[136.74553,36.49463],[136.74544,36.49473],[136.74535,36.49489],[136.74508,36.49571],[136.74499,36.49601],[136.74479,36.49665],[136.74471,36.49694],[136.7447,36.49704],[136.74465,36.4973],[136.7446,36.4976],[136.74453,36.49838],[136.74447,36.4986],[136.74437,36.49879],[136.74395,36.49949],[136.74367,36.49992],[136.74361,36.5],[136.74335,36.50026],[136.74325,36.50033],[136.74312,36.50039],[136.74297,36.50041],[136.74257,36.50044],[136.74206,36.5005],[136.74146,36.50055],[136.74036,36.50053],[136.74013,36.50053],[136.73981,36.50053],[136.73948,36.50055],[136.73897,36.50059],[136.73864,36.50064],[136.73786,36.50075],[136.73763,36.50081],[136.73699,36.50102],[136.73668,36.50112],[136.73595,36.50129],[136.73533,36.5014],[136.73499,36.50144],[136.73466,36.50145],[136.73438,36.50148],[136.73412,36.50155],[136.73385,36.50168],[136.73357,36.50183],[136.73334,36.50199],[136.73319,36.5021],[136.73308,36.50225],[136.73241,36.50274],[136.73203,36.50297],[136.73183,36.50306],[136.73122,36.50334],[136.73018,36.50381],[136.72992,36.50393],[136.72938,36.50422],[136.72887,36.50451],[136.72844,36.50476],[136.72809,36.50494],[136.72754,36.50523],[136.72677,36.50559],[136.7262,36.50588],[136.72599,36.50599],[136.72533,36.50636],[136.72473,36.50677],[136.72446,36.50697],[136.72412,36.50713],[136.72392,36.50728],[136.72337,36.50783],[136.72319,36.50807],[136.72272,36.50858],[136.72266,36.50865],[136.72247,36.50882],[136.72232,36.5089],[136.72208,36.50903],[136.72162,36.50921],[136.72139,36.50927],[136.72107,36.50929],[136.72044,36.50931],[136.71935,36.5094],[136.71904,36.50946],[136.71878,36.50956],[136.71854,36.50973],[136.71826,36.50993],[136.71759,36.51074],[136.71729,36.51094],[136.71707,36.51105],[136.71671,36.51119],[136.71654,36.51123],[136.71635,36.51127],[136.7161,36.5113],[136.71574,36.51132],[136.71527,36.51134],[136.715,36.51136],[136.71387,36.51142]]}},{"type":"Feature","properties":{"census":"17400220005","color":40,"Linenum":2,"12H_trf":6131,"24H_trf":8032,"konz":0.51,"speed_ME":14.8,"speed_DT":18.6},"geometry":{"type":"MultiLineString","coordinates":[[[136.67963,36.56249],[136.67999,36.5621],[136.68039,36.56173],[136.68115,36.56111],[136.6814,36.56082]],[[136.67928,36.56229],[136.67975,36.56189],[136.68094,36.5609],[136.68127,36.56072]]]}},{"type":"Feature","properties":{"census":"17400220010","color":40,"Linenum":4,"12H_trf":24460,"24H_trf":32043,"konz":1.51,"speed_ME":19.5,"speed_DT":23.0},"geometry":{"type":"MultiLineString","coordinates":[[[136.68817,36.55249],[136.6872,36.55373],[136.68633,36.55485],[136.68558,36.55589],[136.68527,36.55629],[136.68423,36.55765],[136.68396,36.55797],[136.6839,36.55807],[136.68295,36.55926],[136.6826,36.55969],[136.68217,36.56017],[136.6814,36.56082]],[[136.68799,36.55241],[136.68762,36.55291],[136.68704,36.55366],[136.68686,36.55386],[136.68617,36.55479],[136.68561,36.55551],[136.68533,36.55588],[136.68506,36.5562],[136.68481,36.55655],[136.68398,36.5577],[136.68382,36.5579],[136.68375,36.55799],[136.68282,36.55919],[136.68242,36.55965],[136.68202,36.56007],[136.68127,36.56072]]]}},{"type":"Feature","properties":{"census":"17400220020","color":40,"Linenum":4,"12H_trf":25721,"24H_trf":33695,"konz":0.79,"speed_ME":19.5,"speed_DT":32.5},"geometry":{"type":"MultiLineString","coordinates":[[[136.69032,36.5452],[136.69029,36.54775],[136.69028,36.54823],[136.69025,36.54854],[136.69022,36.54873],[136.69022,36.5488],[136.69012,36.54918],[136.68997,36.54968],[136.68983,36.54998],[136.68965,36.55038],[136.6891,36.55125],[136.68817,36.55249]],[[136.69012,36.54519],[136.69012,36.54525],[136.69009,36.54775],[136.69003,36.54856],[136.69,36.5488],[136.68988,36.5493],[136.68974,36.54972],[136.68964,36.54995],[136.68948,36.55032],[136.68921,36.55074],[136.68889,36.55124],[136.68799,36.55241]]]}},{"type":"Feature","properties":{"census":"17400220030","color":40,"Linenum":4,"12H_trf":25721,"24H_trf":33695,"konz":0.79,"speed_ME":14.9,"speed_DT":27.5},"geometry":{"type":"MultiLineString","coordinates":[[[136.69208,36.54101],[136.69183,36.54154],[136.69177,36.5417],[136.69118,36.54289],[136.69055,36.54419],[136.69046,36.5444],[136.6904,36.54464],[136.69032,36.5452]],[[136.69189,36.541],[136.69179,36.54131],[136.69106,36.54284],[136.69037,36.54419],[136.69026,36.54443],[136.6902,36.54467],[136.69014,36.54502],[136.69012,36.54519]]]}},{"type":"Feature","properties":{"census":"17400220040","color":40,"Linenum":4,"12H_trf":28210,"24H_trf":36955,"konz":1.42,"speed_ME":19.1,"speed_DT":22.3},"geometry":{"type":"MultiLineString","coordinates":[[[136.68894,36.53563],[136.68976,36.53617],[136.69037,36.53661],[136.69058,36.53676],[136.69095,36.53703],[136.69109,36.53719],[136.69139,36.53751],[136.69153,36.53769],[136.69164,36.53788],[136.69177,36.53812],[136.69185,36.53834],[136.69203,36.53879],[136.69215,36.53922],[136.69222,36.53948],[136.69225,36.53979],[136.69225,36.54001],[136.69223,36.54023],[136.69218,36.5405],[136.69208,36.54101]],[[136.68883,36.53566],[136.68967,36.53622],[136.69064,36.53693],[136.69086,36.53713],[136.69107,36.53735],[136.69125,36.53753],[136.69139,36.53772],[136.69153,36.53796],[136.69162,36.53814],[136.69171,36.53838],[136.69182,36.53862],[136.69189,36.53888],[136.69205,36.5395],[136.69208,36.53981],[136.69208,36.53991],[136.69208,36.54013],[136.69203,36.54042],[136.69189,36.541]],[[136.68843,36.53539],[136.68883,36.53566]],[[136.68846,36.53531],[136.68894,36.53563]],[[136.68512,36.53377],[136.68533,36.5338],[136.6859,36.53395],[136.68639,36.53413],[136.68665,36.53425],[136.68686,36.53436],[136.68761,36.53484],[136.68843,36.53539]],[[136.68517,36.53369],[136.68533,36.53372],[136.68594,36.53388],[136.68628,36.53399],[136.68649,36.53408],[136.68691,36.53428],[136.68768,36.53479],[136.68846,36.53531]]]}},{"type":"Feature","properties":{"census":"17400270010","color":40,"Linenum":4,"12H_trf":15908,"24H_trf":20839,"konz":0.76,"speed_ME":16.5,"speed_DT":25.0},"geometry":{"type":"LineString","coordinates":[[136.67352,36.55271],[136.6741,36.55315],[136.6743,36.55332],[136.67487,36.55385],[136.67516,36.55417],[136.67532,36.55437],[136.67546,36.55456],[136.67566,36.55501],[136.67589,36.55564],[136.67668,36.5577],[136.6768,36.55803],[136.67694,36.5585],[136.67722,36.5595],[136.67732,36.56],[136.67749,36.56054],[136.67758,36.56076]]}},{"type":"Feature","properties":{"census":"17400270030","color":40,"Linenum":2,"12H_trf":7740,"24H_trf":10217,"konz":0.79,"speed_ME":42.4,"speed_DT":44.7},"geometry":{"type":"LineString","coordinates":[[136.72992,36.54827],[136.72937,36.54778],[136.72873,36.54725],[136.72833,36.54697],[136.7281,36.54687],[136.72762,36.54668],[136.72736,36.54663],[136.72716,36.54659],[136.72684,36.54659],[136.72617,36.5466],[136.72568,36.54663],[136.72533,36.54664],[136.72482,36.54664],[136.72447,36.54662],[136.7242,36.54659],[136.72391,36.54654],[136.72353,36.54642],[136.72328,36.54633],[136.72308,36.54623],[136.72235,36.54583],[136.72203,36.54566],[136.7218,36.54559],[136.72144,36.54557],[136.72131,36.54559],[136.72113,36.54565],[136.72078,36.54581],[136.7197,36.54633],[136.71927,36.54655],[136.71809,36.54714],[136.71803,36.54716],[136.71758,36.54744],[136.71741,36.54764],[136.71701,36.54801],[136.71603,36.54902],[136.71597,36.54914],[136.71594,36.54929],[136.71596,36.54945],[136.716,36.54957],[136.71613,36.54982],[136.71619,36.55003],[136.71619,36.55019],[136.71613,36.55039],[136.71602,36.55055],[136.71587,36.55069],[136.7157,36.55079],[136.71548,36.55086],[136.71523,36.5509],[136.71504,36.5509],[136.71483,36.55086],[136.71454,36.55073],[136.7144,36.55061],[136.71426,36.55047],[136.71388,36.54984],[136.71387,36.54982]]}},{"type":"Feature","properties":{"census":"17400590150","color":40,"Linenum":2,"12H_trf":8185,"24H_trf":10804,"konz":1.24,"speed_ME":25.8,"speed_DT":26.6},"geometry":{"type":"MultiLineString","coordinates":[[[136.72674,36.6859],[136.72667,36.6861],[136.72664,36.68617]],[[136.73266,36.67532],[136.73202,36.67544],[136.73176,36.6755],[136.7315,36.67557],[136.73122,36.67569],[136.73101,36.67581],[136.73083,36.67591],[136.73084,36.67636],[136.73084,36.67657],[136.73083,36.67704],[136.73083,36.67717],[136.73083,36.67729],[136.73079,36.67741],[136.73076,36.67754],[136.73069,36.67762],[136.7306,36.67771],[136.73049,36.67779],[136.73038,36.67785],[136.73028,36.67791],[136.7302,36.67797],[136.73011,36.67807],[136.73006,36.67816],[136.72986,36.67848],[136.72945,36.67926],[136.72924,36.67966],[136.72915,36.67978],[136.72909,36.67994],[136.72904,36.68005],[136.72899,36.68024],[136.72898,36.68039],[136.72896,36.68057],[136.72893,36.6807],[136.72889,36.68082],[136.72872,36.68123],[136.72834,36.68202],[136.72803,36.68268],[136.7278,36.68317],[136.7275,36.68382],[136.72719,36.68463],[136.72706,36.68502],[136.72696,36.68527],[136.72693,36.68538],[136.72689,36.68548],[136.7268,36.68572],[136.72675,36.68586],[136.72674,36.6859]]]}},{"type":"Feature","properties":{"census":"17400590160","color":40,"Linenum":2,"12H_trf":5733,"24H_trf":7625,"konz":0.73,"speed_ME":19.4,"speed_DT":22.0},"geometry":{"type":"LineString","coordinates":[[136.73647,36.67152],[136.73687,36.67266],[136.73717,36.67342],[136.73723,36.67357],[136.73726,36.6737],[136.73726,36.67388],[136.73726,36.67418],[136.73729,36.67435],[136.7369,36.67446],[136.73659,36.67456],[136.73643,36.6746],[136.73626,36.67463],[136.73479,36.67491],[136.7333,36.6752],[136.73266,36.67532]]}},{"type":"Feature","properties":{"census":"17400590170","color":40,"Linenum":2,"12H_trf":5733,"24H_trf":7625,"konz":0.73,"speed_ME":15.0,"speed_DT":18.8},"geometry":{"type":"LineString","coordinates":[[136.73588,36.66903],[136.73601,36.66951],[136.73601,36.66959],[136.73606,36.66971],[136.73609,36.66989],[136.7362,36.67036],[136.73629,36.67063],[136.73647,36.67152]]}},{"type":"Feature","properties":{"census":"17400590180","color":40,"Linenum":2,"12H_trf":5733,"24H_trf":7625,"konz":0.73,"speed_ME":25.4,"speed_DT":27.2},"geometry":{"type":"LineString","coordinates":[[136.72945,36.65762],[136.73002,36.65826],[136.73041,36.65878],[136.73104,36.65959],[136.73139,36.66011],[136.73159,36.66035],[136.73215,36.66117],[136.73269,36.66192],[136.73308,36.66245],[136.73319,36.66259],[136.73366,36.66326],[136.73406,36.66394],[136.73426,36.66431],[136.73458,36.66488],[136.73496,36.66576],[136.73501,36.66589],[136.73514,36.66623],[136.73528,36.66666],[136.73539,36.66706],[136.73546,36.66728],[136.73571,36.66825],[136.73575,36.66842]]}},{"type":"Feature","properties":{"census":"17400590220","color":40,"Linenum":2,"12H_trf":8185,"24H_trf":10804,"konz":0.75,"speed_ME":56.6,"speed_DT":59.9},"geometry":{"type":"LineString","coordinates":[[136.72438,36.70366],[136.72457,36.70344],[136.72516,36.70272],[136.72576,36.70197],[136.72609,36.70156],[136.72637,36.70115],[136.72661,36.70076],[136.72686,36.70036],[136.7271,36.69992],[136.72738,36.69939]]}},{"type":"Feature","properties":{"census":"17400590230","color":40,"Linenum":2,"12H_trf":8185,"24H_trf":10804,"konz":0.83,"speed_ME":32.9,"speed_DT":38.8},"geometry":{"type":"LineString","coordinates":[[136.7282,36.69706],[136.72803,36.69776],[136.7279,36.69812],[136.72774,36.69857],[136.72761,36.69891],[136.72738,36.69939]]}},{"type":"Feature","properties":{"census":"17400590240","color":40,"Linenum":2,"12H_trf":8185,"24H_trf":10804,"konz":0.83,"speed_ME":45.7,"speed_DT":48.6},"geometry":{"type":"LineString","coordinates":[[136.72645,36.68675],[136.7264,36.687],[136.72638,36.68712],[136.7264,36.68733],[136.72642,36.68754],[136.72646,36.68773],[136.72655,36.68796],[136.7268,36.68859],[136.72695,36.68893],[136.72707,36.6892],[136.72719,36.68941],[136.72732,36.6896],[136.72747,36.68981],[136.72759,36.68998],[136.72788,36.69033],[136.72812,36.69067],[136.72832,36.69095],[136.72844,36.69117],[136.72854,36.69135],[136.72863,36.69157],[136.72869,36.69181],[136.72875,36.69205],[136.7288,36.6923],[136.7288,36.69254],[136.7288,36.69273],[136.72878,36.69292],[136.72877,36.69308],[136.72866,36.69385],[136.72864,36.69404],[136.72852,36.69493],[136.72841,36.69591],[136.72835,36.69625],[136.72831,36.69653],[136.72826,36.69675],[136.7282,36.69706]]}},{"type":"Feature","properties":{"census":"17400590190","color":40,"Linenum":2,"12H_trf":5733,"24H_trf":7625,"konz":0.73,"speed_ME":20.3,"speed_DT":26.2},"geometry":{"type":"LineString","coordinates":[[136.72719,36.65252],[136.72707,36.65266],[136.72693,36.65304],[136.72675,36.65347],[136.72671,36.65364],[136.72669,36.65378],[136.72667,36.65393],[136.72669,36.6541],[136.72672,36.65427],[136.72674,36.65437],[136.72684,36.65458],[136.72701,36.65488],[136.72715,36.65506],[136.72794,36.65593],[136.72806,36.65608],[136.72861,36.65667],[136.72927,36.65742],[136.72945,36.65762]]}},{"type":"Feature","properties":{"census":"17400270040","color":40,"Linenum":2,"12H_trf":3261,"24H_trf":4565,"konz":0.43,"speed_ME":53.2,"speed_DT":54.0},"geometry":{"type":"LineString","coordinates":[[136.75781,36.55318],[136.75921,36.55408],[136.75934,36.55418],[136.75957,36.55435],[136.76,36.55459],[136.76044,36.55487],[136.76061,36.55499],[136.76104,36.5553]]}},{"type":"Feature","properties":{"census":"17400100060","color":40,"Linenum":2,"12H_trf":319,"24H_trf":421,"konz":0.1,"speed_ME":34.3,"speed_DT":34.3},"geometry":{"type":"LineString","coordinates":[[136.79616,36.46578],[136.79607,36.46585],[136.79595,36.46599],[136.79557,36.46658],[136.79522,36.46717],[136.79474,36.4681],[136.79442,36.46878],[136.79426,36.46917],[136.79394,36.46961],[136.79345,36.47029],[136.79317,36.47064],[136.79268,36.47119],[136.79247,36.4714],[136.79241,36.47154],[136.79236,36.47164],[136.79235,36.47185],[136.79229,36.47209],[136.7921,36.47241],[136.79195,36.47294],[136.79183,36.47335],[136.79175,36.47351],[136.79163,36.47367],[136.79148,36.47385],[136.7914,36.47399],[136.79133,36.47422],[136.79119,36.47474],[136.79108,36.47494],[136.79064,36.47554],[136.79038,36.47592],[136.79004,36.47633],[136.7898,36.4767],[136.7896,36.47707],[136.78946,36.47731],[136.78928,36.47739],[136.78917,36.47745],[136.78913,36.47754],[136.78911,36.47764],[136.78914,36.4781],[136.78913,36.47821],[136.78908,36.47832],[136.78895,36.47851],[136.78875,36.47859],[136.78863,36.47869],[136.78863,36.47877],[136.78863,36.47883],[136.78869,36.47899],[136.78869,36.47905],[136.78863,36.4793],[136.78852,36.47959],[136.78859,36.47985],[136.78858,36.47995],[136.78853,36.48012],[136.78844,36.48044],[136.78841,36.48061],[136.78847,36.48099],[136.7885,36.48154],[136.78849,36.48162],[136.78841,36.48185],[136.78841,36.482],[136.78846,36.4823],[136.78847,36.48255],[136.7885,36.48268],[136.78853,36.48282],[136.78849,36.48305],[136.78843,36.48329],[136.78837,36.48346],[136.78835,36.48365],[136.78835,36.48398],[136.78832,36.48428],[136.78829,36.48448],[136.78829,36.48476],[136.78832,36.48502],[136.78831,36.48507],[136.7882,36.48538],[136.78802,36.48578],[136.78792,36.48598],[136.78785,36.48609],[136.78773,36.48623],[136.78753,36.48645],[136.78744,36.48666],[136.78737,36.48687],[136.78737,36.48709],[136.78736,36.48719],[136.78731,36.48731],[136.78719,36.48747],[136.78704,36.48763],[136.78692,36.48773],[136.78682,36.48778],[136.78669,36.48781],[136.78657,36.48782],[136.7864,36.48782],[136.78612,36.48775],[136.78588,36.4877],[136.78574,36.48764],[136.78557,36.48761],[136.78539,36.48762],[136.78518,36.48768],[136.78507,36.4877],[136.78446,36.48769],[136.78432,36.48767],[136.7842,36.48763],[136.78411,36.48759],[136.78403,36.48752],[136.78393,36.4874],[136.78371,36.48706],[136.78365,36.48695],[136.78356,36.48687],[136.78344,36.48679],[136.78322,36.48659],[136.7831,36.48653],[136.78296,36.48649],[136.78272,36.4865],[136.78231,36.48635],[136.7818,36.48619],[136.78174,36.48613],[136.78164,36.48605],[136.78156,36.48603],[136.78142,36.48601],[136.7813,36.48601],[136.78122,36.48599],[136.78115,36.48593],[136.78097,36.48556],[136.78075,36.48532],[136.78049,36.4852],[136.77958,36.48515],[136.77929,36.48521],[136.77842,36.48534],[136.77808,36.48557],[136.77799,36.48559],[136.77773,36.48562],[136.7775,36.4856],[136.77736,36.48562],[136.77724,36.48565],[136.77717,36.48569],[136.77694,36.48583],[136.7768,36.48588],[136.77639,36.48593],[136.77625,36.48592],[136.77596,36.48586],[136.77579,36.48585],[136.77564,36.48587],[136.77547,36.48595],[136.77524,36.4861],[136.77514,36.48614],[136.77486,36.48616],[136.77465,36.48619],[136.77454,36.48622],[136.77443,36.48622],[136.77418,36.48616],[136.77401,36.48613],[136.77372,36.48613],[136.77346,36.48614],[136.77321,36.48619],[136.77187,36.48657],[136.77111,36.48675],[136.7705,36.4869],[136.77024,36.48694],[136.76993,36.48695],[136.76887,36.48694],[136.76824,36.48695],[136.768,36.48699],[136.7678,36.48704],[136.7676,36.48714],[136.76735,36.48728],[136.76725,36.48738],[136.76706,36.48755],[136.76693,36.48775],[136.7669,36.48782],[136.76668,36.48839],[136.76652,36.48894],[136.76645,36.4891],[136.76636,36.48923],[136.76623,36.48938],[136.766,36.48956],[136.76587,36.48964],[136.76571,36.48971],[136.76531,36.48996],[136.76513,36.49002],[136.76502,36.49003],[136.76487,36.49003],[136.76439,36.48997],[136.76423,36.48998],[136.7641,36.49002],[136.76395,36.4901],[136.76363,36.49034],[136.76349,36.49045],[136.76319,36.49067],[136.76261,36.49118],[136.76235,36.49129],[136.76168,36.4915],[136.76133,36.4916],[136.76105,36.4917],[136.76078,36.49185],[136.76063,36.49197]]}},{"type":"Feature","properties":{"census":"16400270010","color":40,"Linenum":2,"12H_trf":1178,"24H_trf":1355,"konz":0.17,"speed_ME":54.1,"speed_DT":53.5},"geometry":{"type":"LineString","coordinates":[[136.8457,36.56553],[136.84561,36.56554],[136.84545,36.56556],[136.84529,36.56558],[136.84516,36.56559],[136.84495,36.56559],[136.84477,36.56559],[136.84452,36.56559],[136.84428,36.56559],[136.8441,36.5656],[136.84396,36.56561],[136.84384,36.56562],[136.8437,36.56564],[136.84356,36.56566],[136.84321,36.56574],[136.8422,36.56595],[136.84164,36.56612],[136.84111,36.56629],[136.84025,36.56664],[136.8395,36.56694],[136.83911,36.56714],[136.83886,36.56728],[136.83868,36.56742],[136.83847,36.56764],[136.83805,36.56808],[136.83784,36.56827],[136.83764,36.56841],[136.83744,36.56852],[136.83725,36.56859],[136.83699,36.56867],[136.83676,36.5687],[136.83561,36.56868],[136.83534,36.5687],[136.83512,36.56875],[136.8349,36.56883],[136.83457,36.56896],[136.83427,36.56906],[136.83403,36.56911],[136.83378,36.56911],[136.83357,36.5691],[136.83335,36.56904],[136.83314,36.56898],[136.83255,36.56869],[136.83223,36.56855],[136.8318,36.56839],[136.83149,36.5683],[136.8312,36.56824],[136.83091,36.5682],[136.8307,36.56818],[136.83049,36.56817],[136.83018,36.56821],[136.82899,36.56849],[136.82473,36.56945],[136.82167,36.57019],[136.82118,36.57031],[136.82092,36.57037],[136.82064,36.57042],[136.82041,36.57044],[136.82008,36.57044],[136.81962,36.57039],[136.81927,36.57035],[136.81895,36.57029],[136.81855,36.57016],[136.81823,36.57003],[136.81796,36.56992],[136.8177,36.56979],[136.81744,36.56963],[136.81718,36.56945],[136.81689,36.56919],[136.81669,36.56899],[136.81616,36.56839],[136.81599,36.56817],[136.81581,36.568],[136.81565,36.56788],[136.81549,36.56777],[136.8153,36.56767],[136.8151,36.56759],[136.81492,36.56754],[136.81468,36.56747],[136.81436,36.56743],[136.8132,36.56728],[136.81211,36.56718],[136.81193,36.56716],[136.81079,36.56702],[136.81051,36.567],[136.81016,36.56701],[136.80989,36.56707],[136.80969,36.56713],[136.80938,36.56724],[136.80912,36.56737],[136.80845,36.56785],[136.80827,36.56799],[136.80807,36.5681],[136.80796,36.56816],[136.80767,36.56827],[136.80746,36.56832],[136.80725,36.56835],[136.80693,36.56837],[136.80608,36.56839],[136.80561,36.56839],[136.80529,36.56839],[136.80494,36.56845],[136.80465,36.56854],[136.80434,36.56867],[136.80398,36.5689],[136.80361,36.56915],[136.8034,36.56928],[136.80315,36.56939],[136.80291,36.56949],[136.80257,36.56957],[136.80185,36.56971],[136.80176,36.56972]]}},{"type":"Feature","properties":{"census":"17400270060","color":40,"Linenum":2,"12H_trf":2720,"24H_trf":3699,"konz":0.42,"speed_ME":55.6,"speed_DT":53.9},"geometry":{"type":"LineString","coordinates":[[136.77172,36.55677],[136.7728,36.55734],[136.77331,36.5576],[136.77357,36.55775],[136.77379,36.55791],[136.77398,36.55808],[136.77413,36.5583],[136.77425,36.55847],[136.77434,36.55869],[136.77454,36.55912],[136.77466,36.55929],[136.77503,36.55969],[136.77512,36.55981],[136.77518,36.55997],[136.7752,36.56013],[136.77518,36.56029],[136.77509,36.56047],[136.77495,36.56078],[136.77492,36.56092],[136.77494,36.56105],[136.77498,36.56127],[136.77512,36.56144],[136.77529,36.56159],[136.77562,36.56182],[136.77608,36.56218],[136.77643,36.56248],[136.77661,36.5626]]}},{"type":"Feature","properties":{"census":"17400270050","color":40,"Linenum":2,"12H_trf":3261,"24H_trf":4565,"konz":0.54,"speed_ME":59.9,"speed_DT":59.9},"geometry":{"type":"LineString","coordinates":[[136.76104,36.5553],[136.7613,36.55553],[136.76145,36.55567],[136.76212,36.55639],[136.76247,36.55669],[136.76269,36.55683],[136.7629,36.55693],[136.76311,36.55699],[136.76342,36.55702],[136.76368,36.55698],[136.76392,36.55693],[136.76412,36.55685],[136.76429,36.55678],[136.76534,36.55618],[136.76562,36.55603],[136.76586,36.55589],[136.7662,36.55573],[136.76655,36.5556],[136.76684,36.5555],[136.76723,36.55542],[136.76748,36.55539],[136.76778,36.55538],[136.76793,36.55537],[136.76798,36.55537],[136.76836,36.55539],[136.76873,36.55545],[136.76909,36.55553],[136.76943,36.55566],[136.76983,36.55582],[136.77111,36.55646],[136.77125,36.55653],[136.77172,36.55677]]}},{"type":"Feature","properties":{"census":"16400100010","color":40,"Linenum":1,"12H_trf":10,"24H_trf":13,"konz":0.01,"speed_ME":21.4,"speed_DT":21.4},"geometry":{"type":"LineString","coordinates":[[136.80176,36.46745],[136.80176,36.46745],[136.80187,36.46763],[136.80196,36.46771],[136.80204,36.46775],[136.80214,36.46778],[136.80224,36.46779],[136.80236,36.4678],[136.80256,36.46786],[136.803,36.46785],[136.80309,36.46787],[136.80321,36.46789],[136.80333,36.46789],[136.80346,36.46783],[136.80352,36.46779],[136.80358,36.46778],[136.80366,36.46782],[136.80384,36.46793],[136.80416,36.4681],[136.80449,36.46834],[136.80457,36.4684],[136.8046,36.46854],[136.80463,36.46863],[136.80485,36.46891],[136.80492,36.469],[136.80507,36.46914],[136.80507,36.4692],[136.80507,36.46941],[136.80507,36.46949],[136.80514,36.46953],[136.80539,36.46957],[136.80562,36.46962],[136.80584,36.4697],[136.80602,36.46981],[136.80617,36.46995],[136.80626,36.4701],[136.80631,36.47019],[136.80637,36.47039],[136.80637,36.47052],[136.80633,36.4706],[136.80623,36.47067],[136.80608,36.47074],[136.80602,36.47081],[136.80602,36.47089],[136.80622,36.47116],[136.80628,36.47129]]}},{"type":"Feature","properties":{"census":"16400540010","color":40,"Linenum":1,"12H_trf":512,"24H_trf":676,"konz":0.96,"speed_ME":20.7,"speed_DT":20.7},"geometry":{"type":"LineString","coordinates":[[136.8457,36.37434],[136.84542,36.37425],[136.8453,36.37417],[136.84515,36.37399],[136.84501,36.37391],[136.84475,36.37385],[136.84447,36.3738],[136.8444,36.37375],[136.84438,36.37369],[136.84441,36.37359],[136.84441,36.37353],[136.84429,36.3734],[136.8442,36.37338],[136.84412,36.37338],[136.84371,36.37356],[136.84359,36.37359],[136.84345,36.37356],[136.8434,36.37351],[136.84337,36.37345],[136.84344,36.37311],[136.84344,36.373],[136.84339,36.37289],[136.8433,36.3728],[136.84313,36.3727],[136.84276,36.37254],[136.84266,36.3725],[136.84261,36.37242],[136.84257,36.37225],[136.84244,36.37206],[136.84231,36.37189],[136.84212,36.37179],[136.84191,36.37172],[136.84185,36.37167],[136.84173,36.37148],[136.8416,36.37142],[136.84128,36.37136],[136.84118,36.37131],[136.84112,36.37126],[136.8409,36.37096],[136.84058,36.37058],[136.83999,36.37005],[136.8398,36.36995],[136.83953,36.36986],[136.83924,36.3697],[136.83895,36.36963],[136.83869,36.36963],[136.8384,36.3697],[136.83744,36.37006],[136.83716,36.37023],[136.83713,36.3703],[136.83713,36.37036],[136.83715,36.3704],[136.83721,36.37043],[136.83727,36.37045],[136.83738,36.37044],[136.83753,36.37039],[136.83806,36.3701],[136.83823,36.37003],[136.83846,36.36999],[136.83869,36.36999],[136.83889,36.37001],[136.83903,36.37011],[136.83916,36.37025],[136.83928,36.37042],[136.83938,36.37065],[136.83942,36.37073],[136.83957,36.3709],[136.83959,36.37097],[136.83956,36.37102],[136.8395,36.37107],[136.83935,36.37107],[136.83922,36.37104],[136.8391,36.37092],[136.83901,36.37075],[136.8389,36.37055],[136.8388,36.37045],[136.83867,36.37035],[136.83855,36.37031],[136.83845,36.37033],[136.8382,36.37042],[136.83773,36.37074],[136.83741,36.37092],[136.83695,36.37122],[136.83681,36.37129],[136.83672,36.37129],[136.83658,36.37126],[136.83637,36.37108],[136.83622,36.37098],[136.83599,36.37089],[136.83535,36.37057],[136.83483,36.3704],[136.83468,36.37037],[136.83452,36.37037],[136.8344,36.37042],[136.83428,36.37053],[136.83414,36.3708],[136.83404,36.37092],[136.8337,36.37126],[136.83349,36.37139],[136.83332,36.37145],[136.8332,36.37147],[136.83306,36.37145],[136.83295,36.3714],[136.83286,36.37128],[136.83283,36.37121],[136.83283,36.37114],[136.83286,36.37105],[136.833,36.37085],[136.83306,36.37071],[136.83306,36.37062],[136.83301,36.37052],[136.83294,36.3704],[136.83277,36.3703],[136.83236,36.37017],[136.83211,36.37003],[136.83202,36.36997],[136.83201,36.36992],[136.83201,36.36986],[136.83205,36.36978],[136.83222,36.36959],[136.83224,36.36954],[136.83222,36.36945],[136.83213,36.3694],[136.83199,36.36936],[136.83141,36.36934],[136.83129,36.36929],[136.83123,36.36924],[136.83121,36.36915],[136.83123,36.36908],[136.83129,36.369],[136.83161,36.36877],[136.83169,36.36869],[136.83175,36.36857],[136.83179,36.36844],[136.83182,36.36828],[136.83187,36.36822],[136.83195,36.36819],[136.83205,36.36819],[136.83246,36.36829],[136.83283,36.36836],[136.8331,36.36838],[136.83327,36.36836],[136.83336,36.36831],[136.83343,36.36825],[136.83349,36.36815],[136.83349,36.36801],[136.83349,36.36782],[136.83333,36.36741],[136.83324,36.36711],[136.83321,36.36691],[136.83323,36.3668],[136.83327,36.36672],[136.83364,36.3667],[136.83451,36.36672],[136.83462,36.3667],[136.83486,36.36657],[136.83507,36.36639],[136.83515,36.36625],[136.83523,36.36611],[136.83526,36.36591],[136.83523,36.36556],[136.83512,36.36535],[136.835,36.36525],[136.83486,36.36519],[136.83481,36.36511],[136.83481,36.36503],[136.83492,36.36478],[136.83492,36.36471],[136.83487,36.36465],[136.83481,36.36461],[136.83474,36.36461],[136.83463,36.36466],[136.83454,36.36478],[136.83449,36.3649],[136.83446,36.36502],[136.83449,36.36515],[136.83465,36.36542],[136.83474,36.36558],[136.83475,36.36575],[136.83474,36.3659],[136.83463,36.36605],[136.83448,36.36618],[136.83426,36.36626],[136.83404,36.36628],[136.83333,36.36616],[136.83281,36.36601],[136.83266,36.36597],[136.83251,36.366],[136.83239,36.36605],[136.83239,36.36614],[136.83239,36.36623],[136.83256,36.36675],[136.8326,36.36711],[136.8326,36.36724],[136.83257,36.3673],[136.83249,36.36736],[136.83237,36.36737],[136.83227,36.36733],[136.83219,36.36725],[136.83211,36.36671],[136.83199,36.36632],[136.83196,36.36601],[136.8319,36.36592],[136.83175,36.3658],[136.83164,36.36577],[136.83152,36.36577],[136.83144,36.36581],[136.83146,36.36587],[136.83162,36.36611],[136.83166,36.3662],[136.83162,36.36629],[136.83153,36.36634],[136.83147,36.36634],[136.83132,36.36629],[136.83123,36.36629],[136.83114,36.36633],[136.83111,36.3664],[136.83111,36.36646],[136.83123,36.36674],[136.83121,36.36685],[136.83114,36.36706],[136.83101,36.36721],[136.83092,36.36729],[136.83063,36.36742],[136.83027,36.36777],[136.82984,36.368],[136.82955,36.36812],[136.8294,36.36824],[136.82921,36.36843],[136.82905,36.36874],[136.82894,36.36904],[136.82894,36.36933],[136.829,36.36945],[136.82906,36.36954],[136.82927,36.36969],[136.82949,36.36977],[136.82961,36.36986],[136.82964,36.36993],[136.82964,36.37],[136.82961,36.3702],[136.82958,36.37041],[136.82953,36.3705],[136.82943,36.37053],[136.82934,36.37051],[136.82921,36.3704],[136.82912,36.37016],[136.82891,36.36984],[136.82874,36.36968],[136.82857,36.36959],[136.82842,36.36957],[136.82828,36.36962],[136.82802,36.36976],[136.82714,36.37074],[136.82671,36.37111],[136.82642,36.37135],[136.82613,36.37156],[136.8257,36.37179],[136.82544,36.372],[136.82519,36.37215],[136.82461,36.37232],[136.82444,36.37239],[136.82409,36.37256],[136.8236,36.37273],[136.82343,36.37273],[136.82288,36.37249],[136.82262,36.37245],[136.82206,36.37245],[136.82146,36.37253],[136.82128,36.37253],[136.82082,36.37245],[136.8207,36.37247],[136.82061,36.37254],[136.82041,36.37301],[136.8203,36.37314],[136.81992,36.37343],[136.81983,36.37351],[136.81981,36.37368],[136.81972,36.37375],[136.81956,36.37382],[136.81919,36.37383],[136.81911,36.37386],[136.81908,36.37392],[136.8191,36.374],[136.81917,36.37403],[136.81933,36.37402],[136.81945,36.374],[136.81981,36.37387],[136.8201,36.37379],[136.82023,36.37378],[136.82036,36.3738],[136.82041,36.37384],[136.82039,36.3739],[136.81998,36.37399],[136.81978,36.37407],[136.81966,36.37418],[136.81952,36.37446],[136.81936,36.37452],[136.81902,36.37453],[136.81861,36.37447],[136.8185,36.37451],[136.81849,36.37457],[136.81856,36.37495],[136.81847,36.37514],[136.81824,36.3754],[136.8182,36.3757],[136.81811,36.37579],[136.81792,36.3759],[136.81739,36.376],[136.81722,36.37612],[136.81713,36.37624],[136.81707,36.37632],[136.81693,36.37671],[136.81682,36.37679],[136.81661,36.37682],[136.81643,36.37679],[136.81614,36.37674],[136.81605,36.37674],[136.81595,36.37674],[136.81595,36.37685],[136.81612,36.37719],[136.81612,36.3775],[136.81618,36.3777],[136.81618,36.37791],[136.81612,36.37819],[136.81608,36.37833],[136.816,36.3784],[136.8158,36.37849],[136.81573,36.37856],[136.8156,36.37897],[136.8155,36.37909],[136.81531,36.37915],[136.81519,36.37915],[136.81505,36.37911],[136.81424,36.37868],[136.81408,36.37864],[136.81399,36.37866],[136.81392,36.37872],[136.81391,36.3788],[136.81392,36.37893],[136.81432,36.37949],[136.8145,36.37963],[136.8149,36.37987],[136.8153,36.38019],[136.81553,36.38031],[136.816,36.38053],[136.81659,36.38068],[136.81705,36.38083],[136.81753,36.38108],[136.81757,36.38115],[136.81751,36.3813],[136.81721,36.38187],[136.81713,36.38217],[136.81714,36.38239],[136.81753,36.3832],[136.81759,36.38349],[136.81759,36.38362],[136.81757,36.38381],[136.81734,36.38419],[136.81725,36.3844],[136.81707,36.38471],[136.81704,36.38487],[136.81693,36.38495],[136.81682,36.38499],[136.81655,36.38504],[136.81634,36.38512],[136.81629,36.38521],[136.81629,36.38547],[136.8163,36.38559],[136.81615,36.38568],[136.81594,36.38569],[136.81553,36.38575],[136.81542,36.38584],[136.81537,36.38591]]}},{"type":"Feature","properties":{"census":"16400160140","color":40,"Linenum":2,"12H_trf":5928,"24H_trf":8003,"konz":0.5,"speed_ME":26.6,"speed_DT":27.1},"geometry":{"type":"LineString","coordinates":[[136.8457,36.67585],[136.84567,36.67584],[136.84544,36.67573],[136.84529,36.67563],[136.84516,36.67553],[136.84501,36.67542],[136.84478,36.67523],[136.84458,36.67507],[136.8444,36.67497],[136.84411,36.67486],[136.8437,36.67469],[136.84318,36.67454],[136.84223,36.67427],[136.84068,36.67383],[136.84046,36.67381],[136.84019,36.67381],[136.83995,36.67386],[136.83964,36.67395],[136.83924,36.67409],[136.83909,36.67418],[136.83879,36.6744],[136.83851,36.67465],[136.83825,36.67483],[136.83761,36.67525],[136.83717,36.6755],[136.83696,36.67561],[136.83677,36.67565],[136.83616,36.67571],[136.83595,36.67575],[136.83557,36.67587],[136.83534,36.67594],[136.83473,36.67609],[136.83416,36.67625],[136.83383,36.6763],[136.83348,36.67631],[136.83299,36.67627],[136.83207,36.67613],[136.83168,36.67607],[136.83155,36.67607],[136.83146,36.67613],[136.8314,36.67624]]}},{"type":"Feature","properties":{"census":"16400420110","color":40,"Linenum":2,"12H_trf":3309,"24H_trf":4666,"konz":0.57,"speed_ME":51.5,"speed_DT":51.3},"geometry":{"type":"LineString","coordinates":[[136.8452,36.58587],[136.84492,36.58639],[136.84475,36.58676],[136.844,36.58827],[136.84344,36.58968],[136.84222,36.59234],[136.84201,36.59276],[136.84198,36.59291],[136.84196,36.59317],[136.84199,36.59338],[136.84205,36.59362],[136.84211,36.59379],[136.84243,36.59424],[136.84262,36.59458],[136.84275,36.59488],[136.84286,36.59515],[136.84294,36.59565],[136.84298,36.59588],[136.84333,36.59715],[136.84333,36.59734],[136.8433,36.59749],[136.84326,36.59763],[136.8431,36.59789]]}},{"type":"Feature","properties":{"census":"16400420120","color":40,"Linenum":2,"12H_trf":3309,"24H_trf":4666,"konz":0.53,"speed_ME":49.3,"speed_DT":51.4},"geometry":{"type":"MultiLineString","coordinates":[[[136.8454,36.58544],[136.8452,36.58587]],[[136.8457,36.58477],[136.84565,36.58489],[136.8454,36.58544]]]}},{"type":"Feature","properties":{"census":"16400100020","color":40,"Linenum":1,"12H_trf":194,"24H_trf":256,"konz":0.3,"speed_ME":31.3,"speed_DT":31.3},"geometry":{"type":"LineString","coordinates":[[136.80628,36.47129],[136.80619,36.47137],[136.80611,36.47151],[136.80611,36.47162],[136.80607,36.47176],[136.80593,36.47202],[136.80578,36.47213],[136.80573,36.47219],[136.8057,36.47233],[136.8057,36.4724],[136.80578,36.47246],[136.80591,36.47254],[136.80605,36.47264],[136.80617,36.47276],[136.8063,36.4728],[136.80639,36.4728],[136.80662,36.47278],[136.80669,36.47277],[136.80675,36.4728],[136.80678,36.47286],[136.80678,36.47314],[136.80683,36.47325],[136.80692,36.47333],[136.807,36.47337],[136.80745,36.47349],[136.80762,36.47354],[136.8077,36.47359],[136.80773,36.47367],[136.8077,36.47406],[136.80773,36.47419],[136.80776,36.47433],[136.80781,36.47444],[136.80787,36.47456],[136.80796,36.47466],[136.8081,36.47476],[136.80817,36.47485],[136.80822,36.47493],[136.80828,36.4751],[136.80836,36.47515],[136.80845,36.47518],[136.80852,36.47518],[136.80861,36.47515],[136.80872,36.4751],[136.80886,36.47504],[136.80901,36.4749],[136.80918,36.47473],[136.80929,36.47463],[136.80936,36.47456],[136.80961,36.47449],[136.80996,36.47445],[136.81017,36.47444],[136.81023,36.47447],[136.81028,36.47454],[136.81026,36.47463],[136.8102,36.47472],[136.81013,36.47476],[136.81002,36.47482],[136.8099,36.47489],[136.80974,36.4751],[136.8097,36.4752],[136.80965,36.47531],[136.80965,36.47539],[136.8097,36.47547],[136.8098,36.47561],[136.80984,36.47573],[136.80987,36.47583],[136.8099,36.47591],[136.80999,36.47601],[136.81009,36.47614],[136.81028,36.47629],[136.81038,36.47641],[136.81069,36.47655],[136.81078,36.47659],[136.81098,36.47675],[136.81109,36.47684],[136.81118,36.47688],[136.8113,36.47689],[136.81148,36.47694],[136.81176,36.47704],[136.81208,36.47719],[136.81222,36.47727],[136.81229,36.47734],[136.81232,36.47739],[136.81235,36.47745],[136.81238,36.47753],[136.81238,36.4776],[136.81237,36.47766],[136.81234,36.4777],[136.81228,36.47776],[136.8122,36.47781],[136.81212,36.47784],[136.81211,36.47785],[136.812,36.47788],[136.81183,36.4779],[136.81173,36.47791],[136.81159,36.47793],[136.8113,36.47805],[136.81116,36.47812],[136.81113,36.4782],[136.81113,36.47829],[136.81118,36.47841],[136.81128,36.47855],[136.81136,36.47882],[136.81147,36.47901],[136.81174,36.47923],[136.81193,36.47937],[136.81223,36.47956],[136.81234,36.47967],[136.8124,36.47975],[136.81267,36.47989],[136.81283,36.48005],[136.81289,36.4801],[136.81298,36.48013],[136.81315,36.4801],[136.81344,36.47997],[136.81353,36.47994],[136.81371,36.47995],[136.81435,36.48005],[136.81447,36.4801],[136.81453,36.48019],[136.8149,36.4807],[136.81498,36.48085],[136.8151,36.48096],[136.81527,36.48105],[136.81594,36.48132],[136.81614,36.48141],[136.81626,36.48149],[136.81644,36.48164],[136.81656,36.4817],[136.81679,36.4818],[136.81704,36.4819],[136.81728,36.48204],[136.81762,36.4822],[136.81801,36.48248],[136.8184,36.48274],[136.81879,36.48299],[136.81893,36.48305],[136.81907,36.48307],[136.81928,36.48307],[136.81966,36.48307],[136.81977,36.48308],[136.81988,36.48314],[136.81994,36.48328],[136.82,36.48345],[136.82017,36.48408],[136.82018,36.48416],[136.82024,36.48445],[136.82033,36.48476],[136.82042,36.4852],[136.82049,36.48541],[136.82053,36.48554],[136.82055,36.48579],[136.82061,36.486],[136.8207,36.48615],[136.82087,36.48635],[136.82097,36.48646],[136.82131,36.48676],[136.82148,36.48694],[136.82169,36.48709],[136.82175,36.48718],[136.8218,36.48728],[136.82181,36.4874],[136.82184,36.48754],[136.8219,36.48769],[136.82223,36.48809],[136.82244,36.4884],[136.82253,36.48867],[136.82261,36.48891],[136.82268,36.48906],[136.82281,36.48917],[136.82294,36.48933],[136.82316,36.4896],[136.82331,36.48979],[136.82334,36.4899],[136.8234,36.48999],[136.82354,36.49007],[136.82381,36.49019],[136.82393,36.49023],[136.82441,36.49037],[136.82483,36.4905],[136.82503,36.49055],[136.8252,36.4906],[136.82534,36.49067],[136.82544,36.49074],[136.82558,36.49084],[136.82583,36.49108],[136.82601,36.4912],[136.82618,36.49129],[136.82635,36.49133],[136.82645,36.49133],[136.82659,36.49129],[136.82664,36.49124],[136.82665,36.49117],[136.8266,36.49109],[136.82641,36.49091],[136.82635,36.49084],[136.82631,36.49077],[136.82633,36.4907],[136.82638,36.49065],[136.8265,36.49064],[136.82667,36.49068],[136.82683,36.49077],[136.82693,36.49087],[136.82711,36.49112],[136.82735,36.49143],[136.82746,36.49155],[136.82758,36.49162],[136.82821,36.49181],[136.82837,36.49186],[136.82871,36.49197]]}},{"type":"Feature","properties":{"census":"16400100030","color":40,"Linenum":1,"12H_trf":194,"24H_trf":256,"konz":0.3,"speed_ME":28.0,"speed_DT":28.0},"geometry":{"type":"LineString","coordinates":[[136.8457,36.51227],[136.84564,36.51235],[136.84533,36.5127],[136.84521,36.51283],[136.84457,36.51358],[136.84446,36.51374],[136.84437,36.5139],[136.84436,36.51406],[136.84436,36.51421],[136.84437,36.51438],[136.84442,36.51452],[136.84455,36.5147],[136.84483,36.515],[136.8455,36.51567],[136.8457,36.51586]]}},{"type":"Feature","properties":{"census":"17601850010","color":60,"Linenum":2,"12H_trf":1178,"24H_trf":1343,"konz":0.14,"speed_ME":25.8,"speed_DT":28.9},"geometry":{"type":"LineString","coordinates":[[136.55145,36.52306],[136.55146,36.52335],[136.55137,36.52345],[136.55116,36.52362],[136.5511,36.52372],[136.55102,36.52387],[136.55094,36.52415],[136.55079,36.52448],[136.55072,36.52476],[136.55067,36.52518],[136.55067,36.52542],[136.55018,36.52543],[136.54994,36.52545],[136.54966,36.52563],[136.54843,36.52616],[136.54771,36.52644],[136.54571,36.52729]]}},{"type":"Feature","properties":{"census":"17601860010","color":60,"Linenum":2,"12H_trf":4254,"24H_trf":5871,"konz":1.02,"speed_ME":25.4,"speed_DT":31.4},"geometry":{"type":"MultiLineString","coordinates":[[[136.55651,36.54802],[136.5565,36.54811],[136.5565,36.54867],[136.5565,36.54877],[136.55642,36.55093],[136.55636,36.55159],[136.5563,36.55208],[136.55619,36.55287],[136.55609,36.55345],[136.55599,36.55401],[136.55589,36.55463],[136.5558,36.55493],[136.55574,36.55504],[136.55558,36.55535],[136.55537,36.55567],[136.55439,36.55713],[136.55435,36.55726]],[[136.55652,36.54788],[136.55651,36.54802]],[[136.55662,36.54533],[136.55653,36.54723],[136.55653,36.54777],[136.55652,36.54788]],[[136.55664,36.54519],[136.55662,36.54533]]]}},{"type":"Feature","properties":{"census":"17601860020","color":60,"Linenum":2,"12H_trf":4254,"24H_trf":5871,"konz":1.02,"speed_ME":23.2,"speed_DT":28.1},"geometry":{"type":"LineString","coordinates":[[136.55943,36.52379],[136.55944,36.5239],[136.55943,36.52405],[136.55937,36.52424],[136.55931,36.52443],[136.55926,36.52464],[136.5592,36.52483],[136.55894,36.52512],[136.55888,36.52523],[136.55883,36.52534],[136.55882,36.52548],[136.5588,36.52601],[136.55876,36.5269],[136.55874,36.52729]]}},{"type":"Feature","properties":{"census":"17601950010","color":60,"Linenum":4,"12H_trf":12341,"24H_trf":16167,"konz":0.66,"speed_ME":39.2,"speed_DT":42.2},"geometry":{"type":"MultiLineString","coordinates":[[[136.53809,36.54077],[136.5381,36.54078],[136.53833,36.54098],[136.53849,36.54114],[136.53898,36.54143],[136.53941,36.54167],[136.54083,36.54231],[136.54301,36.54335],[136.54411,36.54383],[136.54461,36.54407],[136.5455,36.54447],[136.54624,36.54474],[136.54647,36.5448],[136.54685,36.5449],[136.54733,36.545],[136.54782,36.54508],[136.54829,36.54513],[136.54881,36.54518],[136.54949,36.54519],[136.55151,36.54523],[136.55201,36.54523],[136.55271,36.54526],[136.55448,36.54528],[136.55531,36.54531],[136.55607,36.54531],[136.55662,36.54533]],[[136.53809,36.54056],[136.53816,36.54064],[136.53858,36.541],[136.53903,36.54128],[136.53933,36.54146],[136.5408,36.54212],[136.54231,36.54284],[136.54356,36.5434],[136.54418,36.54371],[136.54478,36.54396],[136.54554,36.54433],[136.54632,36.5446],[136.54664,36.54469],[136.54705,36.54479],[136.5475,36.54488],[136.54789,36.54495],[136.54832,36.54499],[136.54885,36.54502],[136.54957,36.54505],[136.54991,36.54506],[136.55065,36.54506],[136.55134,36.54508],[136.55282,36.54513],[136.55462,36.54515],[136.55664,36.54519]]]}},{"type":"Feature","properties":{"census":"17601950020","color":60,"Linenum":4,"12H_trf":12341,"24H_trf":16167,"konz":0.62,"speed_ME":23.0,"speed_DT":29.0},"geometry":{"type":"MultiLineString","coordinates":[[[136.55662,36.54533],[136.55747,36.54533],[136.55894,36.54539],[136.55935,36.54543],[136.56028,36.54559],[136.56053,36.54564],[136.56106,36.54576],[136.5617,36.54591],[136.56236,36.54604],[136.56283,36.54612],[136.56329,36.54618],[136.56358,36.54619],[136.56384,36.54622],[136.56388,36.54622],[136.56544,36.54625],[136.5679,36.54628],[136.56967,36.54629],[136.57041,36.54631],[136.57058,36.54631],[136.57153,36.54631],[136.57319,36.54632]],[[136.55664,36.54519],[136.55752,36.54519],[136.55905,36.54526],[136.55935,36.5453],[136.55966,36.54533],[136.56019,36.54543],[136.56053,36.54549],[136.56077,36.54554],[136.56147,36.54572],[136.56173,36.54578],[136.56207,36.54585],[136.5624,36.54591],[136.56312,36.54601],[136.56369,36.54606],[136.56394,36.54608],[136.56546,36.5461],[136.5679,36.54614],[136.56961,36.54617],[136.57043,36.54617],[136.57093,36.54617],[136.57159,36.54617],[136.57269,36.54619],[136.57307,36.54618]]]}},{"type":"Feature","properties":{"census":"17601950040","color":60,"Linenum":2,"12H_trf":8797,"24H_trf":11612,"konz":1.2,"speed_ME":16.9,"speed_DT":23.0},"geometry":{"type":"LineString","coordinates":[[136.58203,36.56007],[136.58212,36.56008],[136.58285,36.56019],[136.58349,36.56028],[136.58393,36.56034],[136.58428,36.56039],[136.58567,36.56067],[136.58641,36.5608],[136.58663,36.56085],[136.58694,36.56092],[136.58718,36.56101],[136.58735,36.56108],[136.58757,36.56117],[136.58811,36.56141],[136.58831,36.56147]]}},{"type":"Feature","properties":{"census":"17601950140","color":60,"Linenum":4,"12H_trf":12341,"24H_trf":16167,"konz":0.76,"speed_ME":17.5,"speed_DT":21.9},"geometry":{"type":"MultiLineString","coordinates":[[[136.57319,36.54632],[136.57563,36.54636],[136.57766,36.54638],[136.57936,36.54639]],[[136.57933,36.54623],[136.57978,36.54633]],[[136.57307,36.54618],[136.5736,36.54617],[136.57466,36.54618],[136.57563,36.54619],[136.57771,36.5462],[136.57933,36.54623]]]}},{"type":"Feature","properties":{"census":"17602910015","color":60,"Linenum":2,"12H_trf":10820,"24H_trf":14174,"konz":1.77,"speed_ME":16.3,"speed_DT":20.5},"geometry":{"type":"LineString","coordinates":[[136.58203,36.53021],[136.58262,36.53037],[136.58308,36.53052],[136.58378,36.53073],[136.58409,36.53083],[136.5846,36.53098],[136.58493,36.53104],[136.58523,36.53109],[136.58546,36.53112],[136.58598,36.53115],[136.58714,36.53124],[136.5877,36.53128],[136.58876,36.53137],[136.58917,36.53142],[136.59027,36.5316],[136.59056,36.53165]]}},{"type":"Feature","properties":{"census":"17602910020","color":60,"Linenum":2,"12H_trf":10820,"24H_trf":14174,"konz":1.77,"speed_ME":14.2,"speed_DT":22.3},"geometry":{"type":"LineString","coordinates":[[136.57051,36.52583],[136.57084,36.52593],[136.57116,36.52601],[136.5716,36.52618],[136.57202,36.52638],[136.57237,36.52659],[136.57264,36.52678],[136.57333,36.52723],[136.57344,36.52729]]}},{"type":"Feature","properties":{"census":"17800080010","color":60,"Linenum":4,"12H_trf":19529,"24H_trf":25388,"konz":0.92,"speed_ME":22.0,"speed_DT":23.8},"geometry":{"type":"LineString","coordinates":[[136.58203,36.54641],[136.58219,36.54642],[136.58393,36.54649],[136.58442,36.54649],[136.58505,36.54653],[136.58612,36.54656],[136.5867,36.54659],[136.58721,36.54659],[136.58787,36.54658],[136.58836,36.54658],[136.58889,36.54657],[136.58944,36.54656],[136.58993,36.54656],[136.59046,36.54658],[136.59098,36.54659],[136.59164,36.54661],[136.59176,36.54661]]}},{"type":"Feature","properties":{"census":"17601040010","color":60,"Linenum":2,"12H_trf":1495,"24H_trf":2168,"konz":0.23,"speed_ME":22.4,"speed_DT":23.4},"geometry":{"type":"LineString","coordinates":[[136.55828,36.51859],[136.55802,36.51859],[136.55773,36.51864],[136.55746,36.5187],[136.55718,36.5188],[136.55696,36.51891],[136.55662,36.51912],[136.5563,36.51938],[136.55613,36.51955],[136.55601,36.51969],[136.55587,36.51986],[136.55574,36.52005],[136.55567,36.52016],[136.55508,36.52134],[136.55476,36.52194],[136.55415,36.52312],[136.55392,36.52312],[136.55308,36.52313],[136.55296,36.52312],[136.55281,36.52298],[136.55274,36.52296],[136.55241,36.52299],[136.55163,36.52307],[136.55145,36.52306]]}},{"type":"Feature","properties":{"census":"17601040020","color":60,"Linenum":2,"12H_trf":1495,"24H_trf":2168,"konz":0.23,"speed_ME":24.3,"speed_DT":28.7},"geometry":{"type":"MultiLineString","coordinates":[[[136.54457,36.5222],[136.54521,36.5222],[136.5458,36.52215],[136.5462,36.52211],[136.54647,36.52207],[136.54722,36.52194],[136.54838,36.52177],[136.54899,36.52168],[136.54948,36.5216],[136.54985,36.52155],[136.55024,36.52148],[136.55024,36.52165],[136.55026,36.52188],[136.55027,36.52194],[136.55036,36.52216],[136.55056,36.52244],[136.55079,36.52274],[136.55085,36.5229],[136.55094,36.52309],[136.55145,36.52306]],[[136.54454,36.51911],[136.54441,36.51943],[136.54435,36.51962],[136.54434,36.51984],[136.54434,36.52143],[136.54437,36.52222],[136.54457,36.5222]],[[136.54454,36.51911],[136.5447,36.51916],[136.5446,36.51941],[136.54452,36.51961],[136.5445,36.51985],[136.5445,36.52084],[136.54452,36.52144],[136.54457,36.5222]],[[136.53809,36.51575],[136.53852,36.51587],[136.53881,36.51595],[136.53906,36.51605],[136.53932,36.51614],[136.53967,36.51627],[136.53993,36.51639],[136.54028,36.51656],[136.54045,36.51664],[136.54049,36.51666],[136.54084,36.51686],[136.54101,36.51696],[136.54127,36.51711],[136.54214,36.51769],[136.54278,36.51814],[136.54325,36.51846],[136.54357,36.51867],[136.54389,36.51886],[136.54454,36.51911]]]}},{"type":"Feature","properties":{"census":"17601740010","color":60,"Linenum":2,"12H_trf":7144,"24H_trf":9430,"konz":0.8,"speed_ME":37.7,"speed_DT":42.7},"geometry":{"type":"LineString","coordinates":[[136.5643,36.48435],[136.56388,36.48551],[136.56376,36.48585],[136.56373,36.48604],[136.56373,36.48634],[136.56378,36.48665],[136.56391,36.48695],[136.56404,36.48717],[136.56468,36.48804],[136.56475,36.48814],[136.5648,36.48824],[136.56483,36.48839],[136.56486,36.48863],[136.56483,36.48934],[136.5648,36.48991],[136.56475,36.49055],[136.56469,36.49147],[136.56465,36.49197]]}},{"type":"Feature","properties":{"census":"17601740020","color":60,"Linenum":2,"12H_trf":7144,"24H_trf":9430,"konz":0.8,"speed_ME":28.0,"speed_DT":30.8},"geometry":{"type":"LineString","coordinates":[[136.56459,36.49612],[136.56459,36.49643],[136.56462,36.49659],[136.56471,36.49684],[136.56478,36.49715],[136.56489,36.4974],[136.56498,36.49747],[136.56509,36.4975]]}},{"type":"Feature","properties":{"census":"17601740030","color":60,"Linenum":2,"12H_trf":7144,"24H_trf":9430,"konz":0.8,"speed_ME":40.7,"speed_DT":42.0},"geometry":{"type":"LineString","coordinates":[[136.56509,36.4975],[136.5651,36.49772],[136.56512,36.49783],[136.56521,36.49807],[136.56549,36.49847],[136.5666,36.5],[136.56665,36.50006],[136.56715,36.50077],[136.56741,36.50115],[136.56771,36.50153],[136.56776,36.50165]]}},{"type":"Feature","properties":{"census":"17601740040","color":60,"Linenum":2,"12H_trf":7144,"24H_trf":9430,"konz":0.8,"speed_ME":17.4,"speed_DT":24.2},"geometry":{"type":"MultiLineString","coordinates":[[[136.56892,36.5112],[136.56896,36.51144]],[[136.56776,36.50165],[136.56771,36.50204],[136.56771,36.50248],[136.56771,36.5026],[136.56773,36.50272],[136.56779,36.50284],[136.56784,36.50292],[136.56791,36.50306],[136.56799,36.50331],[136.56809,36.5044],[136.56811,36.50461],[136.56823,36.50587],[136.56831,36.50659],[136.56837,36.50709],[136.56848,36.50789],[136.56851,36.50821],[136.5689,36.51088],[136.56892,36.5112]]]}},{"type":"Feature","properties":{"census":"17601740050","color":60,"Linenum":2,"12H_trf":7144,"24H_trf":9430,"konz":0.8,"speed_ME":11.1,"speed_DT":14.3},"geometry":{"type":"LineString","coordinates":[[136.56896,36.51144],[136.56907,36.51251],[136.56909,36.51259],[136.56913,36.51289],[136.56916,36.51301],[136.5693,36.51337],[136.56935,36.51349],[136.56939,36.51368],[136.56941,36.51399],[136.56942,36.51442],[136.56944,36.51472],[136.56945,36.51486]]}},{"type":"Feature","properties":{"census":"17601740060","color":60,"Linenum":2,"12H_trf":7144,"24H_trf":9430,"konz":0.8,"speed_ME":17.8,"speed_DT":17.3},"geometry":{"type":"LineString","coordinates":[[136.56945,36.51486],[136.56945,36.5149],[136.56944,36.51496],[136.56941,36.51503],[136.56944,36.51503],[136.56947,36.51506],[136.56948,36.5151],[136.56948,36.51514],[136.56948,36.51526],[136.56947,36.5155],[136.56939,36.51652],[136.56935,36.51706],[136.56925,36.51816],[136.56918,36.51912],[136.56909,36.52012],[136.56903,36.52075],[136.56893,36.52151],[136.56889,36.52224],[136.56889,36.52281]]}},{"type":"Feature","properties":{"census":"17601740070","color":60,"Linenum":2,"12H_trf":7144,"24H_trf":9430,"konz":0.8,"speed_ME":12.5,"speed_DT":13.3},"geometry":{"type":"LineString","coordinates":[[136.56889,36.52281],[136.5689,36.52341],[136.56886,36.52407],[136.56877,36.52459],[136.56864,36.52512],[136.56851,36.52562]]}},{"type":"Feature","properties":{"census":"17601840020","color":60,"Linenum":2,"12H_trf":1278,"24H_trf":1853,"konz":0.19,"speed_ME":20.7,"speed_DT":20.8},"geometry":{"type":"LineString","coordinates":[[136.53809,36.49884],[136.53843,36.49873],[136.53863,36.49868],[136.53886,36.49868],[136.53913,36.49871],[136.53942,36.49878],[136.54,36.49886],[136.54014,36.49892],[136.54026,36.49899],[136.54095,36.49925],[136.54107,36.49935],[136.54148,36.49933]]}},{"type":"Feature","properties":{"census":"17601840040","color":60,"Linenum":2,"12H_trf":1278,"24H_trf":1853,"konz":0.17,"speed_ME":24.2,"speed_DT":24.0},"geometry":{"type":"LineString","coordinates":[[136.56459,36.49612],[136.5643,36.49617],[136.56367,36.49628],[136.56349,36.4963],[136.56266,36.49646],[136.56254,36.49648],[136.56219,36.4966],[136.56175,36.4969],[136.5615,36.49702],[136.56117,36.49712],[136.56062,36.49722],[136.55897,36.4975],[136.55711,36.49779],[136.55699,36.4978],[136.55625,36.49788],[136.55615,36.49788],[136.55516,36.498],[136.55335,36.49827],[136.55278,36.49835],[136.55201,36.49844],[136.54968,36.49868],[136.54942,36.49875],[136.54914,36.49889],[136.54898,36.49899],[136.54881,36.49918],[136.54875,36.49934],[136.5487,36.49948],[136.54872,36.5],[136.54875,36.50074],[136.54872,36.50086],[136.54867,36.50098],[136.54855,36.50116],[136.5484,36.50133],[136.54815,36.50147],[136.54655,36.50211]]}},{"type":"Feature","properties":{"census":"17601840060","color":60,"Linenum":2,"12H_trf":1278,"24H_trf":1853,"konz":0.14,"speed_ME":35.1,"speed_DT":35.3},"geometry":{"type":"LineString","coordinates":[[136.56509,36.4975],[136.56529,36.49751],[136.5657,36.49752],[136.56683,36.49752],[136.56713,36.49754],[136.56721,36.49754],[136.568,36.49756],[136.56881,36.49755],[136.56936,36.49756],[136.57063,36.49758],[136.57128,36.49758]]}},{"type":"Feature","properties":{"census":"17601840070","color":60,"Linenum":2,"12H_trf":1278,"24H_trf":1853,"konz":0.14,"speed_ME":36.1,"speed_DT":39.7},"geometry":{"type":"LineString","coordinates":[[136.58203,36.49775],[136.58338,36.49778],[136.58351,36.49778],[136.58439,36.49778],[136.5847,36.49779],[136.58592,36.49781],[136.58602,36.49781],[136.58702,36.49782],[136.58758,36.49783]]}},{"type":"Feature","properties":{"census":"17601870010","color":60,"Linenum":2,"12H_trf":4409,"24H_trf":5864,"konz":0.39,"speed_ME":11.4,"speed_DT":11.6},"geometry":{"type":"LineString","coordinates":[[136.56669,36.52276],[136.56669,36.52289],[136.56672,36.52302],[136.56677,36.52319],[136.56684,36.52342],[136.56692,36.52361],[136.567,36.52375],[136.567,36.52388],[136.56697,36.524],[136.5669,36.52412],[136.56669,36.52445],[136.5666,36.52457],[136.56652,36.52473],[136.56642,36.525],[136.56636,36.52523],[136.56636,36.52538],[136.56632,36.5255]]}},{"type":"Feature","properties":{"census":"17601870020","color":60,"Linenum":2,"12H_trf":4409,"24H_trf":5864,"konz":0.39,"speed_ME":11.4,"speed_DT":11.6},"geometry":{"type":"LineString","coordinates":[[136.56632,36.5255],[136.5664,36.52561],[136.56639,36.52583],[136.56639,36.52588],[136.5664,36.52592],[136.56642,36.52594],[136.56645,36.52597],[136.56648,36.52599],[136.56654,36.52601],[136.56661,36.52604],[136.56668,36.52607],[136.56672,36.52611],[136.56672,36.52616],[136.56672,36.52622],[136.56669,36.52625],[136.56665,36.52628],[136.56661,36.52629],[136.56657,36.52631],[136.56651,36.52631],[136.56645,36.52629],[136.56636,36.52626],[136.56629,36.52623],[136.56628,36.52619],[136.56626,36.52615],[136.56626,36.5261],[136.56623,36.52606],[136.56623,36.52603],[136.56623,36.52599],[136.56625,36.52561],[136.56632,36.5255]]}},{"type":"Feature","properties":{"census":"17601880040","color":60,"Linenum":2,"12H_trf":3819,"24H_trf":5117,"konz":0.54,"speed_ME":32.1,"speed_DT":35.7},"geometry":{"type":"LineString","coordinates":[[136.57397,36.49197],[136.574,36.49185],[136.57405,36.49164],[136.57408,36.49151],[136.57412,36.49133],[136.57421,36.49111],[136.57444,36.49079],[136.57481,36.49026],[136.57597,36.48863],[136.5763,36.48814],[136.57684,36.48741],[136.57707,36.48708],[136.57737,36.48665],[136.57913,36.48421],[136.57929,36.48399],[136.57933,36.48388],[136.57931,36.48324],[136.57929,36.48293],[136.57923,36.48226]]}},{"type":"Feature","properties":{"census":"17601880050","color":60,"Linenum":2,"12H_trf":3819,"24H_trf":5117,"konz":0.54,"speed_ME":22.1,"speed_DT":32.0},"geometry":{"type":"LineString","coordinates":[[136.57128,36.49758],[136.56919,36.5],[136.56913,36.50008],[136.56867,36.50061],[136.56793,36.50149],[136.56776,36.50165]]}},{"type":"Feature","properties":{"census":"17601890080","color":60,"Linenum":2,"12H_trf":11929,"24H_trf":15627,"konz":1.41,"speed_ME":31.1,"speed_DT":32.8},"geometry":{"type":"LineString","coordinates":[[136.58203,36.50906],[136.58232,36.50908],[136.58338,36.50915],[136.58367,36.50919],[136.58413,36.50921],[136.58422,36.50922],[136.58447,36.50923],[136.58476,36.50922],[136.58543,36.50912],[136.58637,36.50893],[136.5866,36.50891],[136.58688,36.50896],[136.58836,36.50931],[136.58865,36.50938],[136.58894,36.50944],[136.58912,36.50948]]}},{"type":"Feature","properties":{"census":"17601900040","color":60,"Linenum":2,"12H_trf":4286,"24H_trf":5658,"konz":0.49,"speed_ME":11.4,"speed_DT":19.7},"geometry":{"type":"LineString","coordinates":[[136.58837,36.52107],[136.58744,36.52075],[136.58699,36.52065],[136.58659,36.52053],[136.58616,36.52039],[136.58601,36.52037],[136.58586,36.52037],[136.58569,36.5204],[136.58555,36.52049],[136.58543,36.52062],[136.58535,36.52071],[136.58528,36.5208],[136.58514,36.52093],[136.58506,36.52097],[136.58493,36.52101],[136.58474,36.52105],[136.58406,36.5211],[136.5832,36.52115],[136.58303,36.52118],[136.5823,36.52122],[136.58203,36.52124]]}},{"type":"Feature","properties":{"census":"17601900050","color":60,"Linenum":2,"12H_trf":4286,"24H_trf":5658,"konz":0.49,"speed_ME":10.5,"speed_DT":18.3},"geometry":{"type":"LineString","coordinates":[[136.57098,36.52258],[136.57121,36.52258],[136.57252,36.52248],[136.57298,36.52244],[136.57327,36.52243],[136.57334,36.52242],[136.57383,36.52239],[136.5742,36.52237],[136.57478,36.52233],[136.576,36.52226],[136.57647,36.52223],[136.57693,36.5222],[136.57743,36.52218],[136.57786,36.52214],[136.5783,36.52212],[136.57881,36.52208],[136.5794,36.52205],[136.57966,36.52203],[136.57991,36.52198],[136.58006,36.52193],[136.58052,36.5217]]}},{"type":"Feature","properties":{"census":"17601900060","color":60,"Linenum":2,"12H_trf":4286,"24H_trf":5658,"konz":0.49,"speed_ME":9.7,"speed_DT":13.2},"geometry":{"type":"LineString","coordinates":[[136.57098,36.52258],[136.57078,36.52258],[136.57029,36.52264],[136.56889,36.52281]]}},{"type":"Feature","properties":{"census":"17601900070","color":60,"Linenum":2,"12H_trf":4286,"24H_trf":5658,"konz":0.49,"speed_ME":14.1,"speed_DT":16.5},"geometry":{"type":"LineString","coordinates":[[136.56669,36.52276],[136.56794,36.52281],[136.5686,36.52282],[136.56889,36.52281]]}},{"type":"Feature","properties":{"census":"17601900080","color":60,"Linenum":2,"12H_trf":4286,"24H_trf":5658,"konz":0.49,"speed_ME":18.9,"speed_DT":18.0},"geometry":{"type":"LineString","coordinates":[[136.55815,36.52257],[136.55897,36.5226],[136.55914,36.52258],[136.56098,36.52263],[136.56251,36.52267],[136.56283,36.52269],[136.56303,36.52271],[136.5632,36.52274],[136.56367,36.5228],[136.56388,36.52282],[136.56407,36.52282],[136.56501,36.52274],[136.56549,36.52272],[136.56669,36.52276]]}},{"type":"Feature","properties":{"census":"17602910040","color":60,"Linenum":2,"12H_trf":10820,"24H_trf":14174,"konz":1.77,"speed_ME":17.8,"speed_DT":19.6},"geometry":{"type":"LineString","coordinates":[[136.56851,36.52562],[136.56932,36.52568],[136.56965,36.5257],[136.57002,36.52574],[136.57051,36.52583]]}},{"type":"Feature","properties":{"census":"17602910050","color":60,"Linenum":2,"12H_trf":10820,"24H_trf":14174,"konz":1.77,"speed_ME":10.9,"speed_DT":12.8},"geometry":{"type":"LineString","coordinates":[[136.56632,36.5255],[136.56768,36.52557],[136.56851,36.52562]]}},{"type":"Feature","properties":{"census":"17602910060","color":60,"Linenum":2,"12H_trf":10820,"24H_trf":14174,"konz":1.77,"speed_ME":13.1,"speed_DT":20.5},"geometry":{"type":"LineString","coordinates":[[136.55943,36.52379],[136.56094,36.52434],[136.56118,36.52443],[136.56208,36.52477],[136.56249,36.5249],[136.563,36.52504],[136.56343,36.52514],[136.56396,36.52524],[136.56452,36.52534],[136.56498,36.52542],[136.56518,36.52543],[136.56541,36.52546],[136.56555,36.52547],[136.56632,36.5255]]}},{"type":"Feature","properties":{"census":"17602910070","color":60,"Linenum":2,"12H_trf":10820,"24H_trf":14174,"konz":1.77,"speed_ME":22.2,"speed_DT":25.2},"geometry":{"type":"LineString","coordinates":[[136.55815,36.52257],[136.55821,36.52274],[136.5583,36.52289],[136.55841,36.52305],[136.55853,36.52319],[136.55866,36.52334],[136.55879,36.52345],[136.55899,36.52357],[136.55943,36.52379]]}},{"type":"Feature","properties":{"census":"17602910080","color":60,"Linenum":2,"12H_trf":10820,"24H_trf":14174,"konz":1.77,"speed_ME":27.4,"speed_DT":27.2},"geometry":{"type":"LineString","coordinates":[[136.55828,36.51859],[136.55827,36.51914],[136.55815,36.52111],[136.55807,36.52212],[136.55809,36.52227],[136.55815,36.52257]]}},{"type":"Feature","properties":{"census":"17602910090","color":60,"Linenum":2,"12H_trf":10820,"24H_trf":14174,"konz":1.77,"speed_ME":25.9,"speed_DT":29.6},"geometry":{"type":"LineString","coordinates":[[136.55816,36.51513],[136.55818,36.51527],[136.55819,36.51598],[136.55822,36.51677],[136.55824,36.51684],[136.55827,36.51797],[136.55827,36.51817],[136.55828,36.51859]]}},{"type":"Feature","properties":{"census":"17602910100","color":60,"Linenum":2,"12H_trf":10820,"24H_trf":14174,"konz":1.77,"speed_ME":20.3,"speed_DT":29.6},"geometry":{"type":"MultiLineString","coordinates":[[[136.55366,36.50688],[136.55372,36.50697],[136.55427,36.50782],[136.5558,36.51024],[136.55609,36.51072],[136.55722,36.51248],[136.55757,36.51309],[136.55776,36.51355],[136.55787,36.51383],[136.55798,36.5142],[136.55809,36.51465],[136.55815,36.51489],[136.55816,36.51513]],[[136.55366,36.50688],[136.55363,36.50675],[136.5536,36.50668],[136.55354,36.50655]],[[136.55329,36.50639],[136.55342,36.50655],[136.55354,36.50668],[136.55366,36.50688]]]}},{"type":"Feature","properties":{"census":"17601030070","color":60,"Linenum":2,"12H_trf":6883,"24H_trf":9223,"konz":0.75,"speed_ME":38.1,"speed_DT":46.4},"geometry":{"type":"LineString","coordinates":[[136.60151,36.46018],[136.60017,36.46036],[136.59835,36.46059],[136.59803,36.46062],[136.59783,36.46066],[136.59761,36.46075],[136.59681,36.46102],[136.59643,36.46113],[136.59553,36.46138],[136.59538,36.46144],[136.59521,36.46157],[136.59507,36.4617],[136.59498,36.46178],[136.59356,36.46284],[136.59178,36.46417],[136.59028,36.46529],[136.5899,36.46559],[136.58958,36.46559],[136.58935,36.4656],[136.58912,36.46563],[136.58891,36.46566],[136.58865,36.46573],[136.5867,36.46637],[136.5848,36.46699],[136.58285,36.46767],[136.58259,36.46775],[136.58203,36.46793]]}},{"type":"Feature","properties":{"census":"17601030080","color":60,"Linenum":4,"12H_trf":6883,"24H_trf":9223,"konz":0.46,"speed_ME":11.5,"speed_DT":12.7},"geometry":{"type":"MultiLineString","coordinates":[[[136.58027,36.46851],[136.58016,36.46863]],[[136.58027,36.46851],[136.58007,36.46852]],[[136.58103,36.46826],[136.58027,36.46851]]]}},{"type":"Feature","properties":{"census":"17601030090","color":60,"Linenum":4,"12H_trf":6883,"24H_trf":9223,"konz":0.46,"speed_ME":19.2,"speed_DT":22.2},"geometry":{"type":"MultiLineString","coordinates":[[[136.5763,36.46932],[136.57756,36.46925],[136.57801,36.4692],[136.57844,36.46913],[136.57879,36.46904],[136.57931,36.46889],[136.58016,36.46863]],[[136.57624,36.46918],[136.57736,36.4691],[136.57786,36.46905],[136.57817,36.46901],[136.57859,36.46893],[136.5792,36.46876],[136.57972,36.46861],[136.58007,36.46852]]]}},{"type":"Feature","properties":{"census":"17601030100","color":60,"Linenum":4,"12H_trf":6883,"24H_trf":9223,"konz":0.46,"speed_ME":32.5,"speed_DT":32.2},"geometry":{"type":"MultiLineString","coordinates":[[[136.57559,36.46932],[136.5763,36.46932]],[[136.57575,36.46919],[136.57624,36.46918]]]}},{"type":"Feature","properties":{"census":"17601030110","color":60,"Linenum":4,"12H_trf":6883,"24H_trf":9223,"konz":0.32,"speed_ME":42.6,"speed_DT":40.3},"geometry":{"type":"MultiLineString","coordinates":[[[136.55729,36.46763],[136.5576,36.4677],[136.55773,36.46771],[136.55787,36.46772],[136.55845,36.46765],[136.56034,36.46736],[136.56184,36.46714],[136.56216,36.46708],[136.56239,36.467],[136.5626,36.46691],[136.56277,36.46683],[136.56298,36.46671],[136.56422,36.46606],[136.56448,36.46595],[136.56472,36.46588],[136.565,36.46584],[136.56529,36.46581],[136.56556,36.46582],[136.56579,36.46586],[136.56602,36.46592],[136.56622,36.46599],[136.56649,36.46611],[136.56697,36.46633],[136.56796,36.4668],[136.56932,36.46744],[136.57003,36.46775],[136.57072,36.46806],[136.57112,36.46824],[136.57142,36.46838],[136.57167,36.46846],[136.57185,36.46852],[136.57334,36.4689],[136.57379,36.46901],[136.57411,36.46908],[136.57426,36.46911],[136.5746,36.4692],[136.57493,36.46926],[136.57521,36.4693],[136.5753,36.46931],[136.57559,36.46932]],[[136.57575,36.46919],[136.57533,36.46919],[136.57499,36.46915],[136.57453,36.46905],[136.57397,36.46891],[136.57273,36.46861],[136.57235,36.46851],[136.57206,36.46844],[136.57167,36.46832],[136.57127,36.46815],[136.57093,36.468],[136.57083,36.46795],[136.56953,36.46735],[136.56665,36.46599],[136.56639,36.46589],[136.56617,36.4658],[136.56596,36.46574],[136.56573,36.46569],[136.56547,36.46566],[136.56524,36.46566],[136.56498,36.46569],[136.56472,36.46572],[136.56448,36.46579],[136.56422,36.46588],[136.56361,36.46619],[136.56318,36.46642],[136.56288,36.4666],[136.56257,36.46674],[136.56236,36.46683],[136.56208,36.46691],[136.56185,36.46697],[136.56135,36.46705],[136.56028,36.46724],[136.55914,36.46738],[136.55802,36.46756],[136.55778,36.46759],[136.5576,36.46761],[136.55729,36.46763]],[[136.55046,36.4678],[136.55024,36.4678],[136.54945,36.46783]],[[136.55502,36.46763],[136.55418,36.46779],[136.55363,36.4678],[136.55101,36.4678],[136.55046,36.4678]],[[136.55729,36.46763],[136.55607,36.46764],[136.55502,36.46763]],[[136.55046,36.46762],[136.55101,36.46761],[136.55351,36.46762],[136.55502,36.46763]]]}},{"type":"Feature","properties":{"census":"17601030130","color":60,"Linenum":2,"12H_trf":686,"24H_trf":906,"konz":0.13,"speed_ME":30.8,"speed_DT":28.2},"geometry":{"type":"LineString","coordinates":[[136.55723,36.47187],[136.55657,36.47256],[136.55635,36.4728],[136.55625,36.47292],[136.55619,36.47306],[136.55595,36.47379],[136.55592,36.47394],[136.55592,36.47408],[136.55592,36.47421],[136.55604,36.47488],[136.55607,36.47498],[136.55625,36.47592],[136.5543,36.47614],[136.55369,36.47622],[136.55191,36.47639],[136.54895,36.47673],[136.54853,36.47678],[136.54841,36.47681],[136.5483,36.4769],[136.54768,36.47756],[136.54739,36.47789],[136.54707,36.47823],[136.54698,36.47832],[136.54687,36.47838],[136.54676,36.47843],[136.54667,36.47846],[136.54652,36.47847],[136.54617,36.47844],[136.54563,36.47836],[136.54542,36.47828],[136.54507,36.47809],[136.5445,36.47773],[136.54441,36.47768],[136.54432,36.47766],[136.54423,36.47764],[136.54402,36.47772],[136.54287,36.4781],[136.54215,36.47833]]}},{"type":"Feature","properties":{"census":"17601030140","color":60,"Linenum":2,"12H_trf":686,"24H_trf":906,"konz":0.12,"speed_ME":38.8,"speed_DT":39.4},"geometry":{"type":"LineString","coordinates":[[136.54215,36.47833],[136.53996,36.47907],[136.53897,36.4794],[136.53809,36.4797]]}},{"type":"Feature","properties":{"census":"17601760010","color":60,"Linenum":2,"12H_trf":7240,"24H_trf":9774,"konz":0.89,"speed_ME":40.1,"speed_DT":42.2},"geometry":{"type":"MultiLineString","coordinates":[[[136.53809,36.46832],[136.53944,36.46825],[136.54254,36.46806],[136.54452,36.46795]],[[136.54452,36.46795],[136.54489,36.46798],[136.54521,36.46797],[136.54539,36.46797],[136.54713,36.46791],[136.54759,36.46789],[136.54911,36.46783],[136.54945,36.46783]],[[136.54945,36.46764],[136.5492,36.46765],[136.5491,36.46765],[136.54757,36.46773],[136.54714,36.46775],[136.54536,36.46789],[136.54489,36.46792],[136.54452,36.46795]],[[136.55046,36.46762],[136.54991,36.46761],[136.54945,36.46764]]]}},{"type":"Feature","properties":{"census":"17601880010","color":60,"Linenum":2,"12H_trf":3819,"24H_trf":5117,"konz":0.5,"speed_ME":12.4,"speed_DT":13.4},"geometry":{"type":"LineString","coordinates":[[136.57588,36.4677],[136.57575,36.46821],[136.57574,36.46834],[136.57575,36.46842],[136.57589,36.46862],[136.57614,36.469]]}},{"type":"Feature","properties":{"census":"17601880020","color":60,"Linenum":2,"12H_trf":3819,"24H_trf":5117,"konz":0.5,"speed_ME":10.1,"speed_DT":13.9},"geometry":{"type":"MultiLineString","coordinates":[[[136.5763,36.46932],[136.57624,36.46918]],[[136.57624,36.46918],[136.5762,36.46908],[136.57614,36.469]]]}},{"type":"Feature","properties":{"census":"17601880030","color":60,"Linenum":2,"12H_trf":3819,"24H_trf":5117,"konz":0.54,"speed_ME":26.5,"speed_DT":28.0},"geometry":{"type":"LineString","coordinates":[[136.5763,36.46932],[136.5764,36.46947],[136.57658,36.46974],[136.57667,36.46984],[136.57704,36.47039],[136.57734,36.47087],[136.57756,36.47119],[136.57768,36.47137],[136.57814,36.472],[136.57853,36.47258],[136.57865,36.47277],[136.57881,36.47299],[136.57888,36.47319],[136.57896,36.47347],[136.57897,36.47358],[136.579,36.47364],[136.57904,36.4737],[136.57926,36.47399],[136.57939,36.47415],[136.57946,36.47435],[136.57954,36.47447],[136.57963,36.47459],[136.57965,36.47466],[136.57963,36.47497],[136.5796,36.47706],[136.57962,36.47742],[136.57962,36.47764],[136.57962,36.47817],[136.57978,36.47943],[136.57983,36.47996],[136.57977,36.48013],[136.57957,36.48051],[136.57942,36.48074],[136.57926,36.4811],[136.5792,36.48124],[136.57917,36.48138],[136.57917,36.48158],[136.57917,36.48169],[136.57919,36.48181],[136.5792,36.48202],[136.57923,36.48226]]}},{"type":"Feature","properties":{"census":"17602970010","color":60,"Linenum":1,"12H_trf":424,"24H_trf":560,"konz":0.36,"speed_ME":41.7,"speed_DT":41.7},"geometry":{"type":"LineString","coordinates":[[136.59599,36.40156],[136.59587,36.40171],[136.59577,36.40183],[136.59567,36.40194],[136.59544,36.40206],[136.59519,36.40218],[136.59503,36.40229],[136.59469,36.40253],[136.59439,36.40278],[136.59431,36.40285],[136.59428,36.40293],[136.59426,36.40302],[136.5942,36.40309],[136.59388,36.40326],[136.59338,36.4035],[136.59301,36.40369],[136.59263,36.40394],[136.59202,36.40432],[136.59172,36.40449],[136.59164,36.40451],[136.59129,36.40451],[136.59117,36.40454],[136.59092,36.40463],[136.59074,36.40468],[136.59056,36.4047],[136.5903,36.40473],[136.59016,36.40476],[136.59002,36.40481],[136.58969,36.40494],[136.58941,36.40504],[136.58921,36.40511],[136.58898,36.40517],[136.58888,36.40518],[136.58866,36.40515],[136.58854,36.40516],[136.58825,36.40523],[136.58798,36.40531],[136.58781,36.40537],[136.58743,36.40551],[136.58734,36.40554],[136.5872,36.40555],[136.58702,36.40561],[136.58694,36.40566],[136.58674,36.40585],[136.58657,36.40599],[136.58647,36.40605],[136.5863,36.4061],[136.58598,36.40618],[136.58586,36.40624],[136.58576,36.40629],[136.5856,36.40646],[136.58543,36.40653],[136.58506,36.40665],[136.58477,36.40676],[136.58422,36.40698],[136.58406,36.40709],[136.5839,36.4072],[136.58374,36.40737],[136.58363,36.40751],[136.58357,36.40765],[136.58341,36.40782],[136.58328,36.40793],[136.58309,36.40803],[136.5829,36.40813],[136.58271,36.40827],[136.58241,36.40859],[136.58207,36.40901],[136.58203,36.40908]]}},{"type":"Feature","properties":{"census":"17601670010","color":60,"Linenum":1,"12H_trf":162,"24H_trf":214,"konz":0.12,"speed_ME":30.1,"speed_DT":25.3},"geometry":{"type":"LineString","coordinates":[[136.57751,36.35053],[136.57765,36.35061],[136.57792,36.35062],[136.57803,36.35067],[136.57806,36.35077],[136.57832,36.351],[136.57864,36.3512],[136.57875,36.35137],[136.57875,36.35188],[136.5787,36.35197],[136.57855,36.35219],[136.57849,36.35235],[136.57856,36.35258],[136.57858,36.35282],[136.57847,36.35314],[136.57839,36.3533],[136.57836,36.35354],[136.57839,36.35365],[136.5785,36.35373],[136.5787,36.35372],[136.57896,36.35339],[136.57899,36.35304],[136.57913,36.35282],[136.57908,36.35257],[136.57914,36.35239],[136.57923,36.35229],[136.57943,36.35221],[136.57965,36.35201],[136.57975,36.3519],[136.57991,36.35184],[136.58006,36.35185],[136.581,36.3521]]}},{"type":"Feature","properties":{"census":"17601670020","color":60,"Linenum":2,"12H_trf":162,"24H_trf":214,"konz":0.03,"speed_ME":40.7,"speed_DT":38.3},"geometry":{"type":"LineString","coordinates":[[136.58203,36.35225],[136.58224,36.35203],[136.58253,36.35179],[136.58303,36.35152],[136.58332,36.35145],[136.58346,36.35143],[136.5839,36.35156],[136.58427,36.35151],[136.58508,36.35151],[136.5857,36.35132],[136.58592,36.35132],[136.58628,36.35151],[136.58647,36.35154],[136.58697,36.35145],[136.58753,36.3513],[136.58764,36.3513],[136.58781,36.35134],[136.58824,36.35118],[136.58869,36.35116],[136.58923,36.35116],[136.58937,36.35137],[136.58943,36.3517],[136.58967,36.35216],[136.58967,36.35238],[136.58975,36.35261],[136.58979,36.35291],[136.58978,36.35355],[136.58972,36.35377],[136.58973,36.35422],[136.58978,36.35472],[136.58967,36.35495],[136.58973,36.35505],[136.58993,36.35518],[136.59007,36.35538],[136.59033,36.35554],[136.59088,36.35587],[136.59121,36.35615],[136.5915,36.35655],[136.59216,36.35712],[136.59251,36.35749],[136.59288,36.35813],[136.59315,36.35831],[136.59451,36.35911],[136.59489,36.35942],[136.59523,36.3597],[136.59574,36.3602],[136.59614,36.36072],[136.59631,36.36102],[136.59635,36.36127],[136.59634,36.36162],[136.59637,36.36253]]}},{"type":"Feature","properties":{"census":"17601980020","color":60,"Linenum":2,"12H_trf":4029,"24H_trf":5399,"konz":0.47,"speed_ME":18.9,"speed_DT":21.0},"geometry":{"type":"LineString","coordinates":[[136.60875,36.59769],[136.60871,36.59789]]}},{"type":"Feature","properties":{"census":"17601980030","color":60,"Linenum":2,"12H_trf":4029,"24H_trf":5399,"konz":0.47,"speed_ME":15.8,"speed_DT":15.5},"geometry":{"type":"LineString","coordinates":[[136.60696,36.60552],[136.60684,36.60592],[136.60681,36.60603],[136.60672,36.60624],[136.6066,36.60662],[136.60651,36.60684],[136.60637,36.60714],[136.60611,36.60764],[136.60577,36.60827],[136.60547,36.60881],[136.60516,36.60939],[136.60501,36.60968],[136.60471,36.61033],[136.60431,36.6111],[136.60411,36.61148],[136.60399,36.61151]]}},{"type":"Feature","properties":{"census":"17601960005","color":60,"Linenum":2,"12H_trf":9607,"24H_trf":12681,"konz":0.92,"speed_ME":23.5,"speed_DT":25.2},"geometry":{"type":"LineString","coordinates":[[136.58831,36.56147],[136.58833,36.56209],[136.58833,36.56234],[136.58833,36.56242],[136.58831,36.56252],[136.58828,36.56258],[136.58827,36.5626]]}},{"type":"Feature","properties":{"census":"17601960010","color":60,"Linenum":2,"12H_trf":9607,"24H_trf":12681,"konz":0.92,"speed_ME":14.0,"speed_DT":24.2},"geometry":{"type":"MultiLineString","coordinates":[[[136.60142,36.56823],[136.60136,36.56825],[136.60128,36.56827],[136.60072,36.56809],[136.6005,36.568],[136.60023,36.56782],[136.59983,36.56759],[136.59956,36.56744],[136.59913,36.5672],[136.59898,36.56712],[136.59848,36.56685],[136.59776,36.56644],[136.59707,36.56608],[136.59687,36.56598],[136.59672,36.56591],[136.59657,36.56584],[136.59643,36.56578],[136.59591,36.56553],[136.59568,36.56542],[136.59524,36.56528],[136.59504,36.56522],[136.59487,36.5652],[136.59468,36.5652]],[[136.60152,36.56819],[136.60142,36.56823]],[[136.60165,36.56814],[136.60152,36.56819]],[[136.60178,36.56809],[136.60165,36.56814]],[[136.60192,36.56805],[136.60182,36.56808],[136.60178,36.56809]]]}},{"type":"Feature","properties":{"census":"17601960020","color":60,"Linenum":2,"12H_trf":3411,"24H_trf":4775,"konz":0.33,"speed_ME":7.6,"speed_DT":13.7},"geometry":{"type":"MultiLineString","coordinates":[[[136.60192,36.56805],[136.60212,36.56802],[136.6033,36.56803],[136.60379,36.56803]],[[136.60379,36.56803],[136.60409,36.56804]]]}},{"type":"Feature","properties":{"census":"17601960030","color":60,"Linenum":2,"12H_trf":3411,"24H_trf":4775,"konz":0.33,"speed_ME":11.4,"speed_DT":16.1},"geometry":{"type":"LineString","coordinates":[[136.60791,36.56784],[136.60776,36.56784],[136.60759,36.56785],[136.60747,36.56787],[136.60698,36.56796],[136.60672,36.568],[136.60632,36.56806],[136.60623,36.56806],[136.6059,36.56808],[136.60514,36.56806],[136.60479,36.56806],[136.60409,36.56804]]}},{"type":"Feature","properties":{"census":"17601960040","color":60,"Linenum":2,"12H_trf":3411,"24H_trf":4775,"konz":0.33,"speed_ME":13.9,"speed_DT":19.1},"geometry":{"type":"MultiLineString","coordinates":[[[136.60792,36.57364],[136.60788,36.57368],[136.6078,36.57375],[136.60744,36.57406],[136.60733,36.57415],[136.60699,36.57432]],[[136.60699,36.57432],[136.6073,36.57404],[136.6077,36.57366],[136.60776,36.5736],[136.6078,36.57356]],[[136.60808,36.57349],[136.60792,36.57364]],[[136.6078,36.57356],[136.60796,36.57341]],[[136.60815,36.57342],[136.60808,36.57349]],[[136.60829,36.57329],[136.60815,36.57342]],[[136.60796,36.57341],[136.60803,36.57335],[136.60804,36.57334]],[[136.60804,36.57334],[136.60818,36.57321]],[[136.60873,36.57231],[136.60875,36.57246],[136.60873,36.57258],[136.60872,36.5727],[136.60867,36.57284],[136.60857,36.57299],[136.60844,36.57315],[136.6084,36.57318],[136.60829,36.57329]],[[136.60818,36.57321],[136.60829,36.5731],[136.60832,36.57308],[136.60837,36.57303],[136.60844,36.57296],[136.60852,36.57287],[136.60857,36.5728],[136.6086,36.57272],[136.60864,36.57263],[136.60867,36.57253],[136.6087,36.57241],[136.60873,36.57231]],[[136.60791,36.56784],[136.60797,36.56797],[136.60808,36.56853],[136.60826,36.5695],[136.60832,36.56987],[136.60855,36.57109],[136.60869,36.57179],[136.60873,36.57231]]]}},{"type":"Feature","properties":{"census":"17601960050","color":60,"Linenum":2,"12H_trf":3411,"24H_trf":4775,"konz":0.33,"speed_ME":23.0,"speed_DT":25.4},"geometry":{"type":"LineString","coordinates":[[136.60699,36.57432],[136.60701,36.57453],[136.60696,36.57514],[136.60698,36.5756],[136.60696,36.57601],[136.60675,36.57693],[136.6066,36.57748],[136.60652,36.5778]]}},{"type":"Feature","properties":{"census":"17601960060","color":60,"Linenum":2,"12H_trf":3411,"24H_trf":4775,"konz":0.33,"speed_ME":13.4,"speed_DT":17.3},"geometry":{"type":"LineString","coordinates":[[136.60652,36.5778],[136.60666,36.57779],[136.60819,36.57776],[136.60872,36.57777],[136.60918,36.57774],[136.60971,36.57779],[136.61072,36.57784],[136.6113,36.57785],[136.61176,36.57785],[136.61186,36.57786],[136.612,36.57786],[136.61261,36.57788],[136.6129,36.57791],[136.61319,36.57792],[136.61433,36.57797],[136.61496,36.57801]]}},{"type":"Feature","properties":{"census":"17601960080","color":60,"Linenum":2,"12H_trf":3411,"24H_trf":4775,"konz":0.35,"speed_ME":14.8,"speed_DT":18.2},"geometry":{"type":"MultiLineString","coordinates":[[[136.62456,36.57579],[136.62439,36.57583],[136.6226,36.57609],[136.62204,36.57616],[136.62184,36.57619],[136.62134,36.57628],[136.62108,36.57635],[136.62076,36.57648],[136.62056,36.57656],[136.62033,36.57669],[136.62013,36.57683],[136.61963,36.57723],[136.61923,36.57755],[136.61835,36.57823],[136.61739,36.57904]],[[136.62451,36.57567],[136.62436,36.57571],[136.62256,36.57594],[136.62204,36.57602],[136.62181,36.57604],[136.62123,36.57615],[136.62094,36.57623],[136.6207,36.57633],[136.62053,36.5764],[136.62033,36.5765],[136.6199,36.57677],[136.61946,36.57712],[136.6191,36.57743],[136.61821,36.57812],[136.61722,36.57894]]]}},{"type":"Feature","properties":{"census":"17601960090","color":60,"Linenum":2,"12H_trf":3411,"24H_trf":4775,"konz":0.35,"speed_ME":16.3,"speed_DT":16.9},"geometry":{"type":"LineString","coordinates":[[136.62598,36.57778],[136.62631,36.57773],[136.62672,36.57765],[136.62711,36.57762],[136.6275,36.57765],[136.62782,36.57763],[136.62822,36.57759],[136.63031,36.57739],[136.6308,36.57736],[136.63126,36.57734],[136.6317,36.57735],[136.6322,36.57724],[136.63268,36.57712],[136.63298,36.57712],[136.63327,36.57711],[136.63341,36.57709],[136.6337,36.57703],[136.63384,36.577],[136.63399,36.57699],[136.63422,36.57698],[136.63441,36.57696]]}},{"type":"Feature","properties":{"census":"17601960130","color":60,"Linenum":2,"12H_trf":3411,"24H_trf":4775,"konz":0.39,"speed_ME":7.2,"speed_DT":8.8},"geometry":{"type":"MultiLineString","coordinates":[[[136.60699,36.57432],[136.60687,36.57379],[136.60683,36.57356],[136.60675,36.57336],[136.60672,36.5733],[136.60663,36.57316],[136.60645,36.57291]],[[136.60643,36.57256],[136.60638,36.57259],[136.60635,36.57263],[136.60634,36.57267],[136.60635,36.57271],[136.60638,36.57276],[136.60645,36.57291]],[[136.60597,36.57223],[136.60608,36.57237],[136.6062,36.57247],[136.60626,36.57253],[136.60628,36.57258],[136.60629,36.57266],[136.60632,36.57274],[136.60635,36.57281],[136.60638,36.57285],[136.60645,36.57291]]]}},{"type":"Feature","properties":{"census":"17601960150","color":60,"Linenum":2,"12H_trf":6071,"24H_trf":8196,"konz":0.66,"speed_ME":20.4,"speed_DT":23.7},"geometry":{"type":"LineString","coordinates":[[136.59468,36.5652],[136.59481,36.56547],[136.59487,36.5657],[136.59492,36.56603],[136.59492,36.56626],[136.59504,36.56767],[136.59507,36.56793],[136.5951,36.56805],[136.59516,36.56821],[136.59521,36.56829],[136.59533,36.56855],[136.5955,36.56893],[136.59571,36.56929]]}},{"type":"Feature","properties":{"census":"17601970010","color":60,"Linenum":2,"12H_trf":7688,"24H_trf":10148,"konz":0.78,"speed_ME":14.8,"speed_DT":18.9},"geometry":{"type":"MultiLineString","coordinates":[[[136.60124,36.58899],[136.60254,36.58808],[136.60388,36.58711],[136.60451,36.58667]],[[136.60115,36.58889],[136.60278,36.58776],[136.60378,36.58704],[136.60437,36.58662]]]}},{"type":"Feature","properties":{"census":"17601970020","color":60,"Linenum":2,"12H_trf":7688,"24H_trf":10148,"konz":0.78,"speed_ME":28.0,"speed_DT":28.8},"geometry":{"type":"MultiLineString","coordinates":[[[136.60437,36.58662],[136.60451,36.58667]],[[136.60652,36.5778],[136.60649,36.57797],[136.60649,36.57857],[136.60646,36.57898],[136.60643,36.57932],[136.60637,36.57961],[136.60632,36.57979],[136.60617,36.58016],[136.60599,36.58047],[136.60532,36.5813],[136.60463,36.58208],[136.60345,36.58333],[136.60327,36.58353],[136.60234,36.58455],[136.60211,36.58478],[136.60202,36.58487],[136.60196,36.58493],[136.60178,36.58509],[136.60167,36.58518],[136.60179,36.58525],[136.60313,36.58608],[136.6033,36.58617],[136.60342,36.58623],[136.60358,36.5863],[136.6037,36.58635],[136.60373,36.58636],[136.60378,36.58638],[136.60388,36.58642],[136.60393,36.58644],[136.6042,36.58655],[136.60437,36.58662]]]}},{"type":"Feature","properties":{"census":"17601970040","color":60,"Linenum":2,"12H_trf":7688,"24H_trf":10148,"konz":0.95,"speed_ME":7.8,"speed_DT":13.6},"geometry":{"type":"MultiLineString","coordinates":[[[136.60825,36.56566],[136.60814,36.5663],[136.60809,36.56659],[136.60803,36.56708],[136.60793,36.56763],[136.60791,36.56784]],[[136.60825,36.56552],[136.60825,36.56566]]]}},{"type":"Feature","properties":{"census":"17601970050","color":60,"Linenum":2,"12H_trf":7688,"24H_trf":10148,"konz":0.95,"speed_ME":16.0,"speed_DT":17.8},"geometry":{"type":"LineString","coordinates":[[136.61255,36.55589],[136.6124,36.55687],[136.61234,36.55719],[136.61234,36.55732],[136.61224,36.55779],[136.61218,36.55827],[136.61212,36.55869],[136.61206,36.55883],[136.61185,36.55898],[136.61179,36.55902],[136.61118,36.5592],[136.61093,36.55927],[136.61005,36.55953],[136.60963,36.55964],[136.60916,36.55977],[136.60905,36.56041],[136.60892,36.56124],[136.60884,36.56175],[136.60876,36.56227],[136.60872,36.5626]]}},{"type":"Feature","properties":{"census":"17601980010","color":60,"Linenum":2,"12H_trf":4029,"24H_trf":5399,"konz":0.47,"speed_ME":17.8,"speed_DT":19.1},"geometry":{"type":"LineString","coordinates":[[136.61052,36.59231],[136.61049,36.59249],[136.61017,36.59349],[136.60989,36.59427],[136.60963,36.59505],[136.60948,36.59558],[136.60941,36.59588],[136.60916,36.59656],[136.60902,36.59692],[136.60889,36.59728],[136.60875,36.59769]]}},{"type":"Feature","properties":{"census":"17601060010","color":60,"Linenum":2,"12H_trf":2580,"24H_trf":3509,"konz":0.28,"speed_ME":13.8,"speed_DT":16.1},"geometry":{"type":"LineString","coordinates":[[136.61688,36.53619],[136.61627,36.53686],[136.61581,36.5373],[136.61537,36.53764],[136.61482,36.53798],[136.61448,36.53815],[136.61393,36.53841],[136.6134,36.5387],[136.61396,36.53928],[136.61408,36.53942],[136.61475,36.54014],[136.61514,36.54054],[136.61569,36.54111],[136.61627,36.54173],[136.61691,36.54245],[136.61801,36.54355],[136.61829,36.54387],[136.61781,36.54417],[136.61679,36.54481],[136.61629,36.54512],[136.61594,36.54537],[136.61583,36.54545],[136.61577,36.54564],[136.61575,36.54619]]}},{"type":"Feature","properties":{"census":"17601060020","color":60,"Linenum":2,"12H_trf":2580,"24H_trf":3509,"konz":0.28,"speed_ME":12.9,"speed_DT":15.1},"geometry":{"type":"LineString","coordinates":[[136.61572,36.54641],[136.61575,36.54619]]}},{"type":"Feature","properties":{"census":"17601060030","color":60,"Linenum":2,"12H_trf":2580,"24H_trf":3509,"konz":0.35,"speed_ME":18.6,"speed_DT":21.4},"geometry":{"type":"LineString","coordinates":[[136.61572,36.54641],[136.61571,36.54694],[136.61568,36.54731],[136.61562,36.54832],[136.6156,36.54854],[136.61559,36.54877],[136.61559,36.54884],[136.61557,36.54918],[136.61556,36.54951],[136.61556,36.54985],[136.61556,36.54998],[136.61557,36.55005],[136.61562,36.5501],[136.61566,36.55013],[136.61571,36.55016],[136.61575,36.55019],[136.61646,36.55053],[136.61731,36.55093],[136.61748,36.55101],[136.61819,36.55134],[136.61824,36.55138],[136.61826,36.55141],[136.61829,36.55145]]}},{"type":"Feature","properties":{"census":"17601060040","color":60,"Linenum":2,"12H_trf":2580,"24H_trf":3509,"konz":0.35,"speed_ME":9.9,"speed_DT":17.4},"geometry":{"type":"LineString","coordinates":[[136.61829,36.55145],[136.61836,36.55145],[136.61842,36.55146],[136.61848,36.55148],[136.61856,36.55152],[136.61859,36.55153],[136.61862,36.55154],[136.6187,36.55155],[136.61896,36.55159],[136.61914,36.55162],[136.61995,36.55183],[136.62056,36.55197],[136.62065,36.55197],[136.62076,36.55197],[136.62088,36.55197],[136.62143,36.55193],[136.62164,36.55195]]}},{"type":"Feature","properties":{"census":"17601060050","color":60,"Linenum":2,"12H_trf":2580,"24H_trf":3509,"konz":0.35,"speed_ME":4.1,"speed_DT":3.6},"geometry":{"type":"LineString","coordinates":[[136.62164,36.55195],[136.6217,36.55253],[136.62172,36.5528]]}},{"type":"Feature","properties":{"census":"17601790010","color":60,"Linenum":2,"12H_trf":10720,"24H_trf":14150,"konz":1.02,"speed_ME":18.4,"speed_DT":22.6},"geometry":{"type":"LineString","coordinates":[[136.61267,36.52021],[136.61296,36.52125],[136.61329,36.52242],[136.61343,36.52279],[136.61367,36.52338],[136.61399,36.52407],[136.61408,36.52433],[136.61419,36.52469],[136.61424,36.52492],[136.61433,36.52537],[136.61445,36.52602],[136.61454,36.5267],[136.61459,36.52729]]}},{"type":"Feature","properties":{"census":"17601930040","color":60,"Linenum":2,"12H_trf":6515,"24H_trf":8795,"konz":0.84,"speed_ME":13.4,"speed_DT":15.1},"geometry":{"type":"LineString","coordinates":[[136.63016,36.52953],[136.62985,36.52954],[136.62877,36.5296],[136.62701,36.52965],[136.62634,36.52969],[136.62627,36.52969],[136.62598,36.52974]]}},{"type":"Feature","properties":{"census":"17601940020","color":60,"Linenum":2,"12H_trf":22563,"24H_trf":29332,"konz":2.73,"speed_ME":12.5,"speed_DT":20.7},"geometry":{"type":"MultiLineString","coordinates":[[[136.60458,36.54389],[136.60426,36.54382],[136.60348,36.54362],[136.60324,36.54355],[136.60275,36.54343],[136.60224,36.54331],[136.60209,36.54328],[136.60198,36.54324],[136.60188,36.54319],[136.6018,36.54314],[136.60169,36.54308],[136.60153,36.54294],[136.60147,36.5429],[136.60133,36.54283],[136.60121,36.54277],[136.60113,36.54274],[136.60104,36.54271],[136.60092,36.54268],[136.60084,36.54267]],[[136.60084,36.54267],[136.60065,36.54265]],[[136.60065,36.54265],[136.6006,36.54265],[136.6005,36.54265],[136.6004,36.54262],[136.60029,36.54258],[136.60017,36.54255],[136.60006,36.5425],[136.59996,36.54244],[136.59922,36.54208],[136.59913,36.54203],[136.59906,36.54199],[136.59898,36.54193],[136.59892,36.54186],[136.59878,36.54168],[136.59864,36.54153],[136.59855,36.54144],[136.59844,36.54137],[136.59831,36.54127],[136.5982,36.54121],[136.59808,36.54116],[136.59799,36.54113],[136.59786,36.54113],[136.59776,36.54113],[136.59764,36.54115],[136.59754,36.54118],[136.59748,36.5412],[136.59742,36.54125],[136.59735,36.54133],[136.59727,36.54144],[136.59721,36.54154],[136.59684,36.54203]]]}},{"type":"Feature","properties":{"census":"17601940030","color":60,"Linenum":4,"12H_trf":22563,"24H_trf":29332,"konz":1.17,"speed_ME":16.4,"speed_DT":20.1},"geometry":{"type":"LineString","coordinates":[[136.60458,36.54389],[136.60472,36.54393],[136.6051,36.54402],[136.60557,36.54414],[136.606,36.54421],[136.60646,36.54428],[136.6069,36.54435],[136.60733,36.54443],[136.60777,36.54449],[136.6082,36.54455],[136.60906,36.54466],[136.60917,36.54465],[136.60961,36.54456],[136.60978,36.5445],[136.60993,36.54443],[136.60998,36.54439],[136.61024,36.5443],[136.61041,36.54425],[136.6108,36.54414],[136.61125,36.54402],[136.61149,36.54393]]}},{"type":"Feature","properties":{"census":"17601940040","color":60,"Linenum":4,"12H_trf":22563,"24H_trf":29332,"konz":1.17,"speed_ME":17.5,"speed_DT":22.8},"geometry":{"type":"MultiLineString","coordinates":[[[136.61201,36.54381],[136.61215,36.54398],[136.61256,36.54434],[136.6131,36.54477],[136.6135,36.54503],[136.61417,36.54548],[136.6143,36.54557]],[[136.61201,36.54381],[136.61228,36.54393],[136.61273,36.54423],[136.61328,36.54459],[136.61432,36.54531],[136.61444,36.54539]],[[136.61149,36.54393],[136.61177,36.54383],[136.61196,36.54376],[136.61201,36.54381]]]}},{"type":"Feature","properties":{"census":"17601940050","color":60,"Linenum":4,"12H_trf":22563,"24H_trf":29332,"konz":1.17,"speed_ME":19.9,"speed_DT":30.8},"geometry":{"type":"MultiLineString","coordinates":[[[136.6143,36.54557],[136.61472,36.54578],[136.61481,36.54583]],[[136.61444,36.54539],[136.61496,36.54569]]]}},{"type":"Feature","properties":{"census":"17601940060","color":60,"Linenum":4,"12H_trf":22563,"24H_trf":29332,"konz":1.17,"speed_ME":15.8,"speed_DT":23.0},"geometry":{"type":"MultiLineString","coordinates":[[[136.61575,36.54619],[136.61566,36.54614]],[[136.61566,36.54614],[136.61549,36.54602],[136.61496,36.54569]],[[136.61481,36.54583],[136.61491,36.54588],[136.61537,36.54609],[136.61566,36.54614]]]}},{"type":"Feature","properties":{"census":"17601940070","color":60,"Linenum":4,"12H_trf":22563,"24H_trf":29332,"konz":1.17,"speed_ME":8.8,"speed_DT":13.2},"geometry":{"type":"LineString","coordinates":[[136.61726,36.54697],[136.617,36.54685],[136.61626,36.54647],[136.61575,36.54619]]}},{"type":"Feature","properties":{"census":"17601940080","color":60,"Linenum":4,"12H_trf":22563,"24H_trf":29332,"konz":1.17,"speed_ME":6.9,"speed_DT":9.7},"geometry":{"type":"LineString","coordinates":[[136.61754,36.54714],[136.61726,36.54697]]}},{"type":"Feature","properties":{"census":"17601940090","color":60,"Linenum":4,"12H_trf":18444,"24H_trf":23793,"konz":1.06,"speed_ME":13.8,"speed_DT":26.3},"geometry":{"type":"LineString","coordinates":[[136.6196,36.54559],[136.6191,36.54597],[136.61853,36.54638],[136.61754,36.54714]]}},{"type":"Feature","properties":{"census":"17601940100","color":60,"Linenum":4,"12H_trf":18444,"24H_trf":23793,"konz":1.06,"speed_ME":13.2,"speed_DT":25.4},"geometry":{"type":"LineString","coordinates":[[136.6221,36.54462],[136.62204,36.54462],[136.62119,36.54483],[136.6207,36.54499],[136.62021,36.54523],[136.62004,36.54531],[136.6198,36.54546],[136.6196,36.54559]]}},{"type":"Feature","properties":{"census":"17601940110","color":60,"Linenum":4,"12H_trf":18444,"24H_trf":23793,"konz":1.06,"speed_ME":7.0,"speed_DT":14.3},"geometry":{"type":"LineString","coordinates":[[136.62781,36.54407],[136.6272,36.54403],[136.62683,36.54402],[136.6266,36.54405],[136.6261,36.54408],[136.62598,36.54409]]}},{"type":"Feature","properties":{"census":"17601940130","color":60,"Linenum":2,"12H_trf":19529,"24H_trf":25388,"konz":2.08,"speed_ME":13.2,"speed_DT":22.8},"geometry":{"type":"LineString","coordinates":[[136.59684,36.54203],[136.5964,36.54265],[136.59613,36.54306],[136.59593,36.5434],[136.59585,36.54353],[136.59573,36.54378],[136.59562,36.54415],[136.59555,36.54438],[136.59548,36.54466],[136.59545,36.54499],[136.59545,36.54528],[136.59539,36.54629],[136.59539,36.54679]]}},{"type":"Feature","properties":{"census":"17601950050","color":60,"Linenum":2,"12H_trf":8797,"24H_trf":11612,"konz":1.2,"speed_ME":16.0,"speed_DT":20.4},"geometry":{"type":"MultiLineString","coordinates":[[[136.58831,36.56147],[136.58946,36.56049],[136.58999,36.55997],[136.59086,36.55911],[136.59094,36.55903]],[[136.59094,36.55903],[136.59104,36.55894]],[[136.59104,36.55894],[136.59111,36.55887],[136.59121,36.55878],[136.59132,36.55873],[136.59144,36.55868],[136.59165,36.55865],[136.59211,36.55863],[136.59278,36.55863],[136.59339,36.55863],[136.59394,36.55865],[136.59471,36.55863],[136.59477,36.55863],[136.59487,36.55861],[136.59501,36.55858],[136.59513,36.55852],[136.5953,36.55842],[136.59544,36.55826],[136.59555,36.55808],[136.59579,36.55769],[136.59584,36.55759],[136.5959,36.55734],[136.59596,36.55675],[136.59602,36.55624],[136.59608,36.55589],[136.59614,36.5554],[136.59617,36.55506],[136.59625,36.55454],[136.59632,36.55399],[136.59635,36.55381],[136.59675,36.55393],[136.59721,36.55402],[136.59803,36.55406],[136.59817,36.55407],[136.59838,36.55408]]]}},{"type":"Feature","properties":{"census":"17601950060","color":60,"Linenum":2,"12H_trf":8797,"24H_trf":11612,"konz":1.33,"speed_ME":5.4,"speed_DT":5.6},"geometry":{"type":"MultiLineString","coordinates":[[[136.59922,36.55413],[136.59942,36.55414]],[[136.59838,36.55408],[136.59922,36.55413]]]}},{"type":"Feature","properties":{"census":"17601950070","color":60,"Linenum":2,"12H_trf":8797,"24H_trf":11612,"konz":1.33,"speed_ME":6.9,"speed_DT":7.4},"geometry":{"type":"LineString","coordinates":[[136.60105,36.55402],[136.60087,36.55405],[136.60075,36.55407],[136.59979,36.55418],[136.59942,36.55414]]}},{"type":"Feature","properties":{"census":"17601950080","color":60,"Linenum":2,"12H_trf":8797,"24H_trf":11612,"konz":1.23,"speed_ME":19.0,"speed_DT":24.2},"geometry":{"type":"LineString","coordinates":[[136.60922,36.55204],[136.60838,36.55198],[136.60821,36.55197],[136.60786,36.55193],[136.6076,36.55193],[136.60749,36.55193],[136.60729,36.55193],[136.6069,36.55204],[136.60614,36.55223],[136.60572,36.55235],[136.60527,36.55245],[136.60484,36.55256],[136.60444,36.55267],[136.60409,36.55276],[136.60379,36.55287],[136.60362,36.55294],[136.60356,36.55298],[136.6034,36.55307],[136.60308,36.55333],[136.6029,36.55349],[136.60284,36.55353],[136.60279,36.55356],[136.60264,36.55362],[136.6025,36.55366],[136.60237,36.5537],[136.6022,36.55375],[136.60174,36.55385],[136.60153,36.5539],[136.60105,36.55402]]}},{"type":"Feature","properties":{"census":"17601950090","color":60,"Linenum":2,"12H_trf":8797,"24H_trf":11612,"konz":1.23,"speed_ME":6.7,"speed_DT":8.7},"geometry":{"type":"LineString","coordinates":[[136.60922,36.55204],[136.60962,36.55206],[136.61011,36.55209],[136.61104,36.55216]]}},{"type":"Feature","properties":{"census":"17601950100","color":60,"Linenum":2,"12H_trf":8797,"24H_trf":11612,"konz":1.23,"speed_ME":9.1,"speed_DT":14.2},"geometry":{"type":"LineString","coordinates":[[136.6131,36.5523],[136.61272,36.55227],[136.61249,36.55226],[136.61185,36.55222],[136.61104,36.55216]]}},{"type":"Feature","properties":{"census":"17601950110","color":60,"Linenum":2,"12H_trf":8797,"24H_trf":11612,"konz":1.23,"speed_ME":10.8,"speed_DT":13.4},"geometry":{"type":"LineString","coordinates":[[136.6131,36.5523],[136.61392,36.55231],[136.61411,36.55232],[136.61426,36.55233],[136.61496,36.55235],[136.6153,36.5524],[136.61548,36.55243],[136.61563,36.55243],[136.61566,36.55245],[136.61578,36.55242],[136.61595,36.55239],[136.61629,36.55232],[136.61664,36.55224],[136.61693,36.55214],[136.61737,36.55189],[136.61775,36.55171],[136.61794,36.55161],[136.61809,36.55153],[136.61815,36.5515],[136.61821,36.55147],[136.61829,36.55145]]}},{"type":"Feature","properties":{"census":"17601950130","color":60,"Linenum":2,"12H_trf":9993,"24H_trf":13191,"konz":0.94,"speed_ME":14.8,"speed_DT":18.0},"geometry":{"type":"LineString","coordinates":[[136.63358,36.55139],[136.63232,36.55145],[136.63142,36.5515],[136.63092,36.55153],[136.63031,36.55153],[136.63007,36.55156],[136.62973,36.55165],[136.62918,36.55175],[136.62833,36.55192],[136.62824,36.55193],[136.62801,36.55194],[136.62791,36.55195],[136.62775,36.55195],[136.62747,36.55191],[136.62711,36.55187],[136.62607,36.55173],[136.62598,36.55174]]}},{"type":"Feature","properties":{"census":"17601970060","color":60,"Linenum":2,"12H_trf":7688,"24H_trf":10148,"konz":0.95,"speed_ME":13.6,"speed_DT":14.4},"geometry":{"type":"LineString","coordinates":[[136.6131,36.5523],[136.61307,36.55248],[136.61295,36.55319],[136.61267,36.55499],[136.61255,36.55589]]}},{"type":"Feature","properties":{"census":"17602910010","color":60,"Linenum":2,"12H_trf":10820,"24H_trf":14174,"konz":1.85,"speed_ME":20.5,"speed_DT":23.1},"geometry":{"type":"LineString","coordinates":[[136.59056,36.53165],[136.59159,36.53182],[136.5933,36.53209],[136.59347,36.53212],[136.59388,36.53217],[136.59506,36.53233]]}},{"type":"Feature","properties":{"census":"17800060020","color":60,"Linenum":4,"12H_trf":19529,"24H_trf":25388,"konz":0.86,"speed_ME":14.6,"speed_DT":13.1},"geometry":{"type":"LineString","coordinates":[[136.59452,36.54673],[136.59539,36.54679]]}},{"type":"Feature","properties":{"census":"17800070010","color":60,"Linenum":4,"12H_trf":19529,"24H_trf":25388,"konz":0.72,"speed_ME":18.2,"speed_DT":17.7},"geometry":{"type":"LineString","coordinates":[[136.59176,36.54661],[136.59205,36.54664],[136.59251,36.54668],[136.5932,36.5467],[136.59423,36.54673],[136.59452,36.54673]]}},{"type":"Feature","properties":{"census":"17601790020","color":60,"Linenum":2,"12H_trf":10720,"24H_trf":14150,"konz":1.02,"speed_ME":25.3,"speed_DT":28.7},"geometry":{"type":"LineString","coordinates":[[136.61268,36.5141],[136.61262,36.51474],[136.61256,36.5152],[136.61251,36.51574],[136.61244,36.51629],[136.61241,36.51673],[136.61236,36.5171],[136.61228,36.51783],[136.61225,36.51813],[136.61225,36.51833],[136.61225,36.51847],[136.61248,36.51931],[136.61262,36.52],[136.61267,36.52021]]}},{"type":"Feature","properties":{"census":"17601790030","color":60,"Linenum":2,"12H_trf":9567,"24H_trf":12628,"konz":0.99,"speed_ME":16.2,"speed_DT":22.1},"geometry":{"type":"MultiLineString","coordinates":[[[136.61122,36.50263],[136.61126,36.50306],[136.61129,36.50318],[136.61129,36.50329],[136.61135,36.50355],[136.6114,36.50384],[136.61158,36.50428],[136.61163,36.50455],[136.6117,36.50496],[136.61172,36.50508],[136.61186,36.50559],[136.61189,36.50577],[136.61198,36.50613],[136.61209,36.50663],[136.61216,36.50705],[136.61224,36.50768],[136.61236,36.50868],[136.61241,36.50903],[136.61241,36.50952],[136.61248,36.51019],[136.6125,36.51034],[136.61259,36.51138],[136.61256,36.51184],[136.61257,36.51236],[136.61268,36.51315],[136.61273,36.51342],[136.61274,36.51366],[136.61273,36.51387],[136.61268,36.5141]],[[136.6112,36.50247],[136.61122,36.50263]]]}},{"type":"Feature","properties":{"census":"17601790040","color":60,"Linenum":2,"12H_trf":3267,"24H_trf":4378,"konz":0.33,"speed_ME":18.3,"speed_DT":26.6},"geometry":{"type":"LineString","coordinates":[[136.61125,36.49549],[136.61117,36.49592],[136.61088,36.49735],[136.61071,36.49854],[136.61073,36.49881],[136.6108,36.4994],[136.61087,36.49978],[136.61088,36.5],[136.61093,36.5002],[136.61097,36.50062],[136.61097,36.5007],[136.61102,36.50096],[136.61106,36.5014],[136.6112,36.50247]]}},{"type":"Feature","properties":{"census":"17601790045","color":60,"Linenum":2,"12H_trf":3267,"24H_trf":4378,"konz":0.45,"speed_ME":32.9,"speed_DT":36.2},"geometry":{"type":"LineString","coordinates":[[136.61188,36.49197],[136.61215,36.49056],[136.61219,36.49014],[136.61221,36.48959],[136.61224,36.48903],[136.61228,36.48769],[136.61231,36.48737],[136.61233,36.48697],[136.61233,36.48673]]}},{"type":"Feature","properties":{"census":"17601890010","color":60,"Linenum":4,"12H_trf":11929,"24H_trf":15627,"konz":1.59,"speed_ME":14.8,"speed_DT":16.6},"geometry":{"type":"LineString","coordinates":[[136.62903,36.51141],[136.62849,36.51152],[136.62759,36.51174],[136.62627,36.51209],[136.62598,36.51216]]}},{"type":"Feature","properties":{"census":"17601890020","color":60,"Linenum":4,"12H_trf":11929,"24H_trf":15627,"konz":1.59,"speed_ME":19.3,"speed_DT":21.3},"geometry":{"type":"LineString","coordinates":[[136.62437,36.51253],[136.62314,36.51257],[136.62231,36.51258],[136.62204,36.51259],[136.62089,36.51261],[136.6203,36.51263],[136.62007,36.51263],[136.61972,36.51264],[136.6179,36.5127],[136.61784,36.5127],[136.61775,36.5127],[136.61769,36.5127],[136.61639,36.51272],[136.61585,36.51274],[136.61567,36.51278],[136.61528,36.51283],[136.61514,36.51289]]}},{"type":"Feature","properties":{"census":"17601890030","color":60,"Linenum":4,"12H_trf":11929,"24H_trf":15627,"konz":0.6,"speed_ME":13.2,"speed_DT":16.5},"geometry":{"type":"LineString","coordinates":[[136.61268,36.5141],[136.61308,36.51394],[136.61329,36.5138],[136.61384,36.51351],[136.61442,36.51318],[136.61506,36.51292],[136.61514,36.51289]]}},{"type":"Feature","properties":{"census":"17601890040","color":60,"Linenum":4,"12H_trf":11929,"24H_trf":15627,"konz":0.6,"speed_ME":14.9,"speed_DT":16.9},"geometry":{"type":"MultiLineString","coordinates":[[[136.61076,36.51429],[136.61053,36.51437],[136.6092,36.51446]],[[136.61268,36.5141],[136.61253,36.51415],[136.61236,36.51418],[136.61189,36.51423],[136.61076,36.51429]],[[136.61076,36.51429],[136.61048,36.51421],[136.60917,36.51429]]]}},{"type":"Feature","properties":{"census":"17601890050","color":60,"Linenum":4,"12H_trf":11929,"24H_trf":15627,"konz":0.6,"speed_ME":23.4,"speed_DT":28.2},"geometry":{"type":"MultiLineString","coordinates":[[[136.6092,36.51446],[136.60713,36.51458],[136.60639,36.5146],[136.60488,36.51459],[136.60443,36.51458],[136.60174,36.51453],[136.59967,36.51453],[136.5991,36.51453],[136.59852,36.51458],[136.59797,36.51465],[136.59741,36.51474],[136.5966,36.51489],[136.59623,36.51496],[136.5941,36.51539]],[[136.60917,36.51429],[136.60804,36.51438],[136.60632,36.51445],[136.60488,36.51444],[136.60443,36.51443],[136.60174,36.5144],[136.59965,36.51438],[136.5991,36.5144],[136.59855,36.51444],[136.598,36.51451],[136.59629,36.51481],[136.59414,36.51523]]]}},{"type":"Feature","properties":{"census":"17601890070","color":60,"Linenum":2,"12H_trf":11929,"24H_trf":15627,"konz":1.34,"speed_ME":27.0,"speed_DT":28.2},"geometry":{"type":"LineString","coordinates":[[136.59529,36.50813],[136.59451,36.50832],[136.59413,36.50841],[136.59344,36.50858],[136.59318,36.50863],[136.59274,36.50875],[136.59236,36.50885],[136.59117,36.50917],[136.59098,36.50919],[136.59001,36.50941],[136.58979,36.50944],[136.58955,36.50948],[136.58932,36.50948],[136.58912,36.50948]]}},{"type":"Feature","properties":{"census":"17601900010","color":60,"Linenum":2,"12H_trf":4286,"24H_trf":5658,"konz":0.48,"speed_ME":12.3,"speed_DT":13.3},"geometry":{"type":"LineString","coordinates":[[136.61267,36.52021],[136.61158,36.52029],[136.61111,36.52034],[136.61088,36.52034],[136.61053,36.52037],[136.60977,36.52043],[136.6089,36.52046]]}},{"type":"Feature","properties":{"census":"17601900020","color":60,"Linenum":2,"12H_trf":4286,"24H_trf":5658,"konz":0.48,"speed_ME":20.3,"speed_DT":23.2},"geometry":{"type":"LineString","coordinates":[[136.6089,36.52046],[136.60775,36.52053],[136.60711,36.52058],[136.60667,36.5206],[136.60618,36.52063],[136.60589,36.52066],[136.60559,36.5207],[136.60505,36.5208],[136.60464,36.52089],[136.60432,36.52094],[136.60418,36.52095],[136.6035,36.52098],[136.60261,36.521],[136.60209,36.52103],[136.60157,36.52104],[136.60115,36.52107],[136.60098,36.52108],[136.60052,36.52108],[136.59999,36.5211],[136.598,36.52118],[136.59739,36.52122],[136.597,36.52123],[136.59657,36.52122],[136.59574,36.52113],[136.5953,36.5211]]}},{"type":"Feature","properties":{"census":"17601900030","color":60,"Linenum":2,"12H_trf":4286,"24H_trf":5658,"konz":0.49,"speed_ME":27.4,"speed_DT":30.5},"geometry":{"type":"MultiLineString","coordinates":[[[136.58865,36.52111],[136.58885,36.52118],[136.58903,36.5212],[136.58918,36.52115],[136.58979,36.52097],[136.59001,36.52091],[136.59022,36.52089],[136.59063,36.52091],[136.59126,36.52094],[136.59213,36.52098],[136.59449,36.52107],[136.5953,36.5211]],[[136.58837,36.52107],[136.58865,36.52111]]]}},{"type":"Feature","properties":{"census":"17601030020","color":60,"Linenum":2,"12H_trf":3934,"24H_trf":5272,"konz":0.4,"speed_ME":42.2,"speed_DT":39.4},"geometry":{"type":"LineString","coordinates":[[136.63333,36.42809],[136.63361,36.4282],[136.63397,36.4283],[136.63432,36.42844],[136.63469,36.42864],[136.63499,36.42886],[136.6353,36.42913],[136.6355,36.42935],[136.63564,36.42958],[136.6358,36.42988],[136.63596,36.4303],[136.63635,36.43145],[136.63661,36.43225],[136.63693,36.43405],[136.63702,36.4345],[136.63707,36.43488],[136.63702,36.43532],[136.63698,36.43564],[136.63692,36.43594],[136.63652,36.43719],[136.63611,36.43842],[136.63565,36.43991],[136.63551,36.4403],[136.63528,36.44098],[136.63486,36.44174],[136.63463,36.44216],[136.63437,36.44265],[136.63411,36.44319],[136.63397,36.44358],[136.63356,36.44475],[136.63327,36.44567],[136.63309,36.44611],[136.633,36.44641],[136.63284,36.44672],[136.63268,36.44698],[136.63223,36.44744],[136.63217,36.44749],[136.63202,36.44762],[136.63098,36.4485],[136.63086,36.44863],[136.63054,36.44891],[136.63028,36.44913],[136.62988,36.44947],[136.62906,36.45036],[136.62859,36.45072],[136.62833,36.45099],[136.62775,36.45175],[136.62749,36.45208],[136.62741,36.45219],[136.62724,36.45247],[136.62711,36.45276],[136.62698,36.45333],[136.62692,36.45378],[136.62688,36.45394],[136.62679,36.45415],[136.62624,36.45497],[136.62598,36.45524]]}},{"type":"Feature","properties":{"census":"17601030030","color":60,"Linenum":2,"12H_trf":3934,"24H_trf":5272,"konz":0.4,"speed_ME":19.3,"speed_DT":22.3},"geometry":{"type":"LineString","coordinates":[[136.61775,36.45501],[136.61787,36.4551],[136.61882,36.45551],[136.61979,36.45594],[136.62091,36.45645],[136.62098,36.4565],[136.62129,36.45664]]}},{"type":"Feature","properties":{"census":"17601030040","color":60,"Linenum":2,"12H_trf":3934,"24H_trf":5272,"konz":0.4,"speed_ME":34.2,"speed_DT":33.7},"geometry":{"type":"LineString","coordinates":[[136.61775,36.45501],[136.61573,36.45662],[136.61571,36.45664]]}},{"type":"Feature","properties":{"census":"17601030050","color":60,"Linenum":2,"12H_trf":6883,"24H_trf":9223,"konz":0.8,"speed_ME":19.7,"speed_DT":16.9},"geometry":{"type":"LineString","coordinates":[[136.61267,36.45919],[136.61256,36.45914],[136.61244,36.45914],[136.61093,36.45921]]}},{"type":"Feature","properties":{"census":"17601030060","color":60,"Linenum":2,"12H_trf":6883,"24H_trf":9223,"konz":0.8,"speed_ME":33.9,"speed_DT":33.9},"geometry":{"type":"LineString","coordinates":[[136.61093,36.45921],[136.61009,36.45925],[136.60864,36.45931],[136.60716,36.45948],[136.60668,36.4595],[136.60621,36.45957],[136.60607,36.45959],[136.60533,36.45973],[136.6049,36.45979],[136.6038,36.45977],[136.60333,36.4598],[136.60285,36.45992],[136.60218,36.46009],[136.60151,36.46018]]}},{"type":"Feature","properties":{"census":"17601050010","color":60,"Linenum":2,"12H_trf":2676,"24H_trf":3746,"konz":0.31,"speed_ME":30.2,"speed_DT":32.8},"geometry":{"type":"LineString","coordinates":[[136.60287,36.46704],[136.6027,36.46709],[136.60258,36.46713],[136.60249,36.46718],[136.60243,36.46723],[136.6024,36.46726],[136.60235,36.46734],[136.60224,36.46759],[136.60221,36.46768],[136.60214,36.46779],[136.60208,36.46786],[136.60203,36.46792],[136.6013,36.46875],[136.60101,36.4692],[136.60055,36.46973],[136.60029,36.47003],[136.60008,36.47026],[136.59959,36.47083],[136.59936,36.47107],[136.59928,36.47115],[136.59904,36.47142],[136.59877,36.47174],[136.598,36.4726],[136.59747,36.4732],[136.59725,36.47345],[136.597,36.47373],[136.59672,36.47403],[136.59648,36.47432],[136.59632,36.4745],[136.59611,36.47478],[136.59587,36.47505],[136.5957,36.47526],[136.59526,36.47573],[136.59515,36.47594],[136.59504,36.47625],[136.59486,36.47714],[136.5948,36.47731],[136.5946,36.47768],[136.59443,36.47799],[136.59428,36.4784],[136.59425,36.47846],[136.59411,36.47883],[136.59408,36.47902],[136.59408,36.47987],[136.594,36.48009],[136.59384,36.48066],[136.59356,36.48165],[136.59352,36.4818],[136.59342,36.48219],[136.59298,36.48371]]}},{"type":"Feature","properties":{"census":"17601050020","color":60,"Linenum":2,"12H_trf":2676,"24H_trf":3746,"konz":0.31,"speed_ME":30.5,"speed_DT":32.4},"geometry":{"type":"LineString","coordinates":[[136.61267,36.45919],[136.61233,36.45948],[136.61206,36.4597],[136.61116,36.46044],[136.61016,36.46129],[136.60902,36.46223],[136.6089,36.46232],[136.60868,36.4625],[136.6083,36.46274],[136.6082,36.4628],[136.60755,36.4632],[136.60684,36.46364],[136.60652,36.46383],[136.60531,36.46455],[136.60511,36.46466],[136.60487,36.46485],[136.60455,36.46515],[136.60415,36.46559],[136.60392,36.46585],[136.60354,36.46625],[136.6035,36.46632],[136.60343,36.46639],[136.60339,36.46646],[136.60336,36.46654],[136.60334,36.46662],[136.60333,36.46673],[136.6033,36.4668],[136.60328,36.46683],[136.60324,36.46686],[136.60317,36.4669],[136.60298,36.46699],[136.60287,36.46704]]}},{"type":"Feature","properties":{"census":"17601790050","color":60,"Linenum":2,"12H_trf":3267,"24H_trf":4378,"konz":0.45,"speed_ME":26.9,"speed_DT":29.4},"geometry":{"type":"LineString","coordinates":[[136.61253,36.4816],[136.6123,36.48302],[136.61225,36.48345],[136.61233,36.48446],[136.61238,36.48527],[136.61239,36.48556],[136.61236,36.48597],[136.61233,36.48673]]}},{"type":"Feature","properties":{"census":"17601790060","color":60,"Linenum":2,"12H_trf":3267,"24H_trf":4378,"konz":0.45,"speed_ME":27.3,"speed_DT":30.4},"geometry":{"type":"LineString","coordinates":[[136.61598,36.47339],[136.61552,36.47435],[136.61512,36.47516],[136.61486,36.47572],[136.61459,36.47631],[136.61445,36.47662],[136.61442,36.4767],[136.61408,36.47737],[136.61375,36.47813],[136.61291,36.48029],[136.61285,36.48042],[136.6128,36.48053],[136.61273,36.48072],[136.61268,36.48084],[136.6126,36.48118],[136.61253,36.4816]]}},{"type":"Feature","properties":{"census":"17601050040","color":60,"Linenum":2,"12H_trf":2676,"24H_trf":3746,"konz":0.32,"speed_ME":31.7,"speed_DT":31.6},"geometry":{"type":"LineString","coordinates":[[136.62182,36.45128],[136.62083,36.45219],[136.62022,36.45275],[136.61965,36.45327],[136.61897,36.45386],[136.61775,36.45501]]}},{"type":"Feature","properties":{"census":"17601210010","color":60,"Linenum":2,"12H_trf":6487,"24H_trf":8757,"konz":1.0,"speed_ME":8.8,"speed_DT":9.1},"geometry":{"type":"LineString","coordinates":[[136.62422,36.45232],[136.62431,36.45235],[136.62448,36.4524],[136.6249,36.45258],[136.62498,36.45263]]}},{"type":"Feature","properties":{"census":"17601800010","color":60,"Linenum":2,"12H_trf":623,"24H_trf":822,"konz":0.11,"speed_ME":17.4,"speed_DT":31.3},"geometry":{"type":"MultiLineString","coordinates":[[[136.6056,36.38925],[136.60627,36.38902],[136.60713,36.38879],[136.60858,36.38835],[136.60902,36.38821],[136.6094,36.38808]],[[136.6123,36.38695],[136.61204,36.38711],[136.61158,36.38736],[136.61103,36.38761],[136.61056,36.3878],[136.61033,36.3879],[136.60977,36.38804],[136.6094,36.38808]],[[136.6123,36.38695],[136.61192,36.38706],[136.61149,36.3872],[136.61093,36.38744],[136.61045,36.38764],[136.6094,36.38808]],[[136.6127,36.38675],[136.6123,36.38695]]]}},{"type":"Feature","properties":{"census":"17601780010","color":60,"Linenum":2,"12H_trf":1069,"24H_trf":1219,"konz":0.17,"speed_ME":44.9,"speed_DT":47.2},"geometry":{"type":"LineString","coordinates":[[136.62269,36.35053],[136.62252,36.35084],[136.62226,36.35129],[136.62205,36.35161],[136.62059,36.35361],[136.62026,36.35404],[136.61843,36.35636],[136.61817,36.35665],[136.61628,36.3582],[136.61575,36.35871],[136.61495,36.35952],[136.6146,36.35992],[136.61384,36.36069],[136.61351,36.36103],[136.61315,36.36131]]}},{"type":"Feature","properties":{"census":"17601620080","color":60,"Linenum":2,"12H_trf":2644,"24H_trf":3569,"konz":0.5,"speed_ME":44.3,"speed_DT":45.7},"geometry":{"type":"LineString","coordinates":[[136.66992,36.6851],[136.67087,36.68595],[136.67126,36.68632],[136.67166,36.68676],[136.67213,36.68734],[136.67349,36.68904],[136.67406,36.6898],[136.67459,36.69055],[136.67487,36.69096],[136.67505,36.69119],[136.67537,36.69163],[136.67572,36.6923],[136.67587,36.69261],[136.67606,36.69299],[136.67624,36.69323],[136.67653,36.69347],[136.67777,36.69437],[136.67876,36.69513],[136.68036,36.69636]]}},{"type":"Feature","properties":{"census":"17601620100","color":60,"Linenum":2,"12H_trf":6969,"24H_trf":9338,"konz":0.92,"speed_ME":22.5,"speed_DT":25.7},"geometry":{"type":"LineString","coordinates":[[136.65279,36.65827],[136.65254,36.65832],[136.65216,36.65842],[136.65181,36.65847],[136.65154,36.6585],[136.65123,36.65851],[136.65092,36.65849],[136.65033,36.6584],[136.65001,36.6583],[136.64972,36.65816],[136.64951,36.65801],[136.64935,36.65786],[136.64917,36.65761],[136.6489,36.65716],[136.64877,36.65697],[136.6487,36.65687],[136.64862,36.65685],[136.64851,36.65686],[136.64835,36.65691],[136.64871,36.65749],[136.6489,36.65775],[136.6494,36.65851],[136.64972,36.65892],[136.6499,36.65914],[136.65192,36.66167],[136.65222,36.66205]]}},{"type":"Feature","properties":{"census":"17602000020","color":60,"Linenum":4,"12H_trf":16859,"24H_trf":21748,"konz":0.39,"speed_ME":11.7,"speed_DT":56.5},"geometry":{"type":"MultiLineString","coordinates":[[[136.64166,36.63344],[136.64134,36.63375],[136.64111,36.63402],[136.64096,36.63426],[136.64081,36.63452],[136.64059,36.63515],[136.64046,36.63541],[136.64032,36.63562],[136.64009,36.63593],[136.63989,36.63617],[136.6396,36.63641],[136.63937,36.63658],[136.63907,36.63677]],[[136.64151,36.63334],[136.64122,36.63362],[136.64098,36.63389],[136.64081,36.63414],[136.64064,36.63442],[136.64041,36.63508],[136.64029,36.63532],[136.64015,36.63557],[136.63992,36.63586],[136.63974,36.63607],[136.63947,36.6363],[136.63922,36.63648],[136.63898,36.63664]]]}},{"type":"Feature","properties":{"census":"17602000030","color":60,"Linenum":4,"12H_trf":15713,"24H_trf":20584,"konz":1.07,"speed_ME":21.5,"speed_DT":30.1},"geometry":{"type":"MultiLineString","coordinates":[[[136.65933,36.61929],[136.65927,36.62081],[136.65927,36.62088],[136.65921,36.62206],[136.65916,36.623],[136.65909,36.6243],[136.65903,36.62467],[136.659,36.62483],[136.65892,36.62502],[136.65878,36.62524],[136.65862,36.62548],[136.65843,36.62571],[136.65823,36.62591],[136.65805,36.62607],[136.65759,36.62633],[136.65735,36.62644],[136.65709,36.62654],[136.65639,36.62673],[136.65561,36.6269],[136.65375,36.62727],[136.65315,36.62738],[136.65253,36.62752],[136.6525,36.62754],[136.65195,36.62768],[136.65152,36.62779],[136.65125,36.62789],[136.65077,36.62807],[136.64993,36.62845],[136.64868,36.62903],[136.64812,36.62927],[136.64636,36.63008],[136.64616,36.63018],[136.64565,36.63048],[136.64529,36.6307],[136.64523,36.63077],[136.6449,36.631],[136.64424,36.63151],[136.64359,36.632],[136.64299,36.63245],[136.64249,36.63283],[136.64204,36.63316]],[[136.65912,36.61929],[136.65906,36.62087],[136.65903,36.62208],[136.65898,36.623],[136.65894,36.6239],[136.65889,36.62431],[136.65881,36.62467],[136.65878,36.62482],[136.65872,36.62496],[136.6586,36.62519],[136.65845,36.6254],[136.65817,36.6257],[136.6579,36.62595],[136.6575,36.62618],[136.65726,36.6263],[136.65707,36.62638],[136.65675,36.62648],[136.65616,36.62663],[136.65555,36.62675],[136.6537,36.62713],[136.65311,36.62724],[136.6525,36.62738],[136.65245,36.62739],[136.65189,36.62754],[136.65146,36.62766],[136.65073,36.62793],[136.65059,36.62799],[136.64993,36.6283],[136.64867,36.62887],[136.6481,36.62913],[136.64629,36.62996],[136.64606,36.63007],[136.64551,36.6304],[136.6452,36.63058],[136.64484,36.63086],[136.64421,36.63133],[136.64346,36.63188],[136.64285,36.63233],[136.64235,36.63271],[136.64175,36.63316]]]}},{"type":"Feature","properties":{"census":"17602000040","color":60,"Linenum":4,"12H_trf":0,"24H_trf":0,"konz":0.0,"speed_ME":20.4,"speed_DT":26.9},"geometry":{"type":"MultiLineString","coordinates":[[[136.6595,36.60198],[136.6595,36.60203],[136.6595,36.60212],[136.65952,36.60339],[136.65952,36.60478],[136.65955,36.60614],[136.65953,36.60691],[136.65955,36.60778],[136.65953,36.60816],[136.65953,36.60882],[136.65953,36.60924],[136.6595,36.6097],[136.65947,36.6104],[136.65945,36.61052],[136.65944,36.61089],[136.65939,36.61228],[136.65932,36.61404],[136.65929,36.61468],[136.65927,36.61566],[136.65932,36.61706],[136.65933,36.61929]],[[136.65912,36.61929],[136.6591,36.61707],[136.65906,36.61566],[136.65906,36.61479],[136.65909,36.61402],[136.65918,36.61226],[136.65923,36.61089],[136.65926,36.61052],[136.65926,36.61039],[136.65929,36.60971],[136.6593,36.6093],[136.65933,36.60887],[136.65932,36.60814],[136.65933,36.60781],[136.65933,36.6076],[136.65932,36.60614],[136.65933,36.60475],[136.65932,36.60377],[136.65932,36.60341],[136.65933,36.60218],[136.65933,36.60205],[136.65933,36.60197],[136.65933,36.60191]],[[136.65949,36.60183],[136.6595,36.60198]],[[136.65933,36.60191],[136.65932,36.60176]],[[136.65949,36.60177],[136.65949,36.60183]],[[136.65932,36.60176],[136.65932,36.60174]]]}},{"type":"Feature","properties":{"census":"17602000050","color":60,"Linenum":4,"12H_trf":19429,"24H_trf":25258,"konz":1.64,"speed_ME":19.4,"speed_DT":22.3},"geometry":{"type":"MultiLineString","coordinates":[[[136.66283,36.59483],[136.66289,36.59498],[136.66266,36.59584],[136.66255,36.59606],[136.66246,36.59626],[136.66238,36.59637],[136.66223,36.59656],[136.6619,36.59692],[136.66106,36.59764],[136.66084,36.59782],[136.66076,36.59789]],[[136.66283,36.59483],[136.6627,36.59497],[136.66245,36.59583],[136.66235,36.59606],[136.66226,36.59621],[136.66211,36.59644],[136.6619,36.59667],[136.66147,36.59707],[136.66084,36.59758],[136.6605,36.59789]],[[136.66342,36.58261],[136.66338,36.58322],[136.66336,36.58333],[136.66335,36.58369],[136.66328,36.58417],[136.66321,36.58489],[136.66319,36.58533],[136.66321,36.58594],[136.66321,36.58638],[136.66321,36.58671],[136.66321,36.58682],[136.66322,36.58737],[136.66322,36.58749],[136.66328,36.58989],[136.66328,36.59004],[136.66333,36.59118],[136.66335,36.59152],[136.66336,36.59168],[136.66336,36.59219],[136.66333,36.59264],[136.6633,36.59291],[136.66325,36.59342],[136.66316,36.59376],[136.6631,36.59395],[136.66295,36.59441],[136.66283,36.59483]]]}},{"type":"Feature","properties":{"census":"17602010010","color":60,"Linenum":2,"12H_trf":8235,"24H_trf":10870,"konz":0.76,"speed_ME":18.3,"speed_DT":20.4},"geometry":{"type":"MultiLineString","coordinates":[[[136.68149,36.61564],[136.68121,36.61571],[136.68076,36.61584],[136.67976,36.61612],[136.67947,36.6162],[136.67899,36.61632],[136.67868,36.61641],[136.67834,36.6165],[136.67816,36.61655],[136.67773,36.61666],[136.6776,36.61669],[136.6774,36.61674],[136.67563,36.6173],[136.67419,36.61776],[136.67368,36.61793],[136.67316,36.61807],[136.67255,36.6182],[136.67171,36.61822],[136.67123,36.61827],[136.67044,36.61834],[136.66992,36.61838]],[[136.68167,36.61558],[136.68149,36.61564]]]}},{"type":"Feature","properties":{"census":"17602990005","color":60,"Linenum":4,"12H_trf":12755,"24H_trf":16709,"konz":0.94,"speed_ME":16.1,"speed_DT":24.9},"geometry":{"type":"LineString","coordinates":[[136.63058,36.61624],[136.63081,36.61537],[136.63094,36.61503],[136.63136,36.61408],[136.63147,36.6138],[136.6315,36.61375],[136.6319,36.6128],[136.63197,36.61262],[136.63251,36.61139],[136.63295,36.61033],[136.63301,36.6102],[136.6335,36.60898],[136.63355,36.60888],[136.63373,36.60844]]}},{"type":"Feature","properties":{"census":"17602990010","color":60,"Linenum":4,"12H_trf":12755,"24H_trf":16709,"konz":0.94,"speed_ME":12.3,"speed_DT":20.9},"geometry":{"type":"LineString","coordinates":[[136.63976,36.59644],[136.6391,36.59693],[136.63831,36.59754],[136.63815,36.59769],[136.63806,36.59781],[136.63801,36.59789]]}},{"type":"Feature","properties":{"census":"17601460010","color":60,"Linenum":4,"12H_trf":20732,"24H_trf":27159,"konz":0.83,"speed_ME":9.0,"speed_DT":12.8},"geometry":{"type":"LineString","coordinates":[[136.64734,36.57395],[136.64758,36.57434],[136.64772,36.57452],[136.64798,36.57489],[136.64818,36.57522],[136.64825,36.57532],[136.64839,36.57555],[136.64854,36.57577],[136.64912,36.57667]]}},{"type":"Feature","properties":{"census":"17601460020","color":60,"Linenum":4,"12H_trf":20732,"24H_trf":27159,"konz":0.83,"speed_ME":10.3,"speed_DT":17.9},"geometry":{"type":"LineString","coordinates":[[136.64499,36.56569],[136.64505,36.56624],[136.64502,36.56678],[136.64502,36.56709],[136.645,36.56728],[136.64499,36.56737],[136.64496,36.56767],[136.64508,36.56801],[136.64536,36.5688],[136.64548,36.56916],[136.64557,36.56944],[136.64561,36.56956],[136.64572,36.56988],[136.64584,36.57024],[136.64589,36.57061],[136.64594,36.57107],[136.64598,36.57148],[136.646,36.57163],[136.64616,36.57193],[136.64644,36.57237],[136.64673,36.57289],[136.64705,36.57343],[136.64722,36.57368],[136.64734,36.57395]]}},{"type":"Feature","properties":{"census":"17601460030","color":60,"Linenum":4,"12H_trf":20732,"24H_trf":27159,"konz":0.83,"speed_ME":12.5,"speed_DT":23.0},"geometry":{"type":"LineString","coordinates":[[136.64199,36.5626],[136.64178,36.56243],[136.64041,36.56129],[136.63971,36.56073],[136.63951,36.56056],[136.63921,36.56031],[136.63828,36.55954],[136.63797,36.5593],[136.6378,36.55914]]}},{"type":"Feature","properties":{"census":"17601590010","color":60,"Linenum":4,"12H_trf":13788,"24H_trf":18062,"konz":0.76,"speed_ME":10.4,"speed_DT":13.8},"geometry":{"type":"LineString","coordinates":[[136.65109,36.57838],[136.65063,36.57829],[136.65016,36.57819],[136.65009,36.57812]]}},{"type":"Feature","properties":{"census":"17601590020","color":60,"Linenum":4,"12H_trf":13788,"24H_trf":18062,"konz":0.76,"speed_ME":22.1,"speed_DT":26.6},"geometry":{"type":"LineString","coordinates":[[136.65109,36.57838],[136.65149,36.57845],[136.65173,36.5785],[136.65221,36.57858],[136.65237,36.57863],[136.65253,36.57866],[136.65294,36.57873],[136.65353,36.57898],[136.65413,36.57923],[136.65428,36.57928],[136.65454,36.57939],[136.65477,36.57947],[136.655,36.57957],[136.65515,36.57963],[136.65537,36.57973],[136.6555,36.57979],[136.65561,36.57987],[136.6557,36.57994],[136.65581,36.58002],[136.65585,36.58006],[136.65599,36.58019],[136.65617,36.58038],[136.65628,36.58047],[136.65643,36.58059],[136.65659,36.58068],[136.65672,36.58073],[136.65691,36.58079],[136.65712,36.58086],[136.65828,36.58115],[136.65886,36.58134],[136.66014,36.58169],[136.66022,36.58172],[136.66084,36.5819],[136.66132,36.58202],[136.66254,36.58238],[136.66263,36.5824],[136.66342,36.58261]]}},{"type":"Feature","properties":{"census":"17601590030","color":60,"Linenum":4,"12H_trf":13788,"24H_trf":18062,"konz":0.76,"speed_ME":20.2,"speed_DT":24.5},"geometry":{"type":"LineString","coordinates":[[136.66992,36.58396],[136.6702,36.58402],[136.6712,36.58421],[136.67217,36.58441],[136.67224,36.58443],[136.67336,36.58463],[136.67355,36.58462]]}},{"type":"Feature","properties":{"census":"17601960100","color":60,"Linenum":2,"12H_trf":3411,"24H_trf":4775,"konz":0.35,"speed_ME":13.7,"speed_DT":13.0},"geometry":{"type":"LineString","coordinates":[[136.64168,36.57433],[136.64146,36.57443],[136.64066,36.5748],[136.63995,36.57514],[136.63948,36.57537],[136.63934,36.57545],[136.63889,36.57559],[136.63834,36.57572],[136.63817,36.57577],[136.6375,36.57593],[136.63739,36.57598],[136.63715,36.57602],[136.63643,36.57622],[136.63614,36.57636],[136.63579,36.57661],[136.63556,36.57678],[136.63547,36.57681],[136.63472,36.57693],[136.63441,36.57696]]}},{"type":"Feature","properties":{"census":"17601960110","color":60,"Linenum":2,"12H_trf":3411,"24H_trf":4775,"konz":0.35,"speed_ME":17.6,"speed_DT":14.7},"geometry":{"type":"LineString","coordinates":[[136.64734,36.57395],[136.64705,36.57382],[136.64609,36.57393],[136.64584,36.57395],[136.64555,36.57398],[136.64543,36.57398],[136.64523,36.57398],[136.64487,36.57399],[136.64479,36.57398],[136.64471,36.57398],[136.64427,36.57404],[136.64413,36.57407],[136.64397,36.57406],[136.64375,36.57403],[136.64354,36.57401],[136.6433,36.57398],[136.64313,36.57397],[136.64296,36.57398],[136.64287,36.57399],[136.64256,36.57413],[136.64218,36.57432],[136.64211,36.57435],[136.64168,36.57433]]}},{"type":"Feature","properties":{"census":"17602000070","color":60,"Linenum":2,"12H_trf":9589,"24H_trf":11970,"konz":1.45,"speed_ME":13.0,"speed_DT":17.3},"geometry":{"type":"LineString","coordinates":[[136.65109,36.57838],[136.65112,36.57856],[136.65143,36.57921],[136.65158,36.57957],[136.65161,36.57964],[136.65222,36.58092],[136.65228,36.58101],[136.65266,36.58161],[136.65269,36.5822],[136.65269,36.58235],[136.65269,36.5825],[136.65268,36.58262],[136.65259,36.58297],[136.65257,36.58303],[136.65251,36.58333],[136.65248,36.58348],[136.65242,36.58359],[136.65228,36.58374],[136.65202,36.58411],[136.65167,36.58502],[136.65146,36.58548],[136.65128,36.58574],[136.65105,36.58608],[136.65085,36.58638],[136.6508,36.58647],[136.65065,36.58669],[136.65048,36.58695],[136.65045,36.58701],[136.65021,36.58742],[136.65015,36.58754],[136.65006,36.58772],[136.64999,36.58797],[136.64998,36.58823],[136.64993,36.58844],[136.64955,36.58993],[136.64937,36.59049]]}},{"type":"Feature","properties":{"census":"17602990020","color":60,"Linenum":2,"12H_trf":8822,"24H_trf":11645,"konz":1.18,"speed_ME":9.3,"speed_DT":15.4},"geometry":{"type":"MultiLineString","coordinates":[[[136.63993,36.5963],[136.63983,36.59638],[136.63976,36.59644]],[[136.64004,36.59621],[136.63993,36.5963]],[[136.64021,36.59607],[136.64011,36.59616],[136.64004,36.59621]],[[136.64511,36.59246],[136.64497,36.59254],[136.64484,36.59266],[136.64444,36.59293],[136.6442,36.59311],[136.64386,36.59335],[136.64331,36.59376],[136.64273,36.59418],[136.64241,36.5944],[136.64218,36.59458],[136.64136,36.59517],[136.64122,36.59527],[136.64059,36.59575],[136.64021,36.59607]]]}},{"type":"Feature","properties":{"census":"17602990030","color":60,"Linenum":2,"12H_trf":8822,"24H_trf":11645,"konz":1.18,"speed_ME":13.4,"speed_DT":13.3},"geometry":{"type":"LineString","coordinates":[[136.64937,36.59049],[136.64905,36.59057],[136.6489,36.59061],[136.64841,36.59073],[136.64829,36.59088],[136.6479,36.59091],[136.64764,36.59097],[136.6474,36.59107],[136.64716,36.59119],[136.64702,36.59125],[136.6467,36.59135],[136.64661,36.59142],[136.64648,36.59149],[136.64615,36.59175],[136.64603,36.59183],[136.64565,36.59207],[136.64536,36.59227],[136.64511,36.59246]]}},{"type":"Feature","properties":{"census":"17601440010","color":60,"Linenum":2,"12H_trf":11916,"24H_trf":15610,"konz":0.87,"speed_ME":22.8,"speed_DT":29.3},"geometry":{"type":"LineString","coordinates":[[136.67371,36.51477],[136.67377,36.51494],[136.67386,36.51526],[136.67386,36.51538],[136.67384,36.51549],[136.67346,36.51662],[136.67329,36.51709],[136.67325,36.51729],[136.67326,36.51746],[136.67331,36.5177],[136.67355,36.51838],[136.67366,36.51852],[136.67386,36.51874],[136.67419,36.51904],[136.67429,36.51942],[136.67432,36.51949],[136.67439,36.51957],[136.67447,36.51964],[136.67484,36.51988],[136.67494,36.51998],[136.67502,36.52019],[136.67523,36.52108],[136.6752,36.52123],[136.675,36.52158],[136.67488,36.52177],[136.67484,36.52187],[136.67482,36.52198],[136.67488,36.52219],[136.6754,36.52336],[136.67569,36.524],[136.67584,36.52438],[136.67595,36.52457],[136.67609,36.52468],[136.67632,36.5248],[136.67712,36.52514],[136.6776,36.52538],[136.6777,36.52549],[136.67777,36.52566],[136.67802,36.5263],[136.67818,36.52664],[136.67828,36.52702],[136.67833,36.52714],[136.67835,36.52729]]}},{"type":"Feature","properties":{"census":"17601440020","color":60,"Linenum":2,"12H_trf":11916,"24H_trf":15610,"konz":0.87,"speed_ME":17.4,"speed_DT":23.6},"geometry":{"type":"LineString","coordinates":[[136.65932,36.54619],[136.65811,36.54751],[136.65802,36.54759],[136.65785,36.54778],[136.65773,36.54793],[136.65765,36.54802],[136.65762,36.54806],[136.65726,36.54846],[136.65698,36.54877],[136.65671,36.54907],[136.65646,36.54935],[136.65639,36.54944],[136.6562,36.54965],[136.65604,36.54982],[136.65593,36.54994],[136.65576,36.55013],[136.65569,36.5502],[136.65552,36.55039],[136.65546,36.55044],[136.65523,36.55071],[136.65491,36.55105],[136.6548,36.55117],[136.65469,36.55131],[136.65396,36.55214],[136.65387,36.55222],[136.65326,36.55288],[136.65279,36.5534],[136.65262,36.55358]]}},{"type":"Feature","properties":{"census":"17601460040","color":60,"Linenum":4,"12H_trf":27134,"24H_trf":35546,"konz":1.17,"speed_ME":12.0,"speed_DT":19.3},"geometry":{"type":"LineString","coordinates":[[136.63358,36.55139],[136.63419,36.55324],[136.63423,36.55332],[136.63429,36.55339],[136.63435,36.55348],[136.63472,36.55409],[136.63496,36.5545],[136.63522,36.55493],[136.63556,36.55546],[136.63603,36.55627],[136.63654,36.55706],[136.63699,36.55785],[136.6375,36.55869],[136.6378,36.55914]]}},{"type":"Feature","properties":{"census":"17601460050","color":60,"Linenum":4,"12H_trf":27134,"24H_trf":35546,"konz":1.17,"speed_ME":10.9,"speed_DT":24.8},"geometry":{"type":"LineString","coordinates":[[136.62781,36.54407],[136.62799,36.5442],[136.62836,36.54455],[136.62921,36.54538],[136.62944,36.54557],[136.62967,36.54578],[136.62993,36.54604],[136.63074,36.54679],[136.63098,36.54702],[136.63167,36.54767],[136.63203,36.54804],[136.63239,36.54842],[136.63266,36.54886],[136.63283,36.54918],[136.63293,36.54941],[136.63306,36.54974],[136.63336,36.55067],[136.63358,36.55139]]}},{"type":"Feature","properties":{"census":"17601930010","color":60,"Linenum":2,"12H_trf":6515,"24H_trf":8795,"konz":0.62,"speed_ME":15.6,"speed_DT":22.6},"geometry":{"type":"MultiLineString","coordinates":[[[136.64557,36.52764],[136.64539,36.52773],[136.64508,36.52784],[136.64467,36.528],[136.64426,36.52816],[136.64333,36.5285],[136.64294,36.52865],[136.6424,36.52885],[136.64165,36.52913],[136.64131,36.52925],[136.64108,36.5293],[136.64029,36.52943],[136.63983,36.52947],[136.63934,36.52948],[136.63875,36.52948],[136.63835,36.52948]],[[136.63835,36.52948],[136.63817,36.52948]]]}},{"type":"Feature","properties":{"census":"17601930020","color":60,"Linenum":2,"12H_trf":6515,"24H_trf":8795,"konz":0.62,"speed_ME":14.2,"speed_DT":17.3},"geometry":{"type":"LineString","coordinates":[[136.63045,36.52953],[136.63087,36.52951],[136.63132,36.52951],[136.63306,36.52951],[136.63364,36.52951],[136.63409,36.52949],[136.63467,36.52948],[136.63568,36.52948],[136.6368,36.52948],[136.6373,36.52948],[136.63817,36.52948]]}},{"type":"Feature","properties":{"census":"17601930030","color":60,"Linenum":2,"12H_trf":6515,"24H_trf":8795,"konz":0.62,"speed_ME":8.0,"speed_DT":10.0},"geometry":{"type":"LineString","coordinates":[[136.63045,36.52953],[136.63016,36.52953]]}},{"type":"Feature","properties":{"census":"17601140010","color":60,"Linenum":2,"12H_trf":1053,"24H_trf":1200,"konz":0.22,"speed_ME":30.7,"speed_DT":24.3},"geometry":{"type":"MultiLineString","coordinates":[[[136.66992,36.4781],[136.66994,36.4781],[136.67078,36.47834],[136.67087,36.47838],[136.67096,36.47844],[136.67099,36.4785],[136.67099,36.47858],[136.67099,36.4789],[136.67101,36.47904],[136.67107,36.47913],[136.67114,36.47923],[136.67162,36.47969],[136.67163,36.47974],[136.67136,36.48006],[136.6713,36.48014],[136.67131,36.48019],[136.67136,36.48024],[136.67143,36.48026],[136.67152,36.4803],[136.67212,36.4804],[136.67221,36.4804],[136.67259,36.48027],[136.67265,36.48028],[136.67271,36.48034],[136.67282,36.48048],[136.67293,36.48065],[136.67297,36.48078],[136.67299,36.48089],[136.673,36.48094],[136.67319,36.48113],[136.67328,36.48125],[136.6734,36.48153],[136.67351,36.48173],[136.67358,36.4821],[136.67366,36.48239],[136.67369,36.48252],[136.67369,36.48283],[136.67366,36.48291],[136.67363,36.48299],[136.67352,36.4831],[136.67316,36.48331],[136.67294,36.48341],[136.67276,36.48346],[136.67221,36.48351],[136.67212,36.48353],[136.67207,36.48358],[136.67206,36.48365],[136.67206,36.48374],[136.67209,36.48382],[136.67215,36.48388],[136.67249,36.48409],[136.67267,36.48415],[136.67278,36.48417],[136.67302,36.48418],[136.67346,36.48413],[136.67355,36.48414],[136.6736,36.48417],[136.67365,36.48432],[136.67369,36.48439],[136.67371,36.48447],[136.67365,36.48591],[136.6736,36.48605],[136.67355,36.48613],[136.67351,36.48618],[136.67221,36.48673],[136.67204,36.48681],[136.672,36.48686],[136.67194,36.48694],[136.67188,36.48706],[136.67184,36.48711],[136.67186,36.48715],[136.67188,36.48721],[136.67191,36.48727],[136.672,36.48739],[136.67218,36.48766],[136.67233,36.4879],[136.67246,36.48819],[136.67262,36.48858],[136.67274,36.48893],[136.67278,36.48912],[136.67278,36.48927],[136.6727,36.4896],[136.67253,36.48991],[136.67252,36.49001],[136.67255,36.49014],[136.67261,36.49025],[136.67273,36.49038],[136.67358,36.4911],[136.67361,36.49117],[136.6736,36.49132],[136.6736,36.49159],[136.67363,36.49197]],[[136.67021,36.47349],[136.67017,36.47356],[136.67018,36.47362],[136.67026,36.47377],[136.67059,36.47441],[136.67064,36.47456],[136.67067,36.47465],[136.67064,36.47471],[136.67062,36.47475],[136.6703,36.47503],[136.67009,36.47516],[136.66995,36.4752],[136.66992,36.47521]]]}},{"type":"Feature","properties":{"census":"17601030010","color":60,"Linenum":2,"12H_trf":3934,"24H_trf":5272,"konz":0.4,"speed_ME":23.4,"speed_DT":27.6},"geometry":{"type":"LineString","coordinates":[[136.63113,36.42311],[136.63127,36.42319],[136.63139,36.42326],[136.63148,36.42333],[136.63153,36.4234],[136.63157,36.4235],[136.63196,36.42453],[136.63207,36.42476],[136.63225,36.42525],[136.6328,36.42662],[136.633,36.4271],[136.63333,36.42809]]}},{"type":"Feature","properties":{"census":"17601790080","color":60,"Linenum":2,"12H_trf":3267,"24H_trf":4378,"konz":0.34,"speed_ME":27.4,"speed_DT":24.6},"geometry":{"type":"LineString","coordinates":[[136.63333,36.42809],[136.6335,36.42843],[136.63361,36.42872],[136.63367,36.42898],[136.6337,36.42921],[136.63371,36.42942],[136.63373,36.42959],[136.63376,36.43016],[136.63379,36.43044],[136.63388,36.43125],[136.63394,36.43174],[136.634,36.43225],[136.63409,36.43284],[136.63419,36.43357],[136.6342,36.43372],[136.6342,36.43397],[136.63419,36.43434],[136.63409,36.43494],[136.634,36.43564],[136.63393,36.43598],[136.63384,36.4362],[136.63373,36.43638],[136.6335,36.43668],[136.63339,36.43685],[136.63333,36.43698],[136.63324,36.4374],[136.63318,36.43766],[136.63315,36.43774],[136.6331,36.43783],[136.63304,36.43791],[136.63295,36.438],[136.63216,36.43874],[136.63205,36.43884],[136.63171,36.43941],[136.63133,36.44003],[136.6312,36.44034],[136.63112,36.44082],[136.63098,36.44141],[136.63071,36.4424],[136.63048,36.44295],[136.63042,36.44343],[136.63048,36.44367],[136.63048,36.44377],[136.63042,36.44394],[136.63002,36.4445],[136.62967,36.44503],[136.62962,36.44513],[136.62946,36.44538],[136.62927,36.44562],[136.62907,36.4458],[136.62862,36.44554],[136.6283,36.44594],[136.6279,36.44643],[136.6277,36.44667],[136.6273,36.4472],[136.62711,36.44743],[136.62695,36.4477],[136.62687,36.44792],[136.6264,36.44893]]}},{"type":"Feature","properties":{"census":"17601790090","color":60,"Linenum":2,"12H_trf":3267,"24H_trf":4378,"konz":0.34,"speed_ME":15.2,"speed_DT":15.6},"geometry":{"type":"LineString","coordinates":[[136.63333,36.42809],[136.63306,36.42807],[136.63257,36.4281],[136.63047,36.42831]]}},{"type":"Feature","properties":{"census":"17601810030","color":60,"Linenum":2,"12H_trf":1031,"24H_trf":1175,"konz":0.39,"speed_ME":35.3,"speed_DT":36.8},"geometry":{"type":"LineString","coordinates":[[136.63679,36.38591],[136.63688,36.3857],[136.63703,36.3854],[136.63717,36.38519],[136.63735,36.38488],[136.63739,36.38476],[136.63743,36.38464],[136.63746,36.38451],[136.63749,36.38431],[136.63754,36.38417],[136.63758,36.38405],[136.63763,36.38395],[136.63771,36.38386],[136.63789,36.38362],[136.63813,36.38332],[136.63841,36.38296],[136.63862,36.38288],[136.63873,36.38281],[136.63879,36.38273],[136.6389,36.38255],[136.63891,36.38242],[136.63885,36.38231],[136.63906,36.38196],[136.6392,36.38175],[136.63928,36.38165],[136.63932,36.38155],[136.63935,36.38142],[136.63941,36.38125],[136.63946,36.3811],[136.63952,36.38096],[136.63958,36.38084],[136.6397,36.3807],[136.63984,36.38061],[136.63998,36.38054],[136.64027,36.38042],[136.64039,36.38034],[136.64059,36.38018],[136.64079,36.37997],[136.64091,36.37989],[136.64103,36.37985],[136.64143,36.37979],[136.64158,36.37974],[136.6417,36.37966],[136.64178,36.37957],[136.64213,36.37902],[136.6425,36.37862],[136.64271,36.37842],[136.64288,36.37832],[136.64309,36.37823],[136.64346,36.37812],[136.64385,36.37802],[136.64418,36.37795],[136.64503,36.37785],[136.64572,36.37776],[136.646,36.37769],[136.64627,36.37761],[136.64658,36.3775],[136.64688,36.37735],[136.64713,36.37719],[136.64725,36.37705],[136.64732,36.37689],[136.64742,36.37676],[136.64752,36.37662],[136.64795,36.37621],[136.64825,36.37597],[136.64854,36.37579],[136.64888,36.37567],[136.64905,36.37561],[136.64917,36.37556],[136.64929,36.37546],[136.6494,36.37526],[136.64949,36.37505],[136.64951,36.3749],[136.64954,36.3747],[136.6496,36.3745],[136.64967,36.37431],[136.64986,36.37406],[136.65019,36.37361],[136.65041,36.37326],[136.65048,36.37316],[136.65077,36.37299],[136.65086,36.37283],[136.65092,36.37247],[136.65097,36.3723],[136.65118,36.37181],[136.65134,36.37171],[136.65215,36.3714],[136.65222,36.37134],[136.6523,36.37126],[136.65259,36.37078],[136.65297,36.37026],[136.65364,36.36935],[136.65379,36.36925],[136.65416,36.36912],[136.65434,36.36904],[136.65445,36.36886],[136.65479,36.36818],[136.65485,36.36796],[136.65489,36.36765],[136.65491,36.36726],[136.65479,36.36563],[136.65485,36.36477],[136.65486,36.36467],[136.65492,36.36456],[136.65535,36.36396],[136.6554,36.36388],[136.6554,36.36377],[136.65546,36.36196],[136.65549,36.36187],[136.65555,36.36179],[136.65578,36.36155]]}},{"type":"Feature","properties":{"census":"17601810010","color":60,"Linenum":2,"12H_trf":1031,"24H_trf":1175,"konz":0.39,"speed_ME":31.4,"speed_DT":20.9},"geometry":{"type":"LineString","coordinates":[[136.66866,36.35053],[136.66858,36.35062],[136.66824,36.35097],[136.6682,36.35102],[136.66801,36.3514],[136.66797,36.35148],[136.66789,36.35154],[136.66693,36.35223],[136.66682,36.35234],[136.66672,36.35246],[136.66663,36.3526],[136.66608,36.35391],[136.66599,36.35412],[136.66585,36.35429],[136.66562,36.35454],[136.66548,36.35465],[136.66528,36.35473],[136.66483,36.35487],[136.66388,36.35514],[136.66315,36.35531],[136.66267,36.35546],[136.66225,36.35564],[136.66164,36.35615],[136.66118,36.35666],[136.66025,36.35762],[136.65996,36.35787],[136.65971,36.35803],[136.65872,36.3585],[136.65846,36.35869],[136.65811,36.35909]]}},{"type":"Feature","properties":{"census":"17601810050","color":60,"Linenum":2,"12H_trf":1031,"24H_trf":1175,"konz":0.39,"speed_ME":43.6,"speed_DT":48.6},"geometry":{"type":"LineString","coordinates":[[136.65578,36.36155],[136.65811,36.35909]]}},{"type":"Feature","properties":{"census":"17601620070","color":60,"Linenum":2,"12H_trf":2644,"24H_trf":3569,"konz":0.5,"speed_ME":43.3,"speed_DT":45.2},"geometry":{"type":"LineString","coordinates":[[136.68036,36.69636],[136.68054,36.69648],[136.68073,36.69665],[136.68083,36.69674],[136.68091,36.69686],[136.68103,36.6971],[136.68111,36.69739],[136.68114,36.6977],[136.68118,36.69796],[136.68134,36.69832],[136.68144,36.69865],[136.68152,36.69885],[136.68156,36.69895],[136.68164,36.69907],[136.68179,36.69926],[136.68195,36.69945],[136.6823,36.69978],[136.6826,36.70007],[136.68286,36.70032],[136.68303,36.7005],[136.68314,36.70066],[136.68396,36.70244],[136.68417,36.70279],[136.68443,36.70312],[136.68468,36.70343],[136.68481,36.7036],[136.68488,36.70366]]}},{"type":"Feature","properties":{"census":"17602170010","color":60,"Linenum":2,"12H_trf":8442,"24H_trf":11143,"konz":0.94,"speed_ME":28.0,"speed_DT":27.8},"geometry":{"type":"MultiLineString","coordinates":[[[136.71387,36.67049],[136.71515,36.67045],[136.71694,36.67038],[136.71877,36.67031],[136.71941,36.67031],[136.71963,36.67031],[136.71979,36.67036],[136.72013,36.67057],[136.7203,36.67072],[136.72043,36.67097],[136.7206,36.67152],[136.72095,36.67271],[136.72292,36.67232],[136.7239,36.67212],[136.72399,36.67211],[136.72404,36.67209]],[[136.72404,36.67209],[136.72423,36.67204]],[[136.72423,36.67204],[136.72428,36.67202],[136.72436,36.67199]]]}},{"type":"Feature","properties":{"census":"17602150030","color":60,"Linenum":2,"12H_trf":15909,"24H_trf":20841,"konz":2.08,"speed_ME":35.7,"speed_DT":42.7},"geometry":{"type":"LineString","coordinates":[[136.71387,36.63731],[136.7141,36.63757],[136.71596,36.63964],[136.71641,36.64013],[136.71709,36.64089],[136.71767,36.64154],[136.71844,36.6424],[136.71924,36.64331],[136.71981,36.64391],[136.72101,36.64527],[136.72149,36.64589]]}},{"type":"Feature","properties":{"census":"17602010020","color":60,"Linenum":2,"12H_trf":8235,"24H_trf":10870,"konz":0.76,"speed_ME":11.9,"speed_DT":15.0},"geometry":{"type":"MultiLineString","coordinates":[[[136.69168,36.61337],[136.69147,36.61346],[136.6913,36.61352],[136.69118,36.61356],[136.69095,36.61363],[136.69077,36.61368],[136.69048,36.61378],[136.69019,36.61387],[136.68982,36.61408],[136.6897,36.61414],[136.68964,36.61413],[136.6895,36.61385],[136.68945,36.61382],[136.68893,36.61396],[136.68839,36.61407],[136.68756,36.61424],[136.68698,36.61437],[136.68686,36.61439],[136.68663,36.61445],[136.68459,36.61485],[136.68393,36.61501],[136.68338,36.61512],[136.68234,36.61539],[136.68167,36.61558]],[[136.69125,36.61298],[136.69168,36.61337]]]}},{"type":"Feature","properties":{"census":"17602010040","color":60,"Linenum":2,"12H_trf":8235,"24H_trf":10870,"konz":0.66,"speed_ME":1.8,"speed_DT":3.0},"geometry":{"type":"LineString","coordinates":[[136.69041,36.61206],[136.69008,36.61228]]}},{"type":"Feature","properties":{"census":"17602050010","color":60,"Linenum":2,"12H_trf":2859,"24H_trf":4003,"konz":0.76,"speed_ME":27.7,"speed_DT":24.6},"geometry":{"type":"MultiLineString","coordinates":[[[136.68565,36.6318],[136.68579,36.63159],[136.68637,36.6309],[136.68649,36.63079],[136.68671,36.63056],[136.6879,36.62918],[136.68817,36.62883],[136.68864,36.62832],[136.68823,36.62777],[136.6895,36.62715],[136.68967,36.62703],[136.69026,36.62641],[136.69086,36.62584],[136.69177,36.62503],[136.69206,36.62472],[136.69226,36.62448],[136.69257,36.62411],[136.69272,36.62393],[136.69276,36.62388]],[[136.69276,36.62388],[136.69281,36.62383]]]}},{"type":"Feature","properties":{"census":"17602050020","color":60,"Linenum":2,"12H_trf":2859,"24H_trf":4003,"konz":0.76,"speed_ME":19.9,"speed_DT":20.6},"geometry":{"type":"MultiLineString","coordinates":[[[136.69287,36.62378],[136.69281,36.62383]],[[136.69168,36.61337],[136.69209,36.61392],[136.69272,36.61473],[136.69278,36.6148],[136.69284,36.61492],[136.69287,36.61496],[136.69293,36.61511],[136.6931,36.61569],[136.69348,36.61639],[136.69376,36.61715],[136.69409,36.61783],[136.69431,36.61844],[136.69443,36.61886],[136.69461,36.61927],[136.69472,36.61976],[136.69473,36.61989],[136.69473,36.61994],[136.69479,36.62052],[136.69479,36.62055],[136.69487,36.62092],[136.69492,36.62108],[136.69499,36.62135],[136.69518,36.62208],[136.69527,36.62233],[136.69534,36.62246],[136.69498,36.62266],[136.69479,36.62274],[136.69452,36.62282],[136.69424,36.62294],[136.69403,36.62304],[136.69376,36.62317],[136.69337,36.62339],[136.69322,36.62346],[136.69308,36.62357],[136.69293,36.62372],[136.69287,36.62378]]]}},{"type":"Feature","properties":{"census":"17602130005","color":60,"Linenum":2,"12H_trf":763,"24H_trf":1007,"konz":0.12,"speed_ME":40.4,"speed_DT":37.5},"geometry":{"type":"LineString","coordinates":[[136.75781,36.62398],[136.75791,36.62403],[136.75828,36.62425],[136.75872,36.62462],[136.75893,36.62479],[136.75918,36.62509],[136.75931,36.62522],[136.75945,36.62533],[136.75953,36.62538],[136.75963,36.62538],[136.75973,36.62535],[136.75994,36.62522],[136.76026,36.62505],[136.76038,36.62502],[136.76049,36.62502],[136.7606,36.62507],[136.76101,36.62528],[136.76117,36.62537],[136.76133,36.6254],[136.76148,36.62539],[136.76159,36.62533],[136.76171,36.62522],[136.76182,36.62498],[136.76195,36.62483],[136.7623,36.62453],[136.76265,36.62427],[136.76288,36.62412],[136.76302,36.62408],[136.76317,36.62405],[136.7633,36.62407],[136.76351,36.62415],[136.76368,36.62431],[136.76385,36.62445],[136.7641,36.62462],[136.76461,36.62491],[136.7649,36.62501],[136.76525,36.62513],[136.76542,36.62517],[136.76552,36.62512],[136.76565,36.62503],[136.76594,36.62467],[136.76607,36.62452],[136.7662,36.62445],[136.76632,36.62445],[136.76647,36.62448],[136.76682,36.62457],[136.7669,36.62461],[136.76696,36.62465],[136.76703,36.62469],[136.76706,36.62476],[136.76711,36.62484],[136.76713,36.62493],[136.76713,36.62502],[136.76711,36.62515],[136.76711,36.62531],[136.76711,36.62537],[136.76713,36.62542],[136.76714,36.62546],[136.76717,36.62552],[136.7672,36.62556],[136.76726,36.6256],[136.76729,36.62563],[136.76737,36.62567],[136.76745,36.6257],[136.76754,36.62572],[136.76763,36.62573],[136.76781,36.62572],[136.76815,36.6257],[136.76868,36.62567],[136.76897,36.62566],[136.76906,36.62565],[136.76912,36.62563],[136.7692,36.62562],[136.76928,36.62559],[136.76943,36.62549],[136.76967,36.62525],[136.7699,36.62503],[136.77027,36.62479],[136.77036,36.62468],[136.77041,36.62456],[136.77041,36.62446],[136.77024,36.62422],[136.76998,36.6238],[136.76989,36.62363],[136.76983,36.62346],[136.76983,36.62332],[136.76992,36.62273],[136.77002,36.6222],[136.77002,36.62206],[136.77001,36.62197],[136.76992,36.62178],[136.76977,36.62148],[136.76975,36.62132],[136.7698,36.62121],[136.76987,36.62111],[136.77002,36.62096],[136.77038,36.62068],[136.77064,36.62044],[136.77076,36.62037],[136.77089,36.62032],[136.77109,36.62028],[136.77129,36.62026],[136.77161,36.62025],[136.7719,36.62022],[136.77215,36.62018],[136.77228,36.62013],[136.77242,36.62006],[136.77256,36.62002]]}},{"type":"Feature","properties":{"census":"17602130010","color":60,"Linenum":2,"12H_trf":763,"24H_trf":1007,"konz":0.12,"speed_ME":27.9,"speed_DT":29.8},"geometry":{"type":"LineString","coordinates":[[136.70742,36.60821],[136.70774,36.60868],[136.70785,36.60881],[136.708,36.60903],[136.70836,36.60958],[136.70891,36.61032],[136.70896,36.61045],[136.70901,36.61062]]}},{"type":"Feature","properties":{"census":"17602130030","color":60,"Linenum":1,"12H_trf":0,"24H_trf":0,"konz":0.0,"speed_ME":9.6,"speed_DT":27.4},"geometry":{"type":"LineString","coordinates":[[136.70599,36.60871],[136.70609,36.60907],[136.70613,36.60928],[136.70618,36.60946],[136.70622,36.60954],[136.70638,36.6097],[136.70672,36.60976],[136.70702,36.60977],[136.70734,36.60982],[136.70757,36.60988],[136.70774,36.60995],[136.70812,36.61017],[136.70843,36.61037],[136.70876,36.61057],[136.70901,36.61062]]}},{"type":"Feature","properties":{"census":"17602150010","color":60,"Linenum":2,"12H_trf":6292,"24H_trf":8494,"konz":0.98,"speed_ME":25.6,"speed_DT":32.0},"geometry":{"type":"LineString","coordinates":[[136.69168,36.61337],[136.69199,36.61357],[136.69209,36.61368],[136.69228,36.61389],[136.69251,36.61423],[136.69293,36.61478],[136.69342,36.61531],[136.69446,36.61626],[136.69514,36.61685],[136.69528,36.61699],[136.69653,36.61809],[136.69756,36.61899],[136.69838,36.61973],[136.69919,36.62042],[136.69939,36.62058],[136.69977,36.62092],[136.69984,36.62099],[136.70035,36.6214],[136.70087,36.62179],[136.7019,36.62251],[136.7024,36.62285],[136.70307,36.62327]]}},{"type":"Feature","properties":{"census":"17602150020","color":60,"Linenum":2,"12H_trf":6292,"24H_trf":8494,"konz":0.98,"speed_ME":36.0,"speed_DT":44.2},"geometry":{"type":"MultiLineString","coordinates":[[[136.70623,36.62833],[136.70662,36.62873],[136.70684,36.62895],[136.70713,36.6293],[136.70752,36.62977],[136.70768,36.62995],[136.70809,36.63043],[136.70843,36.63084],[136.70852,36.63108]],[[136.70852,36.63108],[136.70826,36.63093],[136.70783,36.63046],[136.70711,36.62962],[136.70673,36.62911],[136.7066,36.62893]],[[136.7066,36.62893],[136.70649,36.62877],[136.70623,36.62833]],[[136.7038,36.62544],[136.70395,36.62561],[136.7053,36.62715],[136.70582,36.6278],[136.70608,36.62813],[136.70623,36.62833]],[[136.7037,36.62533],[136.7038,36.62544]],[[136.70307,36.62327],[136.70305,36.62345],[136.70305,36.62356],[136.70304,36.62412],[136.70308,36.62445],[136.70315,36.62462],[136.70324,36.6248],[136.70339,36.62499],[136.7036,36.62522],[136.7037,36.62533]]]}},{"type":"Feature","properties":{"census":"17601230010","color":60,"Linenum":4,"12H_trf":6573,"24H_trf":8874,"konz":0.45,"speed_ME":15.3,"speed_DT":18.7},"geometry":{"type":"MultiLineString","coordinates":[[[136.67686,36.59075],[136.67667,36.59088],[136.67625,36.59093],[136.67567,36.59102],[136.67532,36.59108],[136.67511,36.59112],[136.67397,36.59133],[136.67319,36.59146],[136.6727,36.59154],[136.67145,36.59178],[136.67126,36.59185],[136.67099,36.59201]],[[136.67087,36.59189],[136.67102,36.59178],[136.67139,36.59162],[136.67264,36.5914],[136.67317,36.5913],[136.6739,36.59117],[136.67506,36.59097],[136.67534,36.59093],[136.67566,36.59088],[136.67622,36.59079],[136.67661,36.59072],[136.67686,36.59075]]]}},{"type":"Feature","properties":{"census":"17602100010","color":60,"Linenum":2,"12H_trf":4048,"24H_trf":5627,"konz":0.64,"speed_ME":28.8,"speed_DT":35.3},"geometry":{"type":"LineString","coordinates":[[136.71387,36.56786],[136.71402,36.56778],[136.71431,36.56768],[136.71466,36.5675],[136.71487,36.56737],[136.71506,36.56723],[136.71521,36.5671],[136.71533,36.56697],[136.71544,36.56685]]}},{"type":"Feature","properties":{"census":"17602100020","color":60,"Linenum":2,"12H_trf":4048,"24H_trf":5627,"konz":0.64,"speed_ME":11.9,"speed_DT":17.0},"geometry":{"type":"LineString","coordinates":[[136.68729,36.58068],[136.6868,36.58086],[136.68663,36.58092],[136.68613,36.58112],[136.68593,36.58118],[136.68575,36.58123],[136.68549,36.5813],[136.68517,36.58137],[136.685,36.58139],[136.68485,36.5814],[136.68472,36.58139]]}},{"type":"Feature","properties":{"census":"17602100030","color":60,"Linenum":2,"12H_trf":4048,"24H_trf":5627,"konz":0.64,"speed_ME":19.3,"speed_DT":20.5},"geometry":{"type":"LineString","coordinates":[[136.68472,36.58139],[136.68463,36.58152],[136.68437,36.58152],[136.68375,36.58151],[136.68355,36.58153],[136.68338,36.58156],[136.6832,36.58164],[136.68303,36.58176],[136.68294,36.58183],[136.68279,36.58201],[136.6823,36.58261],[136.68224,36.58268],[136.68179,36.58315],[136.68161,36.58327],[136.6815,36.58333],[136.68094,36.58371],[136.68079,36.58383],[136.68053,36.58396],[136.6804,36.58398],[136.68005,36.58411],[136.67996,36.58416],[136.67987,36.58425],[136.67969,36.58445],[136.6796,36.58457],[136.67943,36.58484],[136.67928,36.58503],[136.67911,36.58521],[136.67899,36.5853],[136.67879,36.58542],[136.67813,36.58573],[136.67769,36.58592],[136.6774,36.58594],[136.67709,36.58597],[136.67683,36.58601],[136.67659,36.58613],[136.67642,36.58626],[136.67625,36.58638],[136.67615,36.58644],[136.67592,36.5866],[136.67572,36.5867],[136.67511,36.58696]]}},{"type":"Feature","properties":{"census":"17601140030","color":60,"Linenum":2,"12H_trf":1053,"24H_trf":1200,"konz":0.22,"speed_ME":22.7,"speed_DT":27.1},"geometry":{"type":"LineString","coordinates":[[136.6879,36.51684],[136.68764,36.51706],[136.68756,36.51712],[136.68748,36.51724],[136.68742,36.51748],[136.68739,36.51782],[136.68738,36.518],[136.68733,36.51846],[136.68732,36.5186],[136.6873,36.51867],[136.68729,36.51881],[136.68726,36.51932],[136.68726,36.51939],[136.68721,36.51974],[136.68718,36.52015],[136.68716,36.52034],[136.68713,36.52058],[136.68707,36.5212],[136.68701,36.52182],[136.68694,36.52244],[136.68692,36.52255],[136.68695,36.5227],[136.68694,36.52301],[136.68684,36.52422],[136.68681,36.52456],[136.68671,36.52479],[136.68666,36.52496],[136.68668,36.52508],[136.68697,36.52548],[136.68715,36.52568],[136.68741,36.526],[136.68761,36.52617],[136.68774,36.52627],[136.6881,36.52649],[136.68829,36.52663],[136.6884,36.52672],[136.68876,36.52729]]}},{"type":"Feature","properties":{"census":"17602090010","color":60,"Linenum":2,"12H_trf":11010,"24H_trf":14423,"konz":1.46,"speed_ME":35.6,"speed_DT":25.0},"geometry":{"type":"LineString","coordinates":[[136.75781,36.49784],[136.75797,36.49795],[136.75805,36.49805],[136.75826,36.49839],[136.75835,36.49848],[136.75854,36.49855],[136.75866,36.49864],[136.75875,36.49876],[136.75881,36.49891],[136.75892,36.49931],[136.75904,36.49959],[136.75924,36.49988],[136.75936,36.5],[136.75954,36.50019],[136.75976,36.50043],[136.75994,36.50062],[136.76005,36.50077],[136.76012,36.50094],[136.76032,36.50169],[136.76041,36.50206],[136.76047,36.50227],[136.76052,36.50242],[136.76061,36.50254],[136.76087,36.50289],[136.76098,36.50307],[136.76104,36.50323],[136.7611,36.50341],[136.76116,36.50352],[136.76119,36.5036],[136.76128,36.5037],[136.76137,36.50383],[136.76146,36.50398],[136.76154,36.50406],[136.76162,36.50415],[136.76171,36.50424],[136.76183,36.50436],[136.76198,36.5045],[136.76215,36.50465],[136.76224,36.50473],[136.76237,36.50481],[136.76249,36.5049],[136.76256,36.50497],[136.76262,36.50505],[136.76269,36.50513],[136.76273,36.50523],[136.76284,36.50547],[136.76291,36.50563],[136.76294,36.50571],[136.76301,36.50584],[136.76302,36.5059],[136.76302,36.506],[136.76307,36.50626],[136.7631,36.50631],[136.76314,36.50635],[136.76323,36.5064],[136.76336,36.5065],[136.76346,36.50662],[136.76365,36.50679],[136.76366,36.50683],[136.76366,36.50689],[136.76363,36.50693],[136.76357,36.507],[136.76354,36.50706],[136.76351,36.50714],[136.76348,36.50721],[136.76348,36.50728],[136.76348,36.50736],[136.76351,36.50745],[136.76356,36.50755],[136.7636,36.50766],[136.7636,36.50773],[136.7636,36.5078],[136.76356,36.50787],[136.76333,36.50824],[136.76323,36.50839],[136.76314,36.5085],[136.7631,36.5086],[136.76311,36.50869],[136.76323,36.50901],[136.76328,36.50908],[136.76339,36.50916],[136.76356,36.50926],[136.7636,36.50931],[136.76378,36.50955],[136.76385,36.50964],[136.76388,36.50989],[136.7638,36.51064],[136.76378,36.51077],[136.76375,36.51083],[136.76369,36.51088],[136.76351,36.51096],[136.76348,36.51099],[136.76349,36.51144],[136.76348,36.51157],[136.76342,36.51175],[136.7634,36.51199],[136.76334,36.51237],[136.76334,36.51255],[136.76334,36.51266],[136.76333,36.51273],[136.76319,36.51294],[136.76317,36.51301],[136.76319,36.51308],[136.76333,36.51336],[136.76334,36.51349],[136.76322,36.51408],[136.76319,36.51423],[136.76305,36.51473],[136.76296,36.51492],[136.76293,36.51513],[136.76293,36.51524],[136.7629,36.51534],[136.76285,36.51543],[136.76278,36.51549],[136.76264,36.51563],[136.76256,36.5157],[136.7625,36.51579],[136.7625,36.51588],[136.76252,36.51598],[136.76252,36.51612],[136.76229,36.51661],[136.76214,36.51676],[136.76201,36.51683],[136.76192,36.5169],[136.76185,36.517],[136.76168,36.51731],[136.76163,36.51748],[136.76163,36.5176],[136.76166,36.51765],[136.76174,36.51771],[136.76183,36.51771],[136.76212,36.51763],[136.76226,36.51755],[136.76259,36.51727],[136.76275,36.51714],[136.76325,36.51698],[136.76339,36.51692],[136.76348,36.51688],[136.76357,36.51688],[136.76366,36.51693],[136.76377,36.51698],[136.76386,36.51707],[136.76394,36.51717],[136.76398,36.51733],[136.76389,36.51771],[136.76389,36.51784],[136.76391,36.51793],[136.76398,36.51806],[136.764,36.51813],[136.764,36.51828],[136.764,36.51833],[136.76406,36.5184],[136.76427,36.51859],[136.76436,36.51864],[136.76449,36.51868],[136.76464,36.51866],[136.76475,36.51867],[136.76482,36.5187],[136.76491,36.51879],[136.7651,36.51897],[136.76528,36.51914],[136.76552,36.51924],[136.76558,36.51929],[136.7656,36.51935],[136.76554,36.51972],[136.76551,36.51984],[136.76528,36.52026],[136.76523,36.5204],[136.76522,36.52058],[136.76531,36.52085],[136.7654,36.521],[136.76549,36.52108],[136.76558,36.52109],[136.76565,36.52102],[136.76565,36.52088],[136.76568,36.52076],[136.76574,36.52067],[136.76586,36.52059],[136.76597,36.52056],[136.76627,36.52053],[136.76638,36.52054],[136.76644,36.52055],[136.76648,36.52069],[136.76656,36.52078],[136.76673,36.52085],[136.76681,36.52089],[136.76693,36.5209],[136.76717,36.52089],[136.76726,36.5209],[136.76728,36.52094],[136.76726,36.521],[136.76717,36.52105],[136.76705,36.52105],[136.7669,36.52102],[136.76676,36.52099],[136.76656,36.52092],[136.76644,36.52088],[136.76636,36.52094],[136.76629,36.52106],[136.76627,36.52122],[136.7663,36.52151],[136.76629,36.52166],[136.76629,36.52185],[136.76629,36.52199],[136.76626,36.52206],[136.76618,36.52207],[136.76609,36.52203],[136.76595,36.52197],[136.76575,36.5219],[136.76565,36.52187],[136.76562,36.52179],[136.76554,36.52165],[136.76546,36.52159],[136.76522,36.52157],[136.76513,36.52155],[136.76499,36.52149],[136.7647,36.52118],[136.76455,36.52098],[136.76439,36.52088],[136.76429,36.52079],[136.76417,36.52058],[136.76412,36.52035],[136.76409,36.52028],[136.764,36.52025],[136.76339,36.52022],[136.76325,36.52023],[136.76323,36.52028],[136.76323,36.52055],[136.76323,36.5206],[136.76322,36.52066],[136.76291,36.521],[136.76284,36.52102],[136.76267,36.52103],[136.76262,36.52106],[136.76256,36.52134],[136.76252,36.52148],[136.76247,36.52158],[136.76253,36.5218],[136.76253,36.52188],[136.76249,36.52194],[136.76243,36.52197],[136.7623,36.52199],[136.76204,36.52227],[136.76185,36.52244],[136.7618,36.5225],[136.76179,36.52258],[136.7618,36.52275],[136.76182,36.52319],[136.76183,36.52341],[136.76174,36.5237],[136.76168,36.52381],[136.76156,36.52396],[136.76137,36.5242],[136.7609,36.52469],[136.76076,36.52497],[136.76067,36.52521],[136.76038,36.52571],[136.76029,36.52587],[136.76011,36.52615],[136.76003,36.52629],[136.75985,36.52646],[136.75959,36.52664],[136.75934,36.52681],[136.75907,36.52696],[136.75835,36.52729]]}},{"type":"Feature","properties":{"census":"17602090030","color":60,"Linenum":2,"12H_trf":11010,"24H_trf":14423,"konz":1.45,"speed_ME":9.4,"speed_DT":10.6},"geometry":{"type":"LineString","coordinates":[[136.68776,36.54521],[136.6879,36.54519],[136.68794,36.54519],[136.6884,36.54519],[136.68898,36.54519],[136.69012,36.54519]]}},{"type":"Feature","properties":{"census":"17602090040","color":60,"Linenum":2,"12H_trf":11010,"24H_trf":14423,"konz":1.45,"speed_ME":23.5,"speed_DT":25.5},"geometry":{"type":"LineString","coordinates":[[136.68776,36.54521],[136.68764,36.54524],[136.68756,36.54528],[136.68741,36.54534],[136.6872,36.54551],[136.68694,36.54571],[136.68648,36.54619],[136.68538,36.54712],[136.68521,36.54725],[136.68506,36.54733],[136.68478,36.54745],[136.68454,36.54757],[136.6844,36.5477],[136.68425,36.54791],[136.68385,36.54863],[136.68373,36.54876],[136.68347,36.54896],[136.6832,36.54914],[136.68306,36.5492],[136.68301,36.54924],[136.68292,36.54936],[136.68251,36.54988],[136.68227,36.55019],[136.68204,36.55052],[136.68199,36.55059],[136.68182,36.55079],[136.6816,36.55109],[136.68129,36.55148],[136.68076,36.55181],[136.67995,36.55228],[136.67983,36.55233],[136.67825,36.55266],[136.67735,36.55286],[136.67694,36.55293],[136.67642,36.55306],[136.67615,36.5531],[136.676,36.55311],[136.67571,36.55315],[136.67506,36.55298],[136.67487,36.55295],[136.67448,36.55291],[136.67442,36.55283],[136.67418,36.55254],[136.67392,36.55228]]}},{"type":"Feature","properties":{"census":"17601140020","color":60,"Linenum":2,"12H_trf":1053,"24H_trf":1200,"konz":0.22,"speed_ME":35.0,"speed_DT":35.0},"geometry":{"type":"LineString","coordinates":[[136.67371,36.51477],[136.67375,36.51463],[136.67383,36.51443],[136.67387,36.51436],[136.67395,36.5143],[136.67401,36.51429],[136.67407,36.5143],[136.67413,36.51435],[136.67416,36.51441],[136.67423,36.51453],[136.67424,36.51461],[136.67426,36.51471],[136.67429,36.51483],[136.67433,36.51493],[136.67441,36.51503],[136.6745,36.51513],[136.67462,36.51522],[136.67473,36.51528],[136.67488,36.51533],[136.67502,36.51535],[136.67516,36.51535],[136.67529,36.51534],[136.67545,36.5153],[136.67558,36.51525],[136.67566,36.51519],[136.67578,36.51511],[136.67586,36.51502],[136.67593,36.51491],[136.67598,36.51479],[136.67603,36.51467],[136.67609,36.5145],[136.67612,36.51423],[136.67615,36.5141],[136.67618,36.51401],[136.67621,36.51394],[136.67625,36.51383],[136.6763,36.51375],[136.67636,36.51368],[136.67644,36.51359],[136.67653,36.51353],[136.67657,36.51349],[136.67667,36.51343],[136.67676,36.51337],[136.67699,36.51328],[136.67723,36.51319],[136.67737,36.51316],[136.67751,36.51314],[136.67764,36.51315],[136.67778,36.51317],[136.67799,36.51323],[136.67888,36.51349],[136.67909,36.51357],[136.67923,36.51364],[136.6796,36.514],[136.67967,36.51404],[136.67976,36.51408],[136.68007,36.51411],[136.68025,36.51411],[136.68036,36.51408],[136.68048,36.51402],[136.68071,36.51379],[136.68085,36.51372],[136.68098,36.51367],[136.68112,36.51364],[136.68127,36.51365],[136.68222,36.51359],[136.68242,36.51358],[136.68259,36.51354],[136.68266,36.51349],[136.68274,36.51339],[136.68282,36.51327],[136.68286,36.51303],[136.68309,36.51215],[136.68311,36.51201],[136.68308,36.51186],[136.68295,36.51156],[136.68292,36.51138],[136.68292,36.51128],[136.68298,36.51114],[136.68304,36.51104],[136.68317,36.51095],[136.68343,36.5108],[136.68394,36.51059],[136.68462,36.51029],[136.68506,36.51014],[136.68527,36.51008],[136.68546,36.51004],[136.68619,36.51002],[136.68677,36.51002],[136.6872,36.51002],[136.68762,36.51002],[136.68785,36.51004],[136.68796,36.51008],[136.68816,36.51014],[136.68823,36.51019],[136.68832,36.51026],[136.68845,36.51042],[136.68854,36.51059],[136.6886,36.51103],[136.68864,36.51148],[136.68863,36.51204],[136.68866,36.51218],[136.68872,36.51227],[136.68895,36.51249],[136.68906,36.51255],[136.68916,36.51257],[136.68932,36.51256],[136.6895,36.51252],[136.6897,36.51289],[136.68987,36.51327],[136.69031,36.51413],[136.69037,36.51423],[136.69019,36.51434],[136.68982,36.51441],[136.68954,36.51443],[136.68924,36.51447],[136.68878,36.51451],[136.68843,36.51452],[136.68839,36.51452],[136.68781,36.51457],[136.68768,36.5146],[136.68761,36.51465],[136.68753,36.51479],[136.68771,36.515],[136.68785,36.51514],[136.68784,36.51518],[136.68752,36.51533],[136.68741,36.51539],[136.68753,36.51564],[136.68764,36.51588],[136.6877,36.51622],[136.68779,36.51668],[136.6879,36.51684]]}},{"type":"Feature","properties":{"census":"17602070010","color":60,"Linenum":2,"12H_trf":6730,"24H_trf":8951,"konz":1.15,"speed_ME":35.7,"speed_DT":35.7},"geometry":{"type":"LineString","coordinates":[[136.74779,36.43115],[136.74746,36.43124],[136.74734,36.4313],[136.74721,36.43145],[136.74703,36.43166],[136.74698,36.43178],[136.74698,36.43187],[136.747,36.43195],[136.74703,36.43202],[136.7472,36.43211],[136.7474,36.43217],[136.74764,36.4322],[136.74798,36.43226],[136.74836,36.43233],[136.7486,36.43242],[136.7488,36.43248],[136.74903,36.43251],[136.7492,36.43252],[136.74923,36.43258],[136.74921,36.43265],[136.74914,36.4327],[136.74889,36.43275],[136.74788,36.43286],[136.74755,36.4329],[136.7474,36.43285],[136.74732,36.43285],[136.74721,36.43291],[136.74712,36.43294],[136.74703,36.43291],[136.74694,36.43292],[136.74686,36.43294],[136.74679,36.43303],[136.74676,36.43314],[136.74679,36.43333],[136.74686,36.43361],[136.74688,36.434],[136.74692,36.4341],[136.74703,36.43423],[136.74714,36.43432],[136.74734,36.4345],[136.74753,36.43461],[136.74781,36.43479],[136.74792,36.43489],[136.74801,36.43499],[136.74817,36.43522],[136.74842,36.43539],[136.74857,36.43552],[136.74862,36.43562],[136.74859,36.4357],[136.74851,36.43576],[136.74842,36.43576],[136.7482,36.43572],[136.74805,36.43564],[136.74779,36.43544],[136.74756,36.43542],[136.74703,36.4353],[136.74685,36.43527],[136.74657,36.43521],[136.7465,36.43524],[136.74636,36.43535],[136.74618,36.43557],[136.74614,36.4357],[136.74611,36.4358],[136.74604,36.43587],[136.7459,36.43591],[136.74573,36.43587],[136.74558,36.43587],[136.74532,36.43593],[136.74512,36.43593],[136.74476,36.43584],[136.7446,36.43582],[136.74448,36.43574],[136.74416,36.43554],[136.74398,36.43543],[136.74376,36.43534],[136.7436,36.43529],[136.74331,36.43529],[136.74317,36.43532],[136.74305,36.4354],[136.74296,36.43548],[136.74291,36.43563],[136.74288,36.43572],[136.74279,36.43576],[136.74264,36.43574],[136.74236,36.4357],[136.74221,36.4357],[136.74204,36.43572],[136.74187,36.43573],[136.74172,36.43576],[136.74149,36.43584],[136.74117,36.43587],[136.74083,36.43593],[136.74056,36.436],[136.74042,36.4361],[136.74029,36.43617],[136.74016,36.43616],[136.73998,36.43616],[136.73968,36.43627],[136.73934,36.43634],[136.73913,36.4365],[136.73891,36.4366],[136.73874,36.4367],[136.73867,36.43676],[136.73849,36.43685],[136.73827,36.43687],[136.7381,36.43691],[136.73787,36.43704],[136.73766,36.4371],[136.73736,36.43714],[136.73726,36.43718],[136.73719,36.43732],[136.73711,36.43749],[136.73711,36.43757],[136.73714,36.43767],[136.73726,36.43786],[136.73726,36.438],[136.73717,36.43828],[136.73717,36.43845],[136.73713,36.43856],[136.73691,36.43888],[136.7369,36.43897],[136.73693,36.43903],[136.73705,36.43915],[136.73711,36.43935],[136.73711,36.43944],[136.73705,36.43949],[136.73682,36.43951],[136.73653,36.43959],[136.73618,36.43968],[136.73592,36.43971],[136.73571,36.43972],[136.73549,36.4397],[136.73528,36.43967],[136.73508,36.43959],[136.73478,36.4395],[136.73432,36.43946],[136.734,36.43935],[136.73388,36.43935],[136.73374,36.4394],[136.73363,36.43949],[136.7335,36.43975],[136.73319,36.43985],[136.73308,36.43994],[136.7329,36.44023],[136.73266,36.4403],[136.73238,36.44049],[136.73224,36.44058],[136.73208,36.44061],[136.73192,36.44059],[136.73145,36.44043],[136.73122,36.44038],[136.73101,36.44033],[136.73084,36.44033],[136.73061,36.44036],[136.73041,36.44047],[136.7295,36.44122],[136.72918,36.44155],[136.72899,36.44168],[136.72887,36.44186],[136.72855,36.44203],[136.72848,36.44215],[136.72843,36.4422],[136.72832,36.44221],[136.72812,36.44212],[136.72799,36.4421],[136.72756,36.44203],[136.72741,36.44205],[136.72722,36.44212],[136.72713,36.44224],[136.72712,36.44245],[136.72707,36.44283],[136.72706,36.44306],[136.72701,36.44317],[136.72695,36.44325],[136.72664,36.44341],[136.72611,36.44366],[136.72545,36.44382],[136.7253,36.44383],[136.72507,36.4439],[136.72481,36.44406],[136.72458,36.44429],[136.72443,36.44439],[136.72426,36.44445],[136.7241,36.44453],[136.72396,36.4446],[136.72384,36.44466],[136.72378,36.44482],[136.72362,36.445],[136.72356,36.44517],[136.72344,36.44526],[136.72336,36.44534],[136.72333,36.44582],[136.72327,36.44599],[136.72312,36.44633],[136.72286,36.44668],[136.72283,36.44685],[136.72274,36.44699],[136.72274,36.44715],[136.72265,36.44744],[136.72262,36.44765],[136.72225,36.44825],[136.72211,36.44834],[136.72205,36.44839],[136.72203,36.44853],[136.72205,36.44905],[136.72211,36.4492],[136.72211,36.44931],[136.72203,36.44939],[136.72188,36.44945],[136.72182,36.4495],[136.72182,36.44959],[136.72189,36.44971],[136.72195,36.44989],[136.72206,36.45003],[136.7222,36.4501],[136.72226,36.45021],[136.72227,36.45036],[136.72224,36.4505],[136.72224,36.45062],[136.72231,36.45072],[136.72226,36.45093],[136.72229,36.45106],[136.72236,36.45141],[136.72233,36.4515],[136.72226,36.45157],[136.72203,36.45166],[136.72195,36.45174],[136.72182,36.45185],[136.72165,36.45203],[136.7215,36.45209],[136.72137,36.45213],[136.7213,36.45218],[136.72116,36.4523],[136.72095,36.45235],[136.72081,36.45245],[136.72067,36.45266],[136.72066,36.4529],[136.72057,36.45309],[136.7204,36.4534],[136.72035,36.45356],[136.72035,36.45379],[136.7204,36.45394],[136.72043,36.45409],[136.7204,36.45468],[136.72029,36.45494],[136.72026,36.4551],[136.72031,36.45536],[136.72029,36.45552],[136.72035,36.45561],[136.72066,36.45594],[136.72067,36.45605],[136.72057,36.45615],[136.72026,36.45646],[136.72008,36.45664]]}},{"type":"Feature","properties":{"census":"17601240010","color":60,"Linenum":2,"12H_trf":2859,"24H_trf":4003,"konz":0.83,"speed_ME":10.7,"speed_DT":13.0},"geometry":{"type":"LineString","coordinates":[[136.73266,36.67532],[136.73246,36.67575],[136.7322,36.67629],[136.73215,36.67637]]}},{"type":"Feature","properties":{"census":"17602120050","color":60,"Linenum":2,"12H_trf":1352,"24H_trf":1879,"konz":0.23,"speed_ME":14.6,"speed_DT":21.3},"geometry":{"type":"LineString","coordinates":[[136.74537,36.66621],[136.74529,36.66626],[136.7452,36.66631],[136.74508,36.66633],[136.74492,36.66635],[136.7445,36.66645],[136.74352,36.66666],[136.74256,36.66689],[136.74164,36.66709],[136.7412,36.6672],[136.74058,36.66733],[136.74016,36.66746],[136.73998,36.66751],[136.73986,36.66756],[136.73974,36.66761],[136.73922,36.6678],[136.73833,36.66815],[136.73755,36.66842]]}},{"type":"Feature","properties":{"census":"17602170020","color":60,"Linenum":2,"12H_trf":8442,"24H_trf":11143,"konz":0.85,"speed_ME":18.7,"speed_DT":18.9},"geometry":{"type":"LineString","coordinates":[[136.73305,36.66978],[136.73244,36.6699],[136.73124,36.6701],[136.73076,36.67018],[136.73012,36.67028],[136.72968,36.67036],[136.72892,36.67052],[136.72841,36.67062],[136.72808,36.67072],[136.72729,36.67095],[136.7271,36.671],[136.72646,36.67121],[136.72559,36.67155],[136.72503,36.67176],[136.72436,36.67199]]}},{"type":"Feature","properties":{"census":"17602170030","color":60,"Linenum":2,"12H_trf":8442,"24H_trf":11143,"konz":0.91,"speed_ME":18.1,"speed_DT":17.9},"geometry":{"type":"LineString","coordinates":[[136.73588,36.66903],[136.73333,36.66971],[136.73305,36.66978]]}},{"type":"Feature","properties":{"census":"17602180030","color":60,"Linenum":2,"12H_trf":1462,"24H_trf":1959,"konz":0.23,"speed_ME":37.7,"speed_DT":36.3},"geometry":{"type":"LineString","coordinates":[[136.75781,36.67403],[136.75802,36.67417],[136.75832,36.67443],[136.75869,36.67481],[136.75915,36.67528],[136.75942,36.67562],[136.75956,36.67581],[136.75963,36.676],[136.75974,36.67624],[136.75982,36.67649],[136.75986,36.67667],[136.75991,36.67695],[136.76021,36.67899],[136.76027,36.67955],[136.76032,36.67976],[136.76037,36.67992],[136.76046,36.68011],[136.76061,36.68043],[136.7607,36.68065],[136.76082,36.68082],[136.76098,36.68098],[136.7613,36.68126]]}},{"type":"Feature","properties":{"census":"17602210045","color":60,"Linenum":2,"12H_trf":1098,"24H_trf":1252,"konz":0.17,"speed_ME":46.7,"speed_DT":43.0},"geometry":{"type":"LineString","coordinates":[[136.74416,36.70366],[136.74396,36.70324],[136.74381,36.70297],[136.74361,36.70277],[136.74337,36.70264],[136.74308,36.70254],[136.74264,36.70241],[136.74236,36.70228],[136.7421,36.70213],[136.74187,36.70194],[136.74026,36.70025],[136.7401,36.70013],[136.73916,36.69974],[136.73812,36.69931],[136.73792,36.69921],[136.73772,36.6991],[136.7376,36.69898],[136.73723,36.6987],[136.73714,36.69862],[136.737,36.69857],[136.73688,36.69854],[136.73667,36.69852],[136.73646,36.69855],[136.73626,36.69857],[136.73614,36.69858],[136.73598,36.69856],[136.73577,36.69852],[136.73537,36.69847],[136.73499,36.69842],[136.73493,36.69841],[136.73421,36.69834],[136.73404,36.69831],[136.73385,36.69825],[136.73336,36.69812],[136.73311,36.69805],[136.73284,36.69802],[136.73237,36.69797],[136.7318,36.69791],[136.73131,36.69786],[136.73098,36.69781],[136.73072,36.69778],[136.7304,36.69777],[136.73012,36.69777],[136.72985,36.69779],[136.72953,36.69781],[136.72936,36.6978],[136.72924,36.69778],[136.72909,36.69772],[136.72896,36.69764],[136.72841,36.6972],[136.7282,36.69706]]}},{"type":"Feature","properties":{"census":"17602120030","color":60,"Linenum":2,"12H_trf":1352,"24H_trf":1879,"konz":0.21,"speed_ME":31.6,"speed_DT":30.1},"geometry":{"type":"LineString","coordinates":[[136.76432,36.6454],[136.76302,36.64637],[136.76293,36.64647],[136.76287,36.64659],[136.76279,36.64686],[136.76273,36.64705],[136.76267,36.64718],[136.76259,36.64727],[136.76232,36.64747],[136.76027,36.64878],[136.76012,36.64891],[136.76003,36.64907],[136.75998,36.64925],[136.75983,36.64966],[136.75963,36.65021],[136.75944,36.65084],[136.75934,36.65119],[136.75931,36.65144],[136.75924,36.65193],[136.75919,36.6521],[136.75915,36.65224],[136.75896,36.65314],[136.75896,36.65327],[136.75896,36.65358],[136.75898,36.65379],[136.75901,36.65394],[136.75907,36.65445],[136.75911,36.65463],[136.75911,36.65478],[136.75908,36.65491],[136.75875,36.65568],[136.75863,36.65587],[136.75835,36.65628],[136.75826,36.65641],[136.75814,36.65651],[136.758,36.65658],[136.75789,36.65661],[136.75781,36.65662]]}},{"type":"Feature","properties":{"census":"17602150040","color":60,"Linenum":2,"12H_trf":15909,"24H_trf":20841,"konz":1.55,"speed_ME":32.2,"speed_DT":34.4},"geometry":{"type":"LineString","coordinates":[[136.72149,36.64589],[136.72219,36.64678],[136.72277,36.64757],[136.7233,36.64829],[136.72362,36.6487],[136.72442,36.6498],[136.72475,36.65026],[136.725,36.65058],[136.72527,36.6509],[136.72555,36.65117],[136.72588,36.65147],[136.72631,36.65182],[136.7268,36.65222],[136.72719,36.65252]]}},{"type":"Feature","properties":{"census":"17602150050","color":60,"Linenum":2,"12H_trf":15607,"24H_trf":20445,"konz":1.46,"speed_ME":35.9,"speed_DT":45.1},"geometry":{"type":"LineString","coordinates":[[136.72719,36.65252],[136.72793,36.65306],[136.72828,36.65333],[136.72854,36.65351],[136.72872,36.65369],[136.72887,36.65387],[136.72913,36.65416],[136.72925,36.65436],[136.72942,36.65461],[136.73192,36.65837],[136.73353,36.66081],[136.73374,36.66108],[136.73398,36.66134],[136.73421,36.66153],[136.73444,36.66172],[136.7347,36.66189],[136.73577,36.66257],[136.73635,36.66292],[136.73687,36.66323],[136.73749,36.66355],[136.739,36.66426],[136.73949,36.66448],[136.74042,36.66493],[136.74087,36.66513],[136.7412,36.66527],[136.7416,36.66543],[136.74196,36.66554],[136.74232,36.66561],[136.74367,36.66588],[136.74537,36.66621]]}},{"type":"Feature","properties":{"census":"17602150060","color":60,"Linenum":2,"12H_trf":15607,"24H_trf":20445,"konz":1.51,"speed_ME":46.9,"speed_DT":45.2},"geometry":{"type":"LineString","coordinates":[[136.75781,36.66346],[136.75791,36.66343],[136.75806,36.66335],[136.7584,36.66315],[136.7589,36.66286],[136.7593,36.66262],[136.75966,36.66246],[136.76006,36.66234],[136.76017,36.66232],[136.76031,36.66231],[136.76044,36.6623],[136.76076,36.6623],[136.76099,36.66231],[136.76183,36.66237],[136.76285,36.66247],[136.76371,36.66258],[136.76421,36.66267],[136.76467,36.66276],[136.76519,36.66289],[136.76598,36.66314],[136.76667,36.66334],[136.76819,36.66386],[136.77111,36.66466],[136.77385,36.66545],[136.7752,36.66581],[136.77567,36.66596],[136.77672,36.66635],[136.77704,36.66649],[136.7772,36.66656],[136.77736,36.66666],[136.77758,36.66678],[136.77779,36.66693],[136.77974,36.66837],[136.77981,36.66842]]}},{"type":"Feature","properties":{"census":"17602160010","color":60,"Linenum":2,"12H_trf":169,"24H_trf":223,"konz":0.04,"speed_ME":11.6,"speed_DT":14.4},"geometry":{"type":"LineString","coordinates":[[136.72857,36.6584],[136.72794,36.65894],[136.72771,36.65911],[136.72754,36.65921],[136.72729,36.65937],[136.7271,36.65944],[136.72686,36.65952],[136.72657,36.65961],[136.72628,36.65965],[136.72596,36.65969],[136.72413,36.65984]]}},{"type":"Feature","properties":{"census":"17602160020","color":60,"Linenum":2,"12H_trf":169,"24H_trf":223,"konz":0.03,"speed_ME":8.5,"speed_DT":10.8},"geometry":{"type":"LineString","coordinates":[[136.72945,36.65762],[136.72857,36.6584]]}},{"type":"Feature","properties":{"census":"17602100006","color":60,"Linenum":2,"12H_trf":4048,"24H_trf":5627,"konz":0.64,"speed_ME":49.4,"speed_DT":49.4},"geometry":{"type":"LineString","coordinates":[[136.71838,36.56104],[136.71816,36.56117],[136.71768,36.5614],[136.7175,36.56149],[136.71741,36.56152],[136.71675,36.56178],[136.71646,36.56193],[136.71626,36.56205],[136.7161,36.56219],[136.71596,36.56238],[136.7159,36.56246],[136.71584,36.56259],[136.71584,36.5626]]}},{"type":"Feature","properties":{"census":"17602110010","color":60,"Linenum":2,"12H_trf":1608,"24H_trf":2283,"konz":0.25,"speed_ME":39.8,"speed_DT":41.4},"geometry":{"type":"LineString","coordinates":[[136.76291,36.55847],[136.76282,36.55856],[136.7627,36.55862],[136.76262,36.55876],[136.76252,36.55898],[136.76243,36.55916],[136.76241,36.55928],[136.76241,36.55941],[136.76244,36.55948],[136.7625,36.55955],[136.76261,36.55968],[136.76264,36.55974],[136.76267,36.55988],[136.76269,36.56004],[136.76273,36.56024],[136.76279,36.56045],[136.76282,36.56068],[136.76284,36.56173],[136.76293,36.56225],[136.763,36.5626]]}},{"type":"Feature","properties":{"census":"17602100003","color":60,"Linenum":2,"12H_trf":4048,"24H_trf":5627,"konz":0.64,"speed_ME":45.6,"speed_DT":44.1},"geometry":{"type":"LineString","coordinates":[[136.72992,36.54827],[136.72964,36.54856],[136.72964,36.54864],[136.72966,36.54871],[136.72974,36.54882],[136.72983,36.5489],[136.73007,36.54903],[136.73042,36.54922],[136.73064,36.54939],[136.73079,36.54954],[136.7309,36.54968],[136.73102,36.55],[136.73109,36.5503],[136.73123,36.55148],[136.73123,36.55174],[136.73123,36.55193],[136.73111,36.55224],[136.73108,36.55232],[136.73097,36.55249],[136.7309,36.55266],[136.73085,36.55275],[136.73077,36.55304],[136.73077,36.55329],[136.73079,36.55343],[136.73084,36.55351],[136.7309,36.5536],[136.7311,36.55383],[136.73113,36.55388],[136.73119,36.55397],[136.73122,36.55404],[136.73122,36.55409],[136.73122,36.55416],[136.73119,36.55423],[136.73116,36.55428],[136.73098,36.55445],[136.73092,36.55455],[136.7309,36.55464],[136.7309,36.55471],[136.73093,36.55478],[136.73099,36.55493],[136.73113,36.55521],[136.73122,36.55539],[136.73122,36.55546],[136.73124,36.55553],[136.73122,36.55561],[136.73122,36.55567],[136.73119,36.55574],[136.73116,36.5558],[136.73113,36.55584],[136.73107,36.5559],[136.73101,36.55596],[136.73083,36.5561],[136.73076,36.55617],[136.73069,36.55624],[136.73066,36.55631],[136.73063,36.55636],[136.7306,36.55644],[136.73057,36.55653],[136.73052,36.55676],[136.73049,36.55684],[136.73046,36.5569],[136.7304,36.55695],[136.73025,36.55711],[136.73015,36.55718],[136.73006,36.55724],[136.72997,36.55727],[136.72991,36.55729],[136.72985,36.55731],[136.72979,36.55732],[136.72949,36.55732],[136.72932,36.55732],[136.72922,36.55734],[136.72905,36.55738],[136.72891,36.55743],[136.72874,36.55748],[136.72862,36.55749],[136.72824,36.55754],[136.72795,36.55758],[136.72778,36.55759],[136.72766,36.55762],[136.72754,36.55765],[136.7273,36.55774],[136.72694,36.55787],[136.72659,36.55802],[136.72649,36.55808],[136.72641,36.55814],[136.72635,36.5582],[136.72626,36.55829],[136.72614,36.55847],[136.72607,36.55857],[136.72597,36.55868],[136.72586,36.55875],[136.72585,36.55877],[136.72571,36.55885],[136.72556,36.55892],[136.72539,36.55897],[136.72525,36.559],[136.72511,36.55902],[136.72496,36.55903],[136.72478,36.55903],[136.72383,36.55898],[136.72362,36.55898],[136.72343,36.55899],[136.72336,36.559],[136.72325,36.55902],[136.72253,36.55919],[136.7222,36.55927],[136.72202,36.55931],[136.72185,36.55935],[136.72166,36.55942],[136.72134,36.55955],[136.72073,36.55983],[136.71881,36.56078],[136.71838,36.56104]]}},{"type":"Feature","properties":{"census":"17602150070","color":60,"Linenum":2,"12H_trf":9911,"24H_trf":12983,"konz":1.25,"speed_ME":26.5,"speed_DT":27.2},"geometry":{"type":"MultiLineString","coordinates":[[[136.78431,36.67386],[136.78431,36.67316],[136.7843,36.67296],[136.78427,36.67283],[136.78421,36.67266]],[[136.78437,36.67096],[136.78431,36.67129],[136.78425,36.67164],[136.78419,36.67186],[136.78418,36.672],[136.78416,36.67213],[136.78414,36.67225],[136.78418,36.67236],[136.78421,36.6725],[136.78421,36.67266]],[[136.78421,36.67266],[136.7841,36.67249],[136.78404,36.67235],[136.78402,36.67221],[136.78402,36.67207],[136.78407,36.67183],[136.78413,36.6716],[136.78418,36.67148],[136.78422,36.67131],[136.78437,36.67096]],[[136.78462,36.67034],[136.78437,36.67096]]]}},{"type":"Feature","properties":{"census":"17602180010","color":60,"Linenum":2,"12H_trf":1462,"24H_trf":1959,"konz":0.23,"speed_ME":36.6,"speed_DT":36.6},"geometry":{"type":"LineString","coordinates":[[136.80176,36.68808],[136.80233,36.68792],[136.80282,36.68782],[136.80331,36.68782],[136.8038,36.68782],[136.80522,36.68789],[136.80529,36.68791],[136.80592,36.68796],[136.80686,36.6881],[136.80778,36.6883],[136.809,36.6885],[136.80983,36.68859],[136.81021,36.6887],[136.81051,36.68888],[136.81083,36.68912],[136.81098,36.68922],[136.81115,36.68932]]}},{"type":"Feature","properties":{"census":"17602180020","color":60,"Linenum":2,"12H_trf":1462,"24H_trf":1959,"konz":0.23,"speed_ME":48.7,"speed_DT":47.1},"geometry":{"type":"MultiLineString","coordinates":[[[136.76171,36.68158],[136.76186,36.6817],[136.76203,36.68177],[136.76218,36.68181],[136.76235,36.68181],[136.76252,36.68178],[136.76273,36.68172],[136.76363,36.68137],[136.76436,36.68111],[136.76464,36.68104],[136.76493,36.68098],[136.76519,36.68097],[136.76546,36.68097],[136.76583,36.68099],[136.76607,36.68105],[136.76636,36.68113],[136.76667,36.68125],[136.76693,36.6814],[136.76714,36.68152],[136.7674,36.68177],[136.76812,36.68255],[136.76844,36.68296],[136.76885,36.68339],[136.76906,36.6836],[136.76926,36.68379],[136.76961,36.68397],[136.76987,36.68409],[136.77033,36.68423],[136.77105,36.68441],[136.77198,36.68458],[136.77259,36.68466],[136.77289,36.68469],[136.77306,36.68472],[136.77317,36.68476],[136.77326,36.6848],[136.77335,36.68488],[136.7735,36.685],[136.77376,36.68532],[136.77387,36.68546],[136.77399,36.68553],[136.77413,36.68557],[136.7743,36.6856],[136.77437,36.68563],[136.7744,36.68568],[136.77447,36.68588],[136.77448,36.68602],[136.77443,36.68616],[136.77427,36.68638],[136.77421,36.68654],[136.77419,36.68667],[136.77421,36.68698],[136.77427,36.68729],[136.77431,36.68747],[136.7744,36.68759],[136.77454,36.68768],[136.77492,36.68787],[136.77529,36.68814],[136.77541,36.68818],[136.77569,36.68825]],[[136.7613,36.68126],[136.76139,36.68134],[136.7616,36.68151],[136.76171,36.68158]]]}},{"type":"Feature","properties":{"census":"17602190010","color":60,"Linenum":2,"12H_trf":1102,"24H_trf":1256,"konz":0.16,"speed_ME":39.9,"speed_DT":42.1},"geometry":{"type":"LineString","coordinates":[[136.77569,36.68825],[136.77535,36.68854],[136.77529,36.68866],[136.77517,36.68898],[136.77511,36.68908],[136.77472,36.68941],[136.77378,36.6901],[136.77306,36.69067],[136.7723,36.69143],[136.77213,36.69162],[136.77187,36.69198],[136.77147,36.69261],[136.77138,36.69273],[136.77132,36.69292],[136.77137,36.69318],[136.77172,36.69389],[136.7723,36.69485],[136.7737,36.6971],[136.77393,36.69777],[136.77414,36.69836],[136.77453,36.69942],[136.77474,36.69984],[136.77486,36.69997],[136.77512,36.70012],[136.77552,36.70013],[136.77642,36.70001],[136.77685,36.69999],[136.77715,36.70002],[136.77746,36.70007],[136.77967,36.70055],[136.78018,36.70066],[136.78065,36.70082],[136.78105,36.70102],[136.78141,36.70124],[136.78175,36.70153],[136.78199,36.70179],[136.78221,36.70207],[136.78234,36.70229],[136.78245,36.70258],[136.78256,36.70286],[136.78273,36.7033],[136.78287,36.70366]]}},{"type":"Feature","properties":{"census":"17602190020","color":60,"Linenum":2,"12H_trf":1102,"24H_trf":1256,"konz":0.16,"speed_ME":39.9,"speed_DT":42.1},"geometry":{"type":"LineString","coordinates":[[136.78434,36.67423],[136.78433,36.67464],[136.78431,36.67478],[136.78428,36.67496],[136.78419,36.67514],[136.7841,36.6753],[136.78384,36.67561],[136.7837,36.67573],[136.78352,36.67586],[136.78338,36.67594],[136.78323,36.67599],[136.78303,36.67604],[136.78252,36.67612],[136.78231,36.67617],[136.78213,36.67624],[136.78147,36.67656],[136.78124,36.67667],[136.78106,36.67677],[136.78077,36.67702],[136.78066,36.67712],[136.77999,36.67786],[136.77973,36.67815],[136.77935,36.6786],[136.77791,36.68014],[136.77773,36.68032],[136.77764,36.68044],[136.77756,36.68057],[136.77733,36.68109],[136.77726,36.68126],[136.7772,36.68138],[136.77685,36.68206],[136.77668,36.68246],[136.77662,36.68266],[136.7766,36.68283],[136.77656,36.68301],[136.77657,36.68313],[136.7766,36.68334],[136.77666,36.68352],[136.77674,36.68374],[136.77685,36.68399],[136.77724,36.68463],[136.7773,36.68481],[136.77752,36.68592],[136.77756,36.68616],[136.77755,36.68635],[136.77749,36.68651],[136.7772,36.68706],[136.77704,36.6873],[136.77695,36.68738],[136.77685,36.68746],[136.77663,36.68762],[136.77569,36.68825]]}},{"type":"Feature","properties":{"census":"17602860010","color":60,"Linenum":2,"12H_trf":154,"24H_trf":203,"konz":0.02,"speed_ME":37.1,"speed_DT":38.3},"geometry":{"type":"LineString","coordinates":[[136.80176,36.67155],[136.80207,36.67157],[136.80302,36.67158],[136.80468,36.67164],[136.80528,36.67168],[136.80586,36.67173],[136.80638,36.67182],[136.80688,36.67194],[136.80726,36.67205],[136.80763,36.67215],[136.80818,36.67232],[136.80862,36.67249],[136.80894,36.67261],[136.80911,36.67268],[136.80928,36.67279],[136.80947,36.67293],[136.80964,36.67305],[136.80978,36.67312],[136.80996,36.67319],[136.81008,36.67317],[136.81019,36.67317],[136.81047,36.67326],[136.81062,36.67327],[136.81077,36.67325],[136.81092,36.67322],[136.81109,36.67314],[136.8112,36.67306],[136.81129,36.67298],[136.8114,36.67286],[136.8115,36.67267],[136.8116,36.67245],[136.81164,36.67231],[136.81172,36.6722],[136.81182,36.67209],[136.81218,36.67179],[136.81272,36.67126],[136.81282,36.67118],[136.81294,36.67115],[136.81304,36.67117],[136.81314,36.67123],[136.81315,36.67128],[136.81314,36.67137],[136.81298,36.6716],[136.81292,36.67175],[136.81288,36.67189],[136.81266,36.67285],[136.81266,36.67301],[136.81272,36.67316],[136.81283,36.6733],[136.81297,36.67341],[136.81321,36.6735],[136.81382,36.67376],[136.81402,36.67383],[136.81428,36.67388],[136.81445,36.67393],[136.81456,36.67391],[136.81463,36.67389],[136.81468,36.67383],[136.81469,36.67377],[136.81468,36.6737],[136.81443,36.67353],[136.81398,36.67319],[136.81364,36.67293],[136.81359,36.67285],[136.81358,36.67277],[136.81361,36.67268],[136.81364,36.67262],[136.81388,36.67241],[136.81413,36.67224],[136.81425,36.67213],[136.81437,36.67208],[136.81465,36.67198],[136.81529,36.67181],[136.81584,36.67167],[136.81651,36.67154],[136.81672,36.6715],[136.8177,36.67143],[136.81784,36.67143],[136.81797,36.67144],[136.81854,36.67154],[136.81871,36.67159],[136.81887,36.67167],[136.81906,36.67177],[136.81919,36.67184],[136.81938,36.67187],[136.81959,36.6719],[136.82005,36.67193],[136.82032,36.67195],[136.82055,36.67196],[136.82072,36.67196],[136.8209,36.67195],[136.82112,36.67188],[136.82145,36.6717],[136.82164,36.67164],[136.82182,36.6716],[136.82205,36.67161],[136.82226,36.67163],[136.82313,36.67194],[136.82331,36.67203]]}},{"type":"Feature","properties":{"census":"16602140010","color":60,"Linenum":1,"12H_trf":10,"24H_trf":13,"konz":0.03,"speed_ME":20.6,"speed_DT":20.6},"geometry":{"type":"LineString","coordinates":[[136.8303,36.63228],[136.83024,36.63239],[136.83,36.63268],[136.82981,36.63289],[136.82961,36.63316]]}},{"type":"Feature","properties":{"census":"17602120010","color":60,"Linenum":2,"12H_trf":1352,"24H_trf":1879,"konz":0.17,"speed_ME":41.3,"speed_DT":40.2},"geometry":{"type":"LineString","coordinates":[[136.78066,36.61965],[136.78049,36.61991],[136.78042,36.61999],[136.78029,36.62007],[136.77996,36.62018],[136.77956,36.62038],[136.77935,36.62051],[136.77924,36.62058],[136.77918,36.62068],[136.77915,36.62078],[136.77918,36.62087],[136.77924,36.62102],[136.77947,36.62127],[136.77965,36.62146],[136.77976,36.62153],[136.77994,36.62162],[136.7806,36.62188],[136.7808,36.62199],[136.78089,36.62208],[136.78092,36.62218],[136.78092,36.62227],[136.78087,36.6224],[136.78065,36.62263],[136.78054,36.62282],[136.78051,36.62294],[136.78054,36.6235],[136.78052,36.62362],[136.78045,36.62373],[136.78037,36.62384],[136.78013,36.624],[136.77987,36.62415],[136.77964,36.62426],[136.77941,36.62433],[136.77923,36.62443],[136.77913,36.62451],[136.77901,36.62466],[136.77889,36.62478],[136.77881,36.62492],[136.77877,36.62506],[136.77875,36.62544],[136.77874,36.62561],[136.77862,36.62587],[136.77851,36.626],[136.77837,36.62612],[136.77814,36.62633],[136.77791,36.62655],[136.77778,36.62673],[136.77753,36.62708],[136.77733,36.6273],[136.77721,36.6274],[136.77709,36.62744],[136.77625,36.62764],[136.77602,36.62771],[136.77562,36.62787],[136.77543,36.62791],[136.77508,36.62797],[136.77454,36.62802],[136.77447,36.62807],[136.77437,36.62816],[136.77431,36.62825],[136.7743,36.62844],[136.77427,36.62877],[136.77422,36.62887],[136.77416,36.62895],[136.77404,36.62902],[136.77379,36.62909],[136.7737,36.62918],[136.77367,36.62932],[136.77373,36.62977],[136.77373,36.62988],[136.77367,36.62999],[136.77357,36.63014],[136.77355,36.63024],[136.77358,36.63032],[136.77366,36.63039],[136.77375,36.63044],[136.77428,36.63054],[136.77442,36.63059],[136.7745,36.63064],[136.77453,36.63073],[136.77447,36.63079],[136.77436,36.63081],[136.77422,36.63081],[136.77366,36.63072],[136.7735,36.63071],[136.77329,36.63073],[136.77289,36.63083],[136.77248,36.6309],[136.77224,36.63094],[136.77155,36.63102],[136.77135,36.63106],[136.77118,36.63116],[136.77108,36.63126],[136.77105,36.63136],[136.771,36.63152],[136.771,36.63176],[136.77106,36.63228],[136.77108,36.63257],[136.77105,36.63271],[136.77099,36.63281],[136.77086,36.63288],[136.77065,36.63297],[136.77057,36.63303],[136.7705,36.63314],[136.7705,36.63316]]}},{"type":"Feature","properties":{"census":"17602120020","color":60,"Linenum":2,"12H_trf":1352,"24H_trf":1879,"konz":0.21,"speed_ME":44.4,"speed_DT":46.1},"geometry":{"type":"LineString","coordinates":[[136.77038,36.63378],[136.77028,36.6339],[136.77022,36.63399],[136.77021,36.63412],[136.77024,36.63426],[136.77028,36.63438],[136.77031,36.63447],[136.77028,36.63476],[136.77021,36.6353],[136.77018,36.63539],[136.77013,36.63548],[136.77007,36.63556],[136.76999,36.63564],[136.76986,36.63575],[136.76964,36.63592],[136.76955,36.63605],[136.76946,36.63618],[136.76899,36.63708],[136.76894,36.63716],[136.76888,36.63722],[136.76867,36.63747],[136.76862,36.63756],[136.76858,36.63766],[136.76858,36.63781],[136.76858,36.63796],[136.76858,36.63812],[136.76864,36.6383],[136.76871,36.63848],[136.76876,36.6386],[136.76876,36.63872],[136.76874,36.63883],[136.7687,36.63893],[136.76839,36.63919],[136.76821,36.63947],[136.76815,36.63955],[136.76797,36.6397],[136.76766,36.63988],[136.76757,36.63999],[136.76752,36.64014],[136.76754,36.64029],[136.7676,36.64045],[136.76766,36.64065],[136.76766,36.64078],[136.76764,36.64089],[136.7676,36.64102],[136.76752,36.64118],[136.76749,36.64131],[136.76752,36.64146],[136.76752,36.64161],[136.76749,36.64174],[136.76706,36.64232],[136.76696,36.64247],[136.76691,36.64258],[136.76693,36.64272],[136.76691,36.64332],[136.76693,36.64343],[136.7669,36.64353],[136.76682,36.64362],[136.76671,36.64367],[136.76574,36.64407],[136.76558,36.64416],[136.76551,36.64424],[136.7654,36.64437],[136.76513,36.64477],[136.76497,36.64491],[136.76484,36.64503],[136.76432,36.6454]]}},{"type":"Feature","properties":{"census":"17602140010","color":60,"Linenum":2,"12H_trf":444,"24H_trf":586,"konz":0.07,"speed_ME":45.9,"speed_DT":36.3},"geometry":{"type":"LineString","coordinates":[[136.79977,36.64244],[136.79939,36.64247],[136.79917,36.64242],[136.79866,36.64231],[136.7985,36.64227],[136.79841,36.64223],[136.79834,36.6422],[136.79826,36.64215],[136.798,36.64194],[136.79791,36.64189],[136.7978,36.64187],[136.79769,36.64187],[136.7976,36.64189],[136.79754,36.64196],[136.79751,36.64208],[136.79737,36.64258],[136.79733,36.64265],[136.79727,36.64269],[136.79718,36.64271],[136.79698,36.64271],[136.79686,36.64274],[136.7966,36.64288],[136.79655,36.64296],[136.79646,36.6432],[136.7964,36.64331],[136.79634,36.64342],[136.79632,36.64353],[136.79628,36.64385],[136.79624,36.64393],[136.79618,36.64401],[136.79612,36.64408],[136.79563,36.64438],[136.79554,36.64452],[136.79551,36.64468],[136.79545,36.6448],[136.79528,36.64499],[136.79519,36.64517],[136.79516,36.64533],[136.79515,36.64589],[136.79512,36.64604],[136.79504,36.64612],[136.79489,36.64619],[136.79444,36.6463],[136.79409,36.64633],[136.79385,36.64634],[136.79338,36.6463],[136.79293,36.6462],[136.79267,36.64609],[136.79254,36.64599],[136.79212,36.64543],[136.79199,36.64528],[136.79143,36.64505],[136.79125,36.64494],[136.79113,36.64479],[136.79105,36.64462],[136.79098,36.64416],[136.79091,36.64406],[136.79078,36.64396],[136.78988,36.64366],[136.78942,36.64363],[136.78879,36.64369],[136.78858,36.64367],[136.78782,36.64336],[136.7871,36.64309],[136.78641,36.64288],[136.78603,36.64271],[136.7858,36.64259],[136.78562,36.64244],[136.78527,36.64207],[136.78507,36.6419],[136.78435,36.64143],[136.78422,36.64138],[136.78409,36.64138],[136.78361,36.64148],[136.78295,36.64162],[136.78203,36.64182],[136.78168,36.64193],[136.78147,36.64204],[136.78127,36.64219],[136.78104,36.64246],[136.78083,36.64265],[136.78066,36.64273],[136.78043,36.64283],[136.78017,36.64292],[136.77996,36.64303],[136.77984,36.64315],[136.77979,36.64328],[136.77976,36.64343],[136.77974,36.64382],[136.77974,36.64398],[136.77971,36.64413],[136.77965,36.64428],[136.77955,36.64443],[136.77941,36.64453],[136.77877,36.64497],[136.77865,36.64507],[136.7786,36.6452],[136.77857,36.64536],[136.77846,36.64576],[136.7783,36.64593],[136.77819,36.64599],[136.77805,36.64603],[136.77787,36.64607],[136.77756,36.64609],[136.77726,36.64607],[136.77645,36.64604],[136.77585,36.64602],[136.77547,36.646],[136.77523,36.64602],[136.77468,36.64614],[136.77445,36.64617],[136.77416,36.64619],[136.77276,36.64615],[136.77247,36.64615],[136.77222,36.64611],[136.77202,36.64603],[136.77183,36.64595],[136.77117,36.64561],[136.77076,36.64541],[136.77022,36.64516],[136.76961,36.64487],[136.76916,36.6447],[136.76871,36.64455],[136.76853,36.64451],[136.76839,36.64448],[136.7683,36.64447],[136.76812,36.64448],[136.768,36.6445],[136.76783,36.64455],[136.76705,36.64491],[136.76623,36.64527],[136.76558,36.64552],[136.7654,36.64557],[136.76526,36.64559],[136.76513,36.6456],[136.76504,36.64562],[136.76491,36.64559],[136.76475,36.64555],[136.76452,36.64548],[136.76432,36.6454]]}},{"type":"Feature","properties":{"census":"16602740010","color":60,"Linenum":2,"12H_trf":422,"24H_trf":557,"konz":0.16,"speed_ME":38.0,"speed_DT":38.0},"geometry":{"type":"MultiLineString","coordinates":[[[136.80608,36.60777],[136.8061,36.60787],[136.80612,36.60833],[136.80609,36.60844],[136.80596,36.60863],[136.80589,36.60868],[136.80578,36.60871],[136.80566,36.60872],[136.80526,36.60872],[136.80514,36.60875],[136.805,36.60882],[136.80491,36.60889],[136.80485,36.60899],[136.8049,36.60943],[136.80494,36.60955],[136.80506,36.60967],[136.80528,36.60977],[136.8056,36.60988],[136.80584,36.60999],[136.80612,36.61018],[136.80682,36.61062],[136.80694,36.61072],[136.80702,36.61083],[136.80709,36.61107],[136.80712,36.61129],[136.80711,36.61167],[136.80715,36.61188],[136.8072,36.61197],[136.80729,36.61203],[136.80748,36.61215],[136.80777,36.61226],[136.80812,36.61236],[136.80835,36.61247],[136.80857,36.61257],[136.80874,36.61268],[136.80892,36.61283],[136.80928,36.61312],[136.80952,36.61332],[136.80963,36.61345],[136.80983,36.61382],[136.80993,36.61402],[136.81004,36.61413],[136.81019,36.61424],[136.81034,36.61434],[136.81106,36.61467],[136.81205,36.61513],[136.81224,36.61522],[136.8124,36.61537],[136.81271,36.61564],[136.81297,36.61585],[136.81321,36.61602],[136.81343,36.61614],[136.81353,36.61621]],[[136.80606,36.60763],[136.80608,36.60777]],[[136.80176,36.60066],[136.80213,36.60078],[136.80232,36.60084],[136.80244,36.60094],[136.80259,36.60116],[136.80273,36.60136],[136.80323,36.6024],[136.80342,36.60272],[136.80352,36.60281],[136.80369,36.60288],[136.80395,36.60298],[136.80403,36.60307],[136.80412,36.60321],[136.80423,36.60333],[136.80433,36.60341],[136.80458,36.60348],[136.80484,36.60351],[136.80496,36.60353],[136.80502,36.6036],[136.80506,36.60372],[136.80505,36.60403],[136.80503,36.60421],[136.80506,36.60433],[136.80516,36.60455],[136.80514,36.60482],[136.80516,36.60494],[136.80522,36.60505],[136.8054,36.60524],[136.80561,36.60538],[136.80592,36.60554],[136.80618,36.60568],[136.80633,36.60574],[136.80638,36.60579],[136.80633,36.60588],[136.80618,36.60607],[136.80609,36.60625],[136.80601,36.60656],[136.80595,36.60666],[136.80592,36.60675],[136.80592,36.60691],[136.80601,36.60728],[136.80601,36.6074],[136.80604,36.60752],[136.80606,36.60763]]]}},{"type":"Feature","properties":{"census":"17400270080","color":60,"Linenum":2,"12H_trf":1608,"24H_trf":2283,"konz":0.4,"speed_ME":23.9,"speed_DT":22.3},"geometry":{"type":"LineString","coordinates":[[136.76291,36.55847],[136.76284,36.55842],[136.76259,36.55826],[136.76246,36.55818],[136.76235,36.55817],[136.7622,36.55824],[136.76203,36.55828],[136.76192,36.5583],[136.76179,36.5583],[136.76171,36.55828],[136.76171,36.55822],[136.76169,36.55803],[136.76169,36.5579],[136.76165,36.55775],[136.76159,36.55761],[136.76151,36.55745],[136.76136,36.55731],[136.76116,36.5572],[136.76107,36.55715],[136.76104,36.55713],[136.76095,36.55707],[136.7609,36.55701],[136.76088,36.55693],[136.76085,36.55666],[136.76084,36.55624],[136.76084,36.55553],[136.76087,36.55545],[136.76092,36.55538],[136.76104,36.5553]]}},{"type":"Feature","properties":{"census":"16602860010","color":60,"Linenum":2,"12H_trf":26,"24H_trf":34,"konz":0.0,"speed_ME":35.4,"speed_DT":35.4},"geometry":{"type":"MultiLineString","coordinates":[[[136.8249,36.67635],[136.8249,36.67639],[136.82496,36.67652],[136.82507,36.67661],[136.82521,36.67668],[136.8256,36.67682],[136.82579,36.67689],[136.8263,36.67714],[136.8265,36.67725],[136.8267,36.67732],[136.82692,36.67736],[136.8271,36.67736],[136.82731,36.67733],[136.8278,36.67725],[136.828,36.67721],[136.82817,36.67715],[136.82835,36.67708],[136.8287,36.67692],[136.82893,36.67682],[136.82939,36.6766],[136.82981,36.67647],[136.83029,36.67635],[136.83049,36.67632],[136.83064,36.6763],[136.83081,36.6763],[136.83105,36.67635],[136.83116,36.67635],[136.83125,36.67635],[136.83132,36.67632],[136.8314,36.67624]],[[136.82331,36.67203],[136.8235,36.67213],[136.82374,36.67218],[136.82408,36.6723],[136.8244,36.67243],[136.82508,36.67282],[136.82557,36.67312],[136.82623,36.67359],[136.82678,36.67397],[136.82756,36.67442],[136.82786,36.67461],[136.82817,36.67486],[136.8285,36.67521],[136.82855,36.67532],[136.82856,36.67545],[136.82853,36.67562],[136.8285,36.67571],[136.82832,36.67585],[136.82814,36.67595],[136.82795,36.67604],[136.82769,36.6761],[136.82753,36.67614],[136.82731,36.67618],[136.82713,36.67618],[136.82688,36.67615],[136.82664,36.67607],[136.82623,36.67598],[136.82579,36.67592],[136.8256,36.67591],[136.82533,36.67588],[136.82513,36.67592],[136.82501,36.676],[136.82492,36.67609],[136.8249,36.67623],[136.8249,36.67635]]]}},{"type":"Feature","properties":{"census":"16603240010","color":60,"Linenum":2,"12H_trf":1438,"24H_trf":2056,"konz":0.22,"speed_ME":42.5,"speed_DT":42.5},"geometry":{"type":"LineString","coordinates":[[136.81115,36.68932],[136.81147,36.68943],[136.81211,36.68961],[136.81248,36.68969],[136.81283,36.68979],[136.81303,36.68983],[136.81323,36.68986],[136.81364,36.68988],[136.81376,36.68989],[136.81401,36.68996],[136.8142,36.69004],[136.81431,36.69012],[136.81442,36.69023],[136.81459,36.69043],[136.81486,36.69084],[136.81509,36.69107],[136.81523,36.69119],[136.81543,36.69129],[136.81584,36.69149],[136.8162,36.69163],[136.81645,36.69168],[136.81665,36.69169],[136.81678,36.69167],[136.81703,36.69162],[136.81747,36.69146],[136.8177,36.69144],[136.81788,36.69144],[136.81805,36.69146],[136.81828,36.69153],[136.81854,36.69161],[136.81886,36.69173],[136.81901,36.69182],[136.81915,36.69193],[136.81924,36.69206],[136.81935,36.69222],[136.81959,36.6926],[136.81971,36.69272],[136.8198,36.69281],[136.81991,36.69288],[136.82011,36.69297],[136.82032,36.69303],[136.82069,36.6931],[136.82109,36.69317],[136.82128,36.69318],[136.82164,36.69311],[136.82185,36.69311],[136.82197,36.69312],[136.82206,36.69314],[136.82234,36.69326],[136.82249,36.69329],[136.82263,36.69328],[136.82333,36.69313],[136.82342,36.69308],[136.82347,36.69302],[136.8235,36.69295],[136.82347,36.69285],[136.82325,36.69252],[136.82316,36.69237],[136.82312,36.6923],[136.82316,36.69222],[136.82324,36.69217],[136.82333,36.69214]]}},{"type":"Feature","properties":{"census":"16603240030","color":60,"Linenum":2,"12H_trf":1438,"24H_trf":2056,"konz":0.2,"speed_ME":32.9,"speed_DT":32.9},"geometry":{"type":"LineString","coordinates":[[136.8457,36.69467],[136.84564,36.69464],[136.84553,36.69466],[136.84544,36.69474],[136.84539,36.69486],[136.84542,36.69529],[136.84539,36.6954],[136.84535,36.69549],[136.84529,36.69557],[136.84518,36.69566],[136.84498,36.69576],[136.84486,36.6958],[136.84472,36.69581],[136.84455,36.69577],[136.8444,36.69572],[136.84419,36.69562],[136.84407,36.69552],[136.84376,36.69536],[136.84338,36.69517],[136.84318,36.69512],[136.84291,36.69506],[136.84275,36.69505],[136.8426,36.69505],[136.84248,36.69511],[136.84239,36.6952],[136.84227,36.69532],[136.84211,36.69542],[136.84178,36.69556],[136.84162,36.69561],[136.84153,36.69561],[136.84144,36.69556],[136.84127,36.69557],[136.841,36.69566],[136.84053,36.69588],[136.84043,36.69595],[136.84034,36.69606],[136.8403,36.69613],[136.84007,36.6963],[136.83981,36.69653],[136.83961,36.69676],[136.8396,36.69683],[136.83964,36.69695],[136.83961,36.69712],[136.83956,36.6972],[136.83947,36.69724],[136.83927,36.69726],[136.83921,36.6973],[136.83911,36.69739],[136.83902,36.69741],[136.83882,36.69742],[136.83873,36.69743],[136.83857,36.69746],[136.83842,36.6975],[136.83824,36.69751],[136.83802,36.69753],[136.83793,36.69755],[136.83783,36.69758],[136.83749,36.69765],[136.83738,36.69768],[136.83729,36.6977],[136.83717,36.69777],[136.83708,36.69786],[136.83699,36.69791],[136.83689,36.69797],[136.83674,36.69801],[136.83662,36.69808],[136.83653,36.69819],[136.83647,36.69833],[136.83636,36.69859],[136.83625,36.69878],[136.83616,36.69883],[136.83581,36.69897],[136.83567,36.69902],[136.83554,36.69913],[136.83544,36.69925],[136.83532,36.69954],[136.83526,36.69966],[136.83515,36.69973],[136.83497,36.69981],[136.83467,36.69991],[136.83453,36.69993],[136.83439,36.69992],[136.83435,36.69987],[136.83418,36.69985],[136.83401,36.69979],[136.8339,36.69974],[136.83378,36.69973],[136.83369,36.69973],[136.8336,36.69976],[136.83352,36.69982],[136.83337,36.7],[136.83311,36.7001],[136.83293,36.70015],[136.83284,36.70031],[136.83271,36.70042],[136.83264,36.70048],[136.83236,36.70066],[136.83198,36.70088],[136.83178,36.70097],[136.83165,36.70099],[136.83125,36.70104],[136.83052,36.7011],[136.82997,36.70107],[136.82928,36.70106],[136.82878,36.70111],[136.82745,36.7013],[136.82704,36.70135],[136.82692,36.70136],[136.82676,36.70134],[136.82664,36.7013],[136.82653,36.70124],[136.8264,36.70116],[136.826,36.70076],[136.82524,36.70015],[136.82478,36.69987],[136.82467,36.69976],[136.82461,36.69965],[136.82458,36.69947],[136.82455,36.69926],[136.82453,36.69915],[136.82446,36.69907],[136.82437,36.69902],[136.82428,36.69899],[136.82417,36.69897],[136.82406,36.69899],[136.82357,36.69923],[136.82347,36.69926],[136.82333,36.69926],[136.82322,36.69921],[136.8231,36.69913],[136.82304,36.69902],[136.82293,36.69859],[136.8229,36.69827],[136.82292,36.69815],[136.82301,36.69804],[136.82319,36.69786],[136.82353,36.69765],[136.82359,36.69759],[136.82363,36.6975]]}},{"type":"Feature","properties":{"census":"16602740030","color":60,"Linenum":2,"12H_trf":1361,"24H_trf":1892,"konz":0.28,"speed_ME":41.1,"speed_DT":41.1},"geometry":{"type":"LineString","coordinates":[[136.83471,36.63269],[136.83477,36.63316]]}},{"type":"Feature","properties":{"census":"16602740020","color":60,"Linenum":2,"12H_trf":422,"24H_trf":557,"konz":0.11,"speed_ME":26.5,"speed_DT":26.5},"geometry":{"type":"LineString","coordinates":[[136.81353,36.61621],[136.81413,36.6165],[136.81469,36.61681],[136.81521,36.61704],[136.81549,36.61715],[136.81575,36.61722],[136.8171,36.61745],[136.81806,36.61761],[136.81823,36.61764],[136.81834,36.61769],[136.81846,36.61779],[136.81877,36.61822],[136.81883,36.61831],[136.81889,36.61841],[136.81901,36.6185],[136.81912,36.61857],[136.81924,36.61866],[136.81961,36.61884],[136.81971,36.61888],[136.81987,36.61897],[136.82014,36.61912],[136.82029,36.61919],[136.82112,36.61954],[136.82127,36.61961],[136.82136,36.61969],[136.82154,36.6199],[136.82159,36.61994],[136.82177,36.62013],[136.82185,36.62024],[136.82225,36.62065],[136.82278,36.62124],[136.82298,36.62142],[136.8231,36.62154],[136.82328,36.62167],[136.82382,36.622],[136.82408,36.62215],[136.82432,36.62233],[136.82455,36.62253],[136.82511,36.62309],[136.82524,36.62327],[136.82536,36.62347],[136.82542,36.62357],[136.82554,36.62367],[136.82582,36.62391],[136.82609,36.62413],[136.82627,36.6243],[136.82663,36.62466],[136.82682,36.62483],[136.82717,36.62504],[136.82829,36.62578],[136.82926,36.62641],[136.83001,36.62688],[136.83036,36.62713],[136.83065,36.62729],[136.83107,36.62747],[136.83128,36.62761],[136.83146,36.62777],[136.83174,36.62808],[136.83192,36.62826],[136.83212,36.62838],[136.83244,36.62853],[136.8325,36.62856],[136.83282,36.62871],[136.83305,36.62881],[136.8332,36.62896],[136.83328,36.62907],[136.83332,36.62918],[136.83332,36.62934],[136.8332,36.62998],[136.8332,36.63017],[136.83322,36.63029],[136.83326,36.63041],[136.83335,36.63054],[136.83348,36.63067],[136.8336,36.63082],[136.83369,36.63097],[136.83375,36.63105],[136.8339,36.63136],[136.83398,36.63145],[136.83415,36.63167],[136.83436,36.63193],[136.83451,36.63222],[136.83464,36.63249],[136.83471,36.63269]]}},{"type":"Feature","properties":{"census":"16602850040","color":60,"Linenum":1,"12H_trf":1574,"24H_trf":2282,"konz":0.0,"speed_ME":28.7,"speed_DT":28.7},"geometry":{"type":"MultiLineString","coordinates":[[[136.8457,36.58562],[136.84565,36.58562],[136.8455,36.58552],[136.8454,36.58544]],[[136.8454,36.58544],[136.8451,36.58522],[136.8448,36.58498],[136.84462,36.58472],[136.84452,36.58456],[136.84452,36.58436],[136.84465,36.58429],[136.84471,36.5843],[136.84478,36.58456],[136.84483,36.5846],[136.84491,36.58458],[136.84501,36.58444],[136.84507,36.58439],[136.84516,36.58437],[136.84523,36.58446],[136.84529,36.5845],[136.84538,36.58444],[136.84552,36.58425],[136.84565,36.58418],[136.8457,36.58416]]]}},{"type":"Feature","properties":{"census":"16603550010","color":60,"Linenum":2,"12H_trf":1574,"24H_trf":2282,"konz":0.27,"speed_ME":40.5,"speed_DT":40.5},"geometry":{"type":"LineString","coordinates":[[136.8457,36.52331],[136.84556,36.52334],[136.84536,36.52339],[136.84512,36.52347],[136.84487,36.52361],[136.84458,36.5238],[136.84436,36.52393],[136.84414,36.52402],[136.84385,36.52408],[136.84362,36.5241],[136.84309,36.52411],[136.84285,36.52414],[136.84257,36.52419],[136.84233,36.52426],[136.84123,36.5247],[136.84103,36.52479],[136.8408,36.52502],[136.84069,36.52515],[136.84053,36.52535],[136.84005,36.52607],[136.84001,36.5262],[136.83998,36.52635],[136.83996,36.52653],[136.84013,36.52729],[136.84013,36.52729]]}}]}